subreddit,n_posts,n_unique_authors
funny,166776,71304
AskReddit,111359,49392
AdviceAnimals,99694,37912
pics,90154,39941
aww,54917,29910
gaming,53857,26564
POLITIC,53707,51
videos,45237,21957
trees,44093,17817
WTF,37306,18758
leagueoflegends,35166,15324
Music,31812,17442
Dota2Trade,30793,4854
politics,26232,8095
worldnews,25285,10899
technology,21644,11425
todayilearned,20658,10927
circlejerk,20326,6706
atheism,19409,9175
gonewild,18102,2007
buildapc,15436,7587
tf2trade,14872,2830
movies,13267,7078
news,12400,5099
Minecraft,12075,5637
fffffffuuuuuuuuuuuu,12018,5432
offbeat,10426,4688
SteamGameSwap,10232,2983
business,9335,6026
askscience,9215,5548
secretsanta,8790,6323
ModerationLog,8627,1
mildlyinteresting,8142,4625
gifs,7621,3247
mylittlepony,7567,2296
ImGoingToHellForThis,7192,3294
starcraft,7151,2712
fantasyfootball,7096,3174
cats,7029,3978
science,6943,3612
malefashionadvice,6867,3238
pokemon,6862,3376
nfl,6817,3084
techsupport,6671,4383
reactiongifs,6603,2601
IAmA,6567,3789
cringe,6431,2814
general,6175,1353
nsfw,6155,1466
bestof,5836,3703
Android,5769,3086
tipofmytongue,5758,4110
halo,5658,2566
listentothis,5559,2733
DotA2,5457,2636
RisingThreads,5380,1
guns,5143,2492
hiphopheads,5061,2159
Health,5060,2965
blackops2,5056,2201
nba,4914,2010
NoFap,4888,2044
Games,4847,2458
gentlemanboners,4704,1270
sex,4621,2634
soccer,4577,2078
skyrim,4530,2390
tf2,4518,2028
offmychest,4466,2282
conspiracy,4465,1150
MLPLounge,4461,857
relationships,4453,2007
r4r,4325,1367
Fitness,4290,2236
travel,4210,2505
Guildwars2,4188,2196
ladybonersgw,4188,663
RedditLaqueristas,4155,1607
wow,4148,2209
Planetside,4112,1843
explainlikeimfive,4046,2400
LadyBoners,3995,1831
itookapicture,3730,1664
doctorwho,3712,2166
firstworldproblems,3667,2200
GiftofGames,3635,1266
food,3608,2137
cars,3513,1875
dirtypenpals,3509,660
Metal,3482,1495
magicTCG,3434,1861
Christianity,3381,1522
comics,3208,1057
CFB,3103,1371
Libertarian,3081,1145
teenagers,3060,1134
Drugs,3024,1484
Art,3022,1609
facepalm,3017,1600
depression,3014,1508
photography,2995,1701
electronicmusic,2949,1474
battlefield3,2923,1378
relationship_advice,2878,1473
TwoXChromosomes,2873,1557
thewalkingdead,2859,1500
KerbalSpaceProgram,2809,1223
firstworldanarchists,2785,1700
woahdude,2776,1134
darksouls,2757,1279
MakeupAddiction,2743,1210
tattoos,2708,1511
f7u12_ham,2689,2
picrequests,2669,1617
anime,2626,1266
adventuretime,2618,1491
keto,2586,1274
Steam,2580,1513
MensRights,2574,877
4chan,2561,1123
dayz,2552,1275
runescape,2547,1051
memes,2538,1423
Diablo,2533,1290
SquaredCircle,2505,955
LifeProTips,2504,1575
electronic_cigarette,2497,978
redditgetsdrawn,2493,880
christmas,2486,1742
football,2480,195
BabyBumps,2477,731
Guitar,2476,1490
hockey,2447,1224
books,2446,1529
apple,2436,1339
motorcycles,2381,1330
AskWomen,2370,1117
sports,2328,1388
india,2311,677
CHART_BOT,2302,1502
gonewildcurvy,2276,169
comicbooks,2246,1038
self,2245,1122
britishproblems,2224,1147
Poetry,2220,914
tipofmypenis,2213,1181
RealGirls,2184,495
OkCupid,2183,904
GoneWildPlus,2160,190
Jokes,2150,1244
AskHistorians,2144,1311
canada,2144,1033
RandomActsOfPolish,2142,388
FoodPorn,2140,968
Conservative,2125,288
snowboarding,2032,1207
Civcraft,2031,577
casualiama,2026,980
MMA,2021,751
worldpolitics,1993,502
bicycling,1990,1169
penis,1973,423
nexus4,1949,980
dubstep,1943,934
DoesAnybodyElse,1925,973
loseit,1918,1166
education,1914,1092
nocontext,1913,1150
iphone,1907,1140
nsfw_videos,1904,80
Random_Acts_Of_Amazon,1895,561
StarWars,1882,1225
amiugly,1831,598
programming,1820,969
drunk,1814,1027
nosleep,1799,816
RandomActsOfChristmas,1773,490
writing,1768,971
yugioh,1762,588
batman,1755,1019
gamegrumps,1753,885
ass,1735,408
GifSound,1733,933
mindcrack,1730,679
gaybros,1728,804
seduction,1725,782
MLPLite,1723,1
space,1718,786
breakingbad,1712,978
webcomics,1705,470
video,1705,1281
unitedkingdom,1702,723
EarthPorn,1697,693
vinyl,1691,949
longboarding,1685,787
learnprogramming,1672,992
atheismbot,1667,4
environment,1665,684
windowsphone,1654,760
evolutionReddit,1649,58
promos,1602,10
startrek,1586,950
HITsWorthTurkingFor,1574,188
Boobies,1570,393
photoshopbattles,1562,783
MURICA,1558,837
DIY,1557,1126
GetMotivated,1550,921
entertainment,1548,800
lgbt,1547,755
australia,1528,719
dogs,1526,833
MineZ,1517,412
cigars,1512,682
KarmaConspiracy,1511,821
Dexter,1500,797
GameDeals,1498,575
harrypotter,1488,873
dating_advice,1475,693
SubredditDrama,1475,565
WeAreTheMusicMakers,1472,932
NSFW_GIF,1455,410
Homebrewing,1449,918
farcry,1447,805
shittyaskscience,1427,887
Cooking,1425,954
applehelp,1424,938
Seahawks,1411,522
wallpapers,1411,755
gameofthrones,1404,840
AndroidQuestions,1401,934
wiiu,1382,745
sharedota2,1375,930
dogpictures,1369,879
mcservers,1366,738
AnarchistNews,1361,62
SuicideWatch,1359,712
ShitRedditSays,1358,431
AskMen,1357,669
zelda,1353,812
Filmmakers,1345,744
TrueReddit,1334,510
Borderlands,1334,753
BreakUps,1327,557
Frisson,1326,800
Ingress,1325,618
Eve,1324,733
santashelpers,1321,847
law,1313,833
baseball,1313,648
Celebs,1310,423
nostalgia,1304,756
summonerschool,1298,787
awwnime,1296,232
vita,1292,531
buildapcforme,1284,813
fashion,1283,677
Parenting,1280,770
Braveryjerk,1280,314
feedthebeast,1276,616
Borderlands2,1274,703
running,1270,788
finance,1260,747
sysadmin,1251,826
Watches,1250,735
nyc,1249,655
creepy,1247,673
Israel,1243,296
Economics,1239,542
Etsy,1238,237
sweden,1231,550
Random_Acts_Of_Pizza,1230,600
chicago,1225,685
fantasybball,1219,465
skateboarding,1212,579
beards,1199,654
Rateme,1198,306
youtubehaiku,1197,585
futurebeats,1188,487
beer,1183,714
Sneakers,1181,409
misc,1180,648
humor,1178,612
treemusic,1177,590
curvy,1173,139
Aquariums,1169,602
HistoryPorn,1164,326
beerporn,1157,605
pokemontrades,1153,421
Naruto,1153,466
Assistance,1137,578
PS3,1137,682
TheWarZ,1135,526
Fallout,1131,658
InfernalMachine,1129,484
youtube,1125,650
photocritique,1124,542
web_design,1122,695
PoliticalDiscussion,1117,599
diablo3,1104,630
wicked_edge,1102,688
Frugal,1102,720
RealEstate,1095,753
formula1,1087,469
fitnesscirclejerk,1085,186
Military,1081,595
catpictures,1076,591
trance,1076,387
asmr,1073,595
personalfinance,1073,746
knives,1069,603
carporn,1067,345
bodybuilding,1062,504
HomeworkHelp,1056,563
AmISexy,1056,278
SEO,1056,671
swtor,1051,608
islam,1050,372
JusticePorn,1050,559
fullmoviesonyoutube,1050,172
Autos,1049,619
ShouldIbuythisgame,1039,687
history,1039,593
RandomKindness,1036,482
cringepics,1029,506
Design,1027,637
AnythingGoesNews,1024,142
TheHobbit,1023,573
headphones,1023,651
TheSimpsons,1023,530
Seattle,1022,587
sixwordstories,1014,460
assassinscreed,1012,605
television,1007,576
boardgames,1002,636
OldSchoolCool,1002,485
hardware,997,671
drums,995,543
gameswap,987,479
SuggestALaptop,987,663
subaru,982,584
drawing,982,494
community,981,616
MechanicalKeyboards,981,368
jobs,972,620
PrettyGirls,970,303
webdev,967,619
Redskins,964,428
PoliticalHumor,962,501
mexico,960,318
Pets,955,655
rpg,955,656
femalefashionadvice,954,510
corgi,952,540
answers,947,575
toronto,947,528
Gunners,946,382
letsplay,945,405
FancyFollicles,942,467
battlestations,937,627
psychology,937,472
gamedev,931,608
philosophy,931,535
lego,931,537
linux,930,527
trap,928,413
gaymers,926,525
MorbidReality,924,456
ragecomics,923,426
nottheonion,922,480
DnD,920,586
ireland,916,370
Feminism,915,362
WorldofTanks,914,430
pornvids,911,395
confession,907,520
TechNewsToday,906,211
math,905,565
bondr,902,1
IndieGaming,900,449
AbandonedPorn,900,379
airsoft,898,422
gamecollecting,897,450
minecraftsuggestions,895,417
geek,895,513
TeamRedditTeams,894,517
microgrowery,891,346
europe,890,274
lotr,890,601
LosAngeles,886,480
Anarchism,885,368
see,882,536
prograrticles,879,1
notinteresting,878,470
Amateur,875,189
asoiaf,874,510
ClopClop,873,191
electrohouse,872,433
skiing,868,554
Fifa13,867,415
TheLastAirbender,858,465
Maplestory,856,372
ForeverAlone,855,359
recipes,851,479
vegan,849,384
lovegaymale,849,31
jailbreak,848,455
cumsluts,846,239
masseffect,846,521
OnePiece,845,425
actuallesbians,844,417
Entrepreneur,841,527
marketing,840,360
punk,840,472
ThisIsOurMusic,839,508
Bitcoin,836,399
investing,834,488
LucidDreaming,833,521
Coffee,832,545
Psychonaut,826,413
CityPorn,823,349
Portland,823,479
pcgaming,822,475
askseddit,821,417
aviation,819,427
49ers,818,378
FreeKarma,818,416
Documentaries,817,467
edmproduction,817,407
software,817,515
shittyadviceanimals,816,153
mashups,809,417
minerapocalypse,805,257
malehairadvice,805,310
childfree,803,396
religion,802,396
HIMYM,800,496
LongDistance,798,386
Judaism,797,254
roosterteeth,796,440
pitbulls,795,461
NewsOfTheWeird,795,48
TalesFromRetail,795,461
d3loot,793,494
vancouver,791,447
frugalmalefashion,791,484
porn,790,311
exmormon,790,313
Animals,786,535
Hunting,786,436
stopsmoking,784,457
rule34,783,159
Tgirls,781,131
progressive,780,186
Rabbits,780,378
knitting,780,491
classicalmusic,780,428
milf,779,216
kpop,778,260
cheatatmathhomework,778,419
Anarcho_Capitalism,777,324
Bass,776,510
LOLStreams,775,333
DnB,770,370
nsfw_gifs,767,220
Warhammer,767,444
AskCulinary,767,548
Anxiety,762,414
feet,759,139
newreddits,758,509
Nexus7,757,469
Advice,755,423
google,755,498
forhire,747,434
ICanDrawThat,746,450
CHIBears,745,349
Jazz,743,438
GreenBayPackers,743,389
gadgets,739,382
climbing,738,461
Patriots,734,352
gamemusic,732,368
facebook,731,443
toosoon,729,405
civ,726,441
audiophile,722,476
SNSD,721,172
chelseafc,717,279
japan,717,403
Favors,715,342
neopets,713,309
firstimpression,711,235
screenshots,710,436
onetruegod,710,484
Republican,710,160
socialism,708,263
Boxing,706,265
xbox360,705,459
rationalisthmus,702,2
HeroesofNewerth,699,378
QuotesPorn,696,328
Jeep,695,400
startups,692,422
reddevils,691,291
yiff,690,87
truegaming,689,433
redditrequest,688,314
mangonewild,687,131
Metalcore,685,366
homestuck,684,357
opiates,684,285
IWantToLearn,682,461
hookah,682,361
Austin,678,408
TumblrInAction,678,160
Scotch,677,321
Stacked,677,39
MRSelfPostCopies,675,1
legaladvice,674,448
Pareidolia,672,444
RandomActsOfGaming,672,432
economy,671,265
quotes,670,355
Loans,669,281
scifi,669,385
Futurology,669,292
zombies,667,412
Astronomy,667,408
rage,666,330
boston,665,448
Images,664,288
CollegeBasketball,662,340
somethingimade,661,416
3DS,661,393
cosplay,661,330
magicskyfairy,661,217
LiverpoolFC,661,281
CanadaPolitics,661,120
mylittleandysonic1,659,124
thesims,659,320
stockings,655,45
Buddhism,655,341
IDAP,653,323
TheProjects,650,4
crochet,649,371
SRSsucks,648,163
MTB,644,360
dbz,644,310
Baking,643,406
woodworking,642,399
skeptic,638,364
socialmedia,638,357
AMA,637,321
JoeRogan,637,231
mildlyinfuriating,636,420
GlobalOffensive,635,284
shutupandtakemymoney,633,393
montreal,633,359
MapPorn,632,279
Halo4,631,348
penpals,628,333
disney,627,369
booksuggestions,626,472
Cricket,624,250
halotrading,622,216
gopro,618,329
AnythingGoesPics,616,150
Cyberpunk,616,281
BorderlandsGuns,615,309
Awww,614,378
nsfw2,612,86
nsfwhardcore,611,193
Pokemongiveaway,606,269
FootballMedia,606,8
hcfactions,604,160
defaultgems,604,407
freebies,604,313
wheredidthesodago,603,219
gamesell,602,261
beyondthebump,601,258
tea,600,387
AsianHotties,600,185
bindingofisaac,598,318
stopdrinking,598,251
hentai,595,212
asktransgender,591,295
House,589,328
omegle,588,339
computers,587,412
horror,586,290
sexynsfw,586,20
webdesign,586,388
ipad,586,388
windows8,585,393
gardening,583,385
AlbumArtPorn,580,245
RotMG,579,186
AllThingsTerran,574,220
pornID,573,291
TF2fashionadvice,573,276
indie_rock,569,278
CircleMusic,568,82
realasians,566,132
Foodforthought,565,178
MLPdrawingschool,563,211
Cartalk,563,409
RATS,563,264
meme,562,276
Paleo,560,329
tall,558,325
golf,557,320
Atlanta,557,364
houston,557,358
Denver,556,356
NewsOfTheStupid,555,54
AlienBlue,554,383
poppunkers,553,308
poker,553,296
Hardwarenews,549,5
london,549,320
conspiratard,549,227
mflb,549,277
Scholar,548,307
newzealand,547,279
explainlikeIAmA,547,281
discgolf,544,285
MLS,544,225
whatisthisthing,543,387
CODZombies,541,268
daddit,539,357
sanfrancisco,539,334
windows,536,372
engineering,536,319
gamernews,535,192
China,534,254
terriblefacebookmemes,534,291
philadelphia,533,329
talesfromtechsupport,533,347
beatles,532,231
washingtondc,532,340
YouShouldKnow,531,316
wallpaper,530,265
Minecraft360,529,267
TrollXChromosomes,528,287
communism,527,235
SkyPorn,526,253
wedding,525,384
gamingpc,524,309
RAOWL,523,87
blogs,520,331
Graffiti,519,224
nintendo,518,291
Blowjobs,518,172
ADHD,517,290
theworldnews,517,2
Physics,517,311
pettyrevenge,516,310
dwarffortress,516,278
randomsexiness,516,110
Fishing,515,284
ainbow,513,256
eyes,506,207
ExposurePorn,506,229
ifyoulikeblank,505,349
gamingsuggestions,505,370
Punny,505,287
cripplingalcoholism,505,208
PostHardcore,504,304
LeagueOfMemes,503,299
podcasts,503,243
MilitaryPorn,503,136
gunpolitics,502,266
gif,500,283
popping,500,300
tifu,500,313
minnesotavikings,499,291
DoctorWhumour,498,293
BMW,498,331
Wordpress,497,316
inthenews,497,194
beauty,496,304
bjj,496,260
hardwareswap,494,231
college,494,293
help,493,319
DenverBroncos,492,235
thick,492,92
MCPE,491,152
Bad_Cop_No_Donut,490,208
progmetal,489,260
EA_FIFA,489,213
learnmath,488,288
dvdcollection,486,189
gaymersgonewild,485,115
buildapcsales,484,173
pugs,484,270
FanTheories,484,315
arresteddevelopment,483,309
PipeTobacco,482,282
electronics,481,319
crafts,481,321
medicine,480,282
advertising,480,355
animation,478,277
melbourne,478,295
sandiego,477,277
chemistry,474,307
ginger,473,157
EndlessWar,472,69
blackpeoplegifs,471,130
lookatmydog,471,361
futuregarage,471,156
ukpolitics,471,163
metacanada,469,85
totalwar,467,256
Meditation,467,278
CrappyDesign,466,321
DebateReligion,465,221
Blink182,465,185
coversongs,464,292
LeagueofLegendsMeta,463,330
weightroom,462,249
wikipedia,460,235
shittyadvice,459,264
AppHookup,458,149
shittyfoodporn,457,279
NetflixBestOf,457,298
occupywallstreet,456,189
GalaxyS3,455,294
piercing,454,249
gonewildaudio,454,84
Magicdeckbuilding,454,290
netsec,453,256
EDM,452,241
Marvel,451,235
cowboys,451,228
EngineeringStudents,450,292
Sidehugs,450,86
glassheads,450,206
raspberry_pi,449,309
Romania,449,187
AntiJokes,447,236
195,447,338
bdsm,447,232
Ubuntu,447,272
Hotchickswithtattoos,447,149
de,446,121
mac,446,307
ShittyLifeProTips,446,262
TrueAtheism,445,246
MetalMemes,444,218
linguistics,443,275
AnimalPorn,442,172
architecture,442,291
biology,442,241
HumanPorn,441,150
rant,440,255
LGBTeens,439,155
findareddit,438,302
manga,436,251
homeland,434,257
tekkit,433,224
TheStopGirl,432,271
hardbodies,431,118
ottawa,431,263
Roadcam,430,33
newjersey,429,209
Internet,428,320
CallOfDuty,428,249
TinyTits,428,94
Firearms,427,205
piano,426,266
realdubstep,426,174
howtonotgiveafuck,425,260
happy,424,282
hugeboobs,423,89
GuessTheMovie,423,94
InteriorDesign,423,259
futurama,420,287
CampingandHiking,420,280
UIUC,420,253
spacedicks,419,168
doppelbangher,419,139
countermine,418,3
standupshots,418,106
TheFacebookDelusion,418,276
bleach,418,211
fifthworldproblems,418,255
Dallas,416,250
furry,415,186
Teachers,414,277
Dachshund,414,234
footballmanagergames,411,245
EmmaWatson,409,120
firefly,409,280
phish,409,229
paintball,408,208
ar15,408,246
ABraThatFits,408,230
BDSMcommunity,406,246
gay,406,222
eagles,404,196
chess,404,233
cosplaygirls,403,75
Smite,403,210
starlets,402,41
ravens,402,223
bodyweightfitness,401,248
MassiveCock,400,66
redheads,400,155
whatsthisbug,399,275
Cinemagraphs,399,186
AskElectronics,399,301
LawSchool,398,217
GaybrosGoneWild,398,119
MtAugusta,398,107
FinancialPlanning,398,131
Calgary,397,232
androidapps,397,279
wine,396,255
Marijuana,396,201
supremeclothing,395,132
usenet,394,244
graphic_design,394,248
energy,393,197
DAE,393,209
Fantasy,392,244
lifehacks,391,257
EDC,391,245
FixedGearBicycle,391,226
sciencefiction,390,45
sexytimechat,388,101
AdviceAtheists,387,206
pathofexile,387,213
randomactsofkindness,386,172
MakeNewFriendsHere,386,230
Dentistry,385,238
cordcutters,383,236
UFOs,383,163
incest,382,199
crappymusic,382,208
beermoney,380,202
Tribes,379,192
Quebec,379,125
WhiteRights,379,47
indie,378,207
playitforward,376,225
Supernatural,376,220
24hoursupport,376,266
forza,375,188
androidthemes,374,229
MusicVideos,374,235
socialskills,373,230
HistoricalWhatIf,373,231
shittyama,371,177
gainit,371,232
postrock,371,213
Browns,371,199
crossdressing,371,157
StonerEngineering,370,196
nuzlocke,370,126
Catholicism,369,176
kickstarter,369,265
glitch_art,368,194
CivcraftExchange,368,120
RedditDayOf,368,110
cincinnati,368,166
arduino,367,280
FinalFantasy,367,229
nursing,367,227
Ska,367,226
PerfectTiming,366,208
minimalism,366,213
DunderMifflin,366,215
france,366,184
rap,365,222
awesome,365,224
AskEngineers,365,239
shamelessplug,364,215
DCcomics,362,186
farcry3,361,237
photoshop,358,229
progun,358,149
Denmark,357,202
argentina,357,145
greenday,357,147
DJs,357,215
bakchodi,356,86
Morrowind,356,197
im14andthisisfunny,354,190
techsupportgore,354,259
surfing,353,209
IASIP,351,222
baltimore,351,210
linkinbux,351,29
C25K,350,209
Accounting,348,207
radiohead,348,217
androidcirclejerk,348,72
Colorization,346,197
facebookwins,346,205
Dreams,345,221
LinuxActionShow,345,124
snackexchange,344,225
spiders,344,226
Xcom,344,217
nyjets,343,176
anonymous,343,155
HairyPussy,343,56
coys,342,173
audioengineering,342,238
Insurance,341,208
soccercirclejerk,341,116
snakes,340,192
MECoOp,339,149
aves,339,219
southpark,338,218
literature,337,201
FootballAmerica,337,18
bipolar,336,169
NewResistance,336,1
Vocaloid,336,114
anal,336,139
juicyasians,336,37
FifthWorldPics,336,175
yoga,335,233
aggies,335,189
HorseMask,335,217
LoLCodeTrade,334,140
steelers,334,175
cumfetish,333,81
MusicNews,333,115
chillmusic,333,166
radioreddit,333,128
tennis,332,105
askphilosophy,332,220
Volkswagen,332,222
EvilLeagueOfEvil,331,158
WebGames,331,128
Portal,331,222
SilkRoad,331,169
AnOldGruntNews,330,1
broslikeus,329,18
shittyreactiongifs,329,174
PandR,329,222
eldertrees,327,166
StLouis,326,191
boltedontits,326,85
tardcat,326,172
iosgaming,326,205
photographs,325,180
pornfree,325,140
Justrolledintotheshop,325,183
InternetIsBeautiful,325,185
cscareerquestions,324,227
SexyButNotPorn,324,134
BBW,324,61
linuxquestions,323,226
ThriftStoreHauls,322,186
BeardPorn,322,171
bourbon,322,207
AskSocialScience,322,213
MLPtunes,321,100
pic,321,107
korea,321,187
analog,321,168
OnOff,320,81
StandUpComedy,320,164
transgender,320,144
javascript,320,209
introvert,319,178
skyrimmods,319,191
WWE,318,110
photoplunder,317,38
hometheater,317,228
resumes,316,180
datfeel,316,139
privacy,316,140
RepublicOfMusic,315,103
Yogscast,314,173
StarcraftCirclejerk,313,114
SFM,313,147
girlsinyogapants,313,112
circlebroke,313,158
tattoo,312,202
WomenOfColor,312,65
UnsentLetters,312,169
counterstrike,312,166
Mommit,311,205
nature,311,185
goldenretrievers,311,181
comicbookart,311,64
lakers,310,166
Silverbugs,310,126
calvinandhobbes,310,201
Detroit,309,139
chiptunes,309,174
Rainmeter,309,214
ModernFashionPorn,308,19
RandomActsOfBlowJob,308,98
women,308,160
USNEWS,307,71
brisbane,307,185
spaceporn,307,118
lolcats,306,168
Hardcore,305,179
NYGiants,305,180
TopGear,305,205
design_critiques,303,198
sewing,303,208
AmateurArchives,303,111
Barca,303,111
flying,303,204
creepyPMs,303,155
dating,302,180
metalgearsolid,302,203
Sonsofanarchy,302,177
rugbyunion,301,170
comedy,300,195
allthingsprotoss,300,173
Occupy2point0,300,2
MMORPG,300,123
Diablo3Strategy,300,222
ShoppingLadies,300,213
geology,300,183
pussy,299,91
pittsburgh,298,205
ArchitecturePorn,298,145
MMFB,297,173
beertrade,297,182
truetf2,297,170
GoneWildCD,297,93
paradoxplaza,297,170
slashdiablo,296,66
new_right,296,35
GalaxyNexus,296,206
waterporn,295,129
baozoumanhua,294,162
trapmuzik,293,91
Honda,293,184
vexillology,292,139
ChivalryGame,292,195
bayarea,292,161
Miami,292,171
circlebroke2,291,130
NSFWFunny,291,142
networking,291,212
Connecticut,290,180
treesgonewild,290,73
mwo,290,145
coins,289,177
HomeImprovement,289,194
Techno,288,138
bisexual,288,156
makinghiphop,288,119
Liberal,288,122
SkincareAddiction,287,157
hiphop,287,170
Unashamed,287,21
kansascity,287,171
crossfit,287,176
selfimprovement,286,158
needadvice,286,169
falcons,286,151
arma,286,143
texas,285,103
Texans,285,155
Cuckold,284,126
learnpython,284,189
exmuslim,283,104
AirForce,283,166
howto,282,197
AndroidGaming,282,180
CarAV,282,178
ferrets,282,142
dirtysmall,281,107
parrots,281,156
uncensorship,280,1
Dogtraining,279,203
WallpaperRequests,279,211
birdswitharms,279,159
WoT,278,182
gratefuldead,277,129
polyamory,276,171
allthingszerg,276,137
test,276,90
FrontPage,276,140
RoomPorn,276,105
chrome,275,189
WritersGroup,274,149
wowscrolls,274,145
GuildWarsDyeJob,274,193
Gunpla,274,119
dontstarve,274,141
Philippines,273,140
vaporents,273,162
Enhancement,273,194
NBA2k,272,161
shortscarystories,272,98
OFWGKTA,272,133
Surface,272,153
collapse,271,106
PhxClassWarCouncil,271,3
labor,271,78
hardstyle,271,97
androiddev,270,179
SF4,270,134
Screenwriting,269,140
MyLittleFriends,269,82
cancer,268,170
java,267,161
TryingForABaby,266,133
Horses,265,143
Sexy,265,125
blender,265,137
aspergers,265,134
linux_gaming,264,136
survivor,264,136
CannabisExtracts,264,117
AskGames,264,200
mylittlelistentothis,264,59
openmodlog,263,3
Beatmatch,263,169
cocktails,263,152
breastfeeding,263,161
CrusaderKings,263,156
Heavymind,263,121
kpics,263,62
Bondage,263,97
ronpaul,262,89
Nerf,262,136
Mustang,261,175
democrats,261,83
patientgamers,261,164
spirituality,261,133
sydney,261,174
Madden,261,158
ftlgame,260,182
dataisbeautiful,260,168
Bacon,260,194
jewelry,260,186
compDota2,260,172
guineapigs,260,145
MvC3,259,148
birdpics,258,129
radiocontrol,258,147
datgap,258,73
Columbus,258,172
Weird,258,100
Pathfinder_RPG,257,186
detroitlions,257,132
Scotland,256,104
beadsprites,256,140
SampleSize,256,160
halifax,255,130
lesbians,255,118
AmericanPolitics,255,58
Invites,255,138
Blogging,255,181
ems,254,166
germany,254,158
weddingplanning,254,150
orangecounty,254,161
legal,253,171
camwhores,253,49
lingerie,252,77
Sherlock,252,150
Warhammer40k,252,150
sanantonio,252,149
GTA,251,157
tumblr,251,126
ImaginaryMonsters,251,83
singing,251,136
languagelearning,250,157
SRSWomen,250,132
Python,249,172
orlando,249,152
asshole,249,44
BostonTerrier,249,153
BDSMpersonals,249,95
martialarts,249,133
LearnJapanese,248,139
swoleacceptance,248,139
Paranormal,248,149
mycology,248,145
Palestine,246,78
gats,246,77
NewOrleans,246,152
MechanicAdvice,246,187
Michigan,246,131
IndieFolk,245,131
redditblack,245,69
CAchatquotes,245,49
bestof2012,245,155
nflcirclejerk,245,94
feelbadnews,245,5
microsoft,245,149
opieandanthony,245,93
StockMarket,244,54
ITBabes,244,1
RandomActsOfPizza,243,106
tampa,243,125
entwives,243,118
TrueChristian,242,39
nhl,242,146
germanshepherds,242,140
GaymersGoneMild,242,109
Bulldogs,242,127
dolan,242,91
excel,241,179
seinfeld,241,144
conservatives,241,94
FantasyPL,241,108
TRADE,241,122
Twitter,241,164
Im14andthisisWTF,241,105
BBWGW,240,17
FIFA,240,139
atheistvids,239,129
Archery,239,161
ggggg,239,152
Infographics,239,176
museum,239,74
rotmgtradingpost,239,61
happygirls,238,97
psbattleroyale,238,128
fringe,237,150
Serendipity,237,2
proghouse,236,79
exjw,236,111
EDH,236,161
nashville,235,166
linux4noobs,235,153
buffalobills,235,115
ForeverAloneDating,235,98
shorthairedhotties,235,109
evangelion,235,94
Cumberbitches,234,67
BipolarReddit,234,121
Torchlight,233,166
crime,233,100
SimCity,233,135
Pictures,233,134
netflix,233,163
vegetarian,233,151
diabetes,232,161
alltheleft,232,62
ns2,231,133
work,231,49
reddit_api_test,231,1
ImaginaryLandscapes,230,63
SFGiants,230,119
wrestling,230,112
gearedup,230,2
Nootropics,230,133
csshelp,229,118
Petloss,229,171
steampunk,229,143
GunsAreCool,228,22
progresspics,228,119
psychedelicrock,227,70
JerkTalkRequest,227,124
RWF,227,26
healthcare,226,182
Gifts,226,131
Glitch_in_the_Matrix,226,153
asstastic,225,42
translator,225,154
JRPG,225,144
medical,225,136
Boxer,225,129
SRSBusiness,225,68
rit,224,151
doodles,224,116
GirlGamers,224,132
DarkSoulsHelp,224,109
UpliftingNews,223,124
BlackMetal,223,107
Trucks,223,129
futanari,223,59
Alternativerock,223,73
Charity,223,162
tolkienfans,222,156
spikes,222,137
NYKnicks,221,96
alternativeart,221,98
DayZServers,221,123
BoardwalkEmpire,221,137
love,221,133
eCards,221,90
HongKong,220,108
downblouse,220,23
acne,220,128
findfashion,220,124
russia,219,124
feminisms,219,115
AmericanHorrorStory,219,126
worldbuilding,219,127
hacking,218,126
gmod,218,133
BustyPetite,218,67
PHP,218,155
flatcore,217,95
progrockmusic,217,117
italy,217,123
alcohol,217,150
Charlotte,217,133
IndianBabes,217,62
BHMGoneWild,217,18
gaybrosgonemild,217,91
mixes,216,138
MovieSuggestions,216,142
ideasfortheadmins,216,142
trailerparkboys,216,137
lfg,216,166
TimAndEric,216,114
ask,216,119
MoviePosterPorn,216,83
NSFW_nospam,215,31
reptiles,215,131
Pieces,215,115
gatech,215,139
nerdfighters,215,145
CandidFashionPolice,214,18
purebattlefield,214,57
bikesgonewild,214,148
VictoriaBC,214,130
winterporn,214,103
admincraft,214,102
Terraria,213,118
ClashOfClans,213,105
GirlswithGlasses,213,69
Liftingmusic,212,128
Edmonton,212,138
weather,211,117
Ebay,211,136
obama,211,103
BotanicalPorn,211,84
stonerrock,211,118
bostonceltics,211,88
fountainpens,210,126
metart,210,21
mcpublic,210,111
scuba,210,146
dishonored,210,137
AnimalRights,210,91
TheGirlSurvivalGuide,210,140
leangains,210,136
Hawaii,209,132
israelexposed,209,32
nova,209,145
HailCorporate,209,84
SRSDiscussion,209,123
blackladies,208,63
Dance,208,138
climateskeptics,208,38
berkeley,207,149
lost,207,144
Chargers,207,95
ukulele,207,127
mfw,206,106
gaynsfw,206,55
ObscureMedia,206,44
ecchi,206,36
xxfitness,206,138
madisonwi,205,134
pinkfloyd,205,130
Theatre,205,94
GunPorn,205,82
dykesgonemild,205,82
suicidegirls,204,42
shittyaskreddit,204,108
candiceswanepoel,204,13
ihaveissues,204,107
kindle,204,138
AskNYC,204,155
Chihuahua,204,122
d3hardcore,204,114
cfbcirclejerk,203,78
brocabulary,203,5
3Dprinting,203,130
EnoughPaulSpam,203,40
CrazyIdeas,203,121
againstmensrights,203,26
grammar,203,138
InCaseYouMissedIt,202,1
Colts,202,115
GrandTheftAutoV,202,118
CineShots,202,4
MLPvectors,201,64
freedomearth,201,38
gallifreyan,201,79
leaves,201,105
panthers,201,90
florida,201,88
California,200,106
japansports,200,2
unixporn,200,109
BlackOps2Emblems,200,120
iWallpaper,200,100
furniture,199,120
Apocalypse,199,129
DealsReddit,199,64
FL_Studio,199,102
Gore,199,93
medicalschool,199,126
ArcherFX,199,147
Animesuggest,198,133
intj,198,113
Anthropology,198,95
bleachshirts,198,95
PlantedTank,197,114
tsexual,197,2
nfffffffluuuuuuuuuuuu,197,105
rva,197,132
footballdownload,197,27
ambientmusic,197,107
phoenix,197,121
overpopulation,197,17
bmx,197,99
Bioshock,197,129
water,196,48
DrawForMe,196,128
Rift,196,105
spaceribs,196,89
listentous,196,17
statistics,195,144
smashbros,195,114
sneakermarket,194,83
ladyladyboners,194,99
workaholics,194,127
gamingnews,194,64
SaltLakeCity,194,122
TheFalloutDiaries,194,24
IWantOut,193,124
gossip,193,24
croatia,193,58
athiesm,193,97
bigbangtheory,193,122
hackintosh,193,128
reggae,192,104
guitarlessons,192,125
burstingout,192,61
bodygallery,192,75
Torontobluejays,192,94
gaybears,191,84
glutenfree,191,127
Dodgers,191,77
worldevents,190,44
ShittyPoetry,190,76
LegalTeens,190,15
gdsinstagram,190,1
A858DE45F56D9BC9,190,0
torrents,190,107
skrillex,190,98
InfrastructurePorn,189,97
rapbattles,189,26
Songwriters,189,107
Basketball,189,126
Illustration,189,103
northernireland,189,89
ps2outfits,189,147
labrador,188,111
KansasCityChiefs,188,97
MinecraftInventions,188,73
CircLoLjerk,188,89
perth,188,126
AskTechnology,187,128
amateurradio,187,111
experimentalmusic,187,111
Winnipeg,187,123
nonprofit,187,126
overclocking,187,136
AskScienceFiction,186,134
brunette,186,33
TMNT,186,90
palegirls,186,49
Parkour,186,105
navy,186,99
CCW,186,119
slimgirls,185,8
gonewildstories,185,80
Blonde,185,45
treecomics,185,109
wisconsin,185,94
tinydick,185,44
lotro,185,107
cardsagainsthumanity,185,145
mfacirclejerk,184,90
Pizza,184,123
Money,183,136
thinspo,183,35
barroomheroes,183,63
moviescirclejerk,183,67
musictheory,183,124
Plumbing,183,84
LetsNotMeet,183,107
Magic,182,100
bengals,182,92
Audi,182,107
ArtisanVideos,182,106
Glocks,182,98
Omaha,182,100
Drama,182,41
musicpics,182,112
Thailand,182,118
RedditThroughHistory,181,92
randomsexygifs,181,11
bikinis,181,47
showerbeer,181,126
blackberry,181,77
painting,181,113
BritishTV,181,77
Netherlands,181,116
Hooping,180,41
miamidolphins,180,88
DrawMyTattoo,180,131
nsfwvideos,180,88
Transmogrification,180,108
illjustleavethishere,180,1
PixelArt,180,101
ConnectedCareers,179,24
astrology,179,86
baldursgate,179,111
GradSchool,179,114
palletstorage,179,110
coupons,179,115
saplings,178,107
TexasConservative,178,7
portugal,178,87
astrophotography,178,110
gifrequests,178,124
Hotwife,178,39
tf2gifts,178,131
NotTimAndEric,178,102
confessions,178,84
giveaways,178,118
stocks,177,68
Hawken,177,98
ableton,177,100
TaylorSwift,177,104
Gunsforsale,177,85
INTP,177,95
JamesBond,176,99
whatsthisplant,176,115
BDSMGW,176,46
EA_NHL,176,114
MacroPorn,175,74
motivation,175,107
BlowjobP,175,15
DepthHub,175,130
futurefunkairlines,174,66
uwaterloo,174,115
rawdenim,174,108
minnesota,174,116
Piracy,174,90
NSFWskype,173,48
whiskey,173,136
haskell,173,88
Louisville,173,112
PickAnAndroidForMe,173,123
HighResASS,172,1
NAEGold,172,53
Needafriend,172,67
veganrecipes,172,51
DebateAChristian,172,85
socialanxiety,172,97
teslore,172,105
Ask_Politics,172,109
VillagePorn,172,95
singapore,171,110
uspolitics,171,41
Home,171,135
hwstartups,171,15
IncestPersonals,171,61
redstone,171,89
Breadit,171,128
learnart,170,110
MyLittleSupportGroup,170,93
logophilia,170,43
chubby,170,30
warz,170,77
cutekids,170,103
nerdcubed,169,78
media,169,101
GamePhysics,169,100
Colorado,169,112
sto,168,88
KingdomHearts,168,89
infertility,168,69
Ladybonersgonecuddly,168,89
lol,168,92
askgaybros,168,101
Egypt,168,54
GirlsFinishingTheJob,168,56
shortstories,167,92
Firefighting,167,95
Brostep,167,86
ultimate,167,116
ps3bf3,167,95
desktops,167,102
chillstep,167,80
TheoryOfReddit,166,107
vegas,166,108
EvolveSustain,166,1
blues,166,96
RedHotChiliPeppers,166,84
VirginiaTech,166,99
cute,166,101
borntoday,166,2
Tulpas,166,72
stephenkingvote,166,2
CIRCLEFUCKERS,166,13
KitchenConfidential,166,108
90sHipHop,165,51
wowpodcasts,165,21
typography,165,104
transformers,165,99
racism,165,68
bigdickproblems,164,70
tabled,164,1
oaklandraiders,164,70
preppers,164,84
regularshow,164,121
Negareddit,164,69
selfhelp,164,83
Hair,164,86
howardstern,164,89
norge,164,77
Standup,164,74
ufc,163,84
characterdrawing,163,109
futurebeatproducers,163,78
Outdoors,163,64
asianbeauties,163,2
LipsThatGrip,163,66
ELTllounge,163,15
milwaukee,162,112
MachinePorn,162,86
Gamingcirclejerk,162,72
lisp_ja,162,2
imgur,162,88
Maine,162,101
climate,162,71
curiosityrover,162,25
DeadBedrooms,162,94
Djent,162,101
ABDL,162,84
opensource,162,85
GameTrade,162,76
Cleveland,161,104
askdrugs,161,109
Warmachine,161,94
warriors,161,73
spotify,161,109
TheWire,161,103
Journalism,161,108
RBA,161,64
trackers,161,93
mentalhealth,161,106
cleaning,161,65
VideoEditing,161,115
ffxiv,161,85
GiftIdeas,160,108
Destiny,160,105
shiba,160,100
libertarianmeme,160,55
ChicagoSuburbs,160,15
Buffalo,160,94
ImaginaryTechnology,160,26
ChineseLanguage,160,90
dpgirls,160,5
birthcontrol,159,90
Bandnames,159,89
switcharoo,159,97
shittyTESlore,159,30
Fapulous,159,9
Demotivational,158,74
hyperfurs,158,3
BuyItForLife,158,117
HistoryofIdeas,158,27
DippingTobacco,158,66
CelebrityFeet,158,15
HighResNSFW,157,34
gallifrey,157,90
Rowing,157,90
Cynicalbrit,157,82
Makemeagif,157,111
celebrityvideos,157,1
SRSFunny,157,64
PowerMetal,157,84
redditsync,157,95
NSFW_Wallpapers,157,22
iWantToFuckHer,157,19
BBQ,157,115
shoegaze,157,84
triphop,156,92
grool,156,57
bearsinbriefs,156,3
StLouisRams,156,76
4x4,156,96
WPLockscreens,156,9
PictureChallenge,156,80
TestOutfit,156,85
killingfloor,155,104
Sacramento,155,100
Turkey,155,35
XXX_Animated_Gifs,155,21
selfpublish,155,92
dresdenfiles,155,109
funnyvideos,155,101
Hedgehog,154,81
LOLDyrus,154,90
indianapolis,154,106
asheville,154,94
ContinueShow,154,43
UCSantaBarbara,154,82
TwinCities,154,103
RPI,154,101
LoLFanArt,154,79
army,153,95
spongebob,153,96
DeathRowDiesel,153,20
dykesgonewild,153,33
spicy,153,81
lacrosse,153,97
Iam14andthisisfunny,153,76
plotholes,153,107
classicrage,153,67
SecurityAnalysis,153,58
ukbike,153,27
premed,153,81
BonerMaterial,153,16
composer,153,95
PastAndPresentPics,153,108
HalfLife,152,83
Miata,152,93
PenmanshipPorn,152,95
Deathcore,152,93
LSD,152,80
roguelikes,151,94
artstore,151,80
ShittyEarthPorn,151,107
Monstercat,151,62
ArtCrit,151,82
fail,151,104
compsci,151,91
Swimming,151,104
pantyselling,151,44
curiousplaces,151,31
urbanexploration,151,98
urbanplanning,150,63
peegonewild,150,30
autism,150,93
Proofreading,150,75
metacirclejerk,150,87
whatstheword,150,103
TheSecretWorld,150,110
ICoveredASong,150,87
psytrance,150,73
GuardiansofME,149,74
CBS21News,149,1
CompanyOfHeroes,149,76
ruby,149,109
pakistan,149,80
arabs,148,53
transpassing,148,63
cannabis,148,54
custommagic,148,78
SexyFrex,148,34
Cubers,148,81
rablats,148,3
AskFeminists,148,81
ImaginaryCharacters,148,43
airsoftmarket,148,81
FryeMadden,148,27
ProtectAndServe,148,75
brasil,147,69
Transportation,147,91
mylittlehuman,147,33
lockpicking,147,91
oblivion,146,87
zen,146,63
occult,146,92
sexoaoclique,145,1
Oddball,145,7
ECE,145,101
SRSMicroaggressions,145,65
gallopfrey,145,30
Tirol,145,1
keyboards,145,113
mturk,144,85
lolwallpaper,144,89
nutrition,144,92
Psybient,144,37
dayzlfg,144,95
Awesomenauts,144,89
MDMA,143,89
celebrities,143,71
hiking,143,90
EnoughLibertarianSpam,143,32
bigonewild,143,31
TeenMFA,143,51
Kappa,143,50
dragonvale,143,70
AskAcademia,143,87
tunejerk,143,14
KingOfTheHill,143,88
mylittlestreamlog,142,1
HeadBangToThis,142,82
ketorecipes,142,86
nsfw_wtf,142,84
HiTMAN,142,98
ucla,142,84
AlternativeHealth,142,36
rpg_gamers,142,96
beagle,141,91
Pegging,141,78
mathrock,141,82
Employment,141,45
ebooks,141,74
eatsandwiches,140,108
bigasses,140,16
short,140,69
NSFW_SEXY_GIF,140,72
AsianPorn,140,50
grumpycats,139,90
doommetal,139,64
Faces,139,59
Heroclix,139,33
superman,139,93
PropagandaPosters,139,71
watchingcongress,139,1
Archaeology,139,81
WorldofPolitics,139,27
ColorizedHistory,139,6
GraphicDesign,138,85
sailing,138,101
ShinyPokemon,138,88
eroticliterature,138,39
pantsu,138,42
nsfwcelebs,138,1
modhelp,138,98
backpacking,138,98
P90X,138,94
GrumpyCat,138,76
buffy,137,90
printSF,137,89
Unity3D,137,96
F1Porn,137,19
Nexus10,137,89
USMC,137,79
Rochester,136,93
Drifting,136,86
reloading,136,86
relationship_tips,136,67
CombatFootage,135,34
pkmntcg,135,79
armawasteland,135,68
WPDev,135,13
glee,135,68
wowguilds,135,94
AsianNSFW,135,45
assinthong,135,19
guildrecruitment,135,88
southafrica,135,74
tanlines,135,13
ponypapers,135,39
PokePorn,135,35
firefox,135,95
postpunk,134,37
deadmau5,134,87
animegifs,134,29
youtubecomments,134,87
Page3Glamour,134,5
EQUIPnTRIP,134,3
D3T,134,91
shrooms,134,72
ShinyPorn,134,33
AskScienceDiscussion,134,98
AustralianFilm,134,6
streetart,133,55
sportsbook,133,55
DecidingToBeBetter,133,24
deals,133,57
OneParagraph,133,62
mlb,133,73
Shortfilms,133,85
uktrees,133,83
grime,133,46
PrettyGirlsUglyFaces,133,49
NewToTF2,132,79
thenukeandturtle,132,34
CrohnsDisease,132,92
RenewableEnergy,132,65
AnimalCrossing,132,78
atheismplus,132,52
smallbusiness,132,89
hoggit,132,68
tonightsdinner,132,69
guitarpedals,131,94
Korean,131,80
stencils,131,72
mlpmature,131,51
45thworldproblems,131,48
rush,131,74
meetup,131,85
SoCalR4R,131,50
Gondile,131,67
lists,130,49
sad,130,89
berlin,130,72
trumpet,130,84
ecommerce,129,89
BodyAcceptance,129,67
selfharm,129,54
FacialFun,129,9
Welding,129,80
coheedandcambria,129,82
Mechatroniker,129,1
bigboobproblems,129,84
porn_gifs,129,14
Darkfall,129,73
cableporn,129,83
Brooklyn,128,83
robotics,128,78
Frugal_Jerk,128,70
ChristmasMusic,128,90
French,128,87
TrueFilm,128,77
sociology,128,68
audio,128,99
canadaguns,128,62
DJsCirclejerk,128,75
boulder,128,85
realmadrid,128,57
productivity,128,87
techsnap,128,51
MCFC,128,55
amateur_sexy,128,1
Divorce,128,81
iphonehelp,127,90
TransSpace,127,33
Scrubs,127,86
austrian_economics,127,52
FapDeciders,127,48
UsernamesNominated,127,72
lowendgaming,127,89
SRSGaming,127,54
starcraft2,127,75
KarmaCourt,127,69
bestoftribunal,127,83
LAlist,127,71
MLPIOS,127,69
brazilianmusic,127,48
carcrash,127,60
oklahoma,127,70
SaintsRow,127,88
teaching,127,94
pharmacy,127,92
HighHeels,126,36
Megaman,126,75
AllofReddit,126,48
Spanish,126,72
ultrahardcore,126,28
latin,126,76
LifestyleTrends,126,93
SexyPanties,126,1
OCD,126,65
Antiques,126,87
TechUK,125,6
zombiespartyup,125,80
TF2LFT,125,73
CableManagement,125,69
FunniestVideos,125,82
ucf,125,83
malegrooming,125,70
UTAustin,125,78
Diablo3Wizards,125,91
gameDevClassifieds,124,78
dizifilm,124,2
NotaMethAddict,124,64
StopSelfHarm,124,74
ThanksObama,124,71
cakeday,124,79
RedditRescueForce,124,80
VegRecipes,124,40
Norway,124,88
acting,124,84
folk,124,79
AceOfSpades,124,78
ArianaGrande,124,37
Makeup,123,70
Harley,123,70
freemasonry,123,69
xbox,123,83
FuckMarryOrKill,123,11
MINI,123,80
SkyDiving,123,74
fsu,123,77
WikiLeaks,123,58
BSG,123,80
flyfishing,122,76
ffxi,122,64
paris,122,84
herpetology,122,70
Groups,122,13
Stargate,122,90
firefall,122,75
grandrapids,122,72
eRIXSTER,122,2
videography,121,77
VinylCollectors,121,77
ILiveIn,121,68
chloegracemoretz,121,15
bettafish,121,73
Hiphopcirclejerk,121,59
LGBTrees,121,63
BeardedDragons,121,68
AskPhotography,120,92
tax,120,93
Africa,120,72
Suomi,120,53
FolkPunk,120,66
Survival,120,71
britpics,120,33
Pantyfetish,120,18
katawashoujo,119,74
lowlevelcorner,119,7
torontoraptors,119,40
boobs,119,49
freexxxvideos,119,31
shaveoftheday,119,16
ifiwonthelottery,119,87
Dreadlocks,119,74
Libraries,119,70
minimal,119,51
tablets,119,85
bicycletouring,119,77
DramaLog,119,4
Avengers,118,72
Navajo,118,3
GirlswithNeonHair,118,50
Calligraphy,118,48
D3AH,118,79
sloths,118,82
birding,118,43
vermont,118,53
lolgrindr,118,72
freelance,117,78
toys,117,83
240sx,117,61
trailers,117,70
lordoftherings,117,80
ungulateteams,117,57
UNLVrunninrebels,117,4
AnimeSketch,117,51
Hamilton,117,68
industrialmusic,117,65
RESissues,117,81
Nirvana,116,67
ftm,116,51
Instagram,116,75
Kikpals,116,41
wantthethings,116,1
abletonlive,116,74
videogames,116,70
camping,116,79
conspiracydocumentary,115,16
AustralianCattleDog,115,68
ZenHabits,115,47
bestimages,115,1
familyguy,115,74
52weeksofcooking,115,36
javahelp,115,72
shroomers,115,55
fitmeals,115,56
deadpool,115,87
fairytail,115,64
mcgill,115,65
manufacturing,115,68
DirtyTackle,115,1
chicagobulls,115,61
weightlifting,115,55
blackbookgraffiti,115,60
MiddleEastNews,115,53
ass_sexy,115,1
billiards,114,62
Reformed,114,54
MLGHalo,114,31
Deathmetal,114,61
Saints,114,67
EmoScreamo,114,68
timetolegalize,114,51
homemadexxx,114,59
2012,114,74
Bundesliga,114,23
DTbot,114,1
NASCAR,114,61
classicpsych,114,15
emulation,114,84
STD,114,75
grunge,114,59
macgaming,113,68
pokemonteams,113,75
UMD,113,72
SCP,113,60
MinecraftCirclejerk,113,57
gambling,113,58
AustralianShepherd,113,64
germusic,113,17
malaysia,113,63
falloutequestria,112,35
mysterybox,112,67
xbmc,112,82
tasker,112,85
OnePieceCircleJerk,112,49
Jobopenings,112,33
ProjectAwesome,112,46
touhou,112,68
redditguild,112,43
Complextro,112,61
altrap,112,57
PokemonROMhacks,111,58
fixit,111,88
ShortFilm,111,68
NSFW_OFFICIAL_XXX,111,1
Moviesinthemaking,111,33
softies,111,20
computertechs,111,74
marchingband,111,73
ITunes,111,73
Bonsai,111,69
RedditBrigade,111,52
Gaben,111,62
tomhiddleston,111,39
NewYorkMets,111,68
bikewrench,111,83
Purdue,111,68
MakeUpFetish,110,6
Boise,110,63
ToolBand,110,71
Entertain_Me,110,1
OpiatesRecovery,110,69
ShitPoliticsSays,110,30
wowraf,110,52
HPMOR,110,66
ouya,110,63
vgstreams,110,26
UNAgenda21,110,6
SkimThat,110,1
chile,110,36
subreddit,110,50
trueMusic,110,49
unfilter,110,37
FRAGCAKECHALLENGE,110,51
TalesFromThePizzaGuy,109,62
DebateAnAtheist,109,64
CelebFakes,109,49
NativeAmerican,109,57
aquaponics,109,63
TheRedLion,109,41
htpc,109,88
secondlife,109,26
PunkRockGirls,109,1
SpecArt,109,46
Islaam,109,19
Objectivism,109,53
Brazil,108,70
collegensfw,108,25
freemusic,108,68
nasa,108,73
hotel,108,86
barter,108,53
hgpmemes,108,2
MC360Public,108,28
girlsinthekitchen,108,1
circlejerkcopypasta,107,58
flashlight,107,75
SciFiScroll,107,3
inspiration,107,72
treesmusic,107,60
comiccodes,107,50
GhettoJerk,107,55
Albany,107,64
PreggoPorn,107,25
TEFL,107,64
PornClips4Adults,107,1
Cyberpunk_Music,107,57
sandy,106,62
Construction,106,59
ConfessionBear,106,60
mw3,106,66
awwwtf,106,60
buccaneers,106,55
MonsterHunter,106,70
Animewallpaper,106,63
BIRDTEAMS,106,57
DesktopDetective,106,58
worstof,106,44
mazda,106,79
NSFWBraids,106,1
cpop,106,12
AskPhysics,106,73
ACMilan,106,24
NeutralPolitics,106,53
Eugene,105,51
bharat,105,5
deephouse,105,55
NotSafeForNature,105,28
SlenderMan,105,67
origami,105,61
CellShots,105,12
schnauzers,105,64
chemhelp,105,63
LGBTGoneWild,104,29
glitch_porn,104,4
flashing_sexy,104,3
CemeteryPorn,104,55
psych,104,65
SFWRedheads,104,40
explainlikeimjive,104,81
Supplements,104,64
JapanesePornIdols,104,4
Funnypics,104,69
Pitt,104,61
Team_CoCo,104,1
rct,104,62
governmentoppression,104,15
husky,104,68
FearMe,104,36
Genealogy,103,58
juggling,103,63
creampies,103,63
synthesizers,103,69
redsox,103,66
Tennesseetitans,103,45
bugs,103,76
purplemusic,103,35
starcitizen,103,55
bedrooms,103,12
NYr4r,103,27
wifesharing,103,16
SpideyMeme,103,41
comicbookmovies,103,23
Tucson,103,69
steamswap,103,55
Finland,103,64
mountandblade,103,72
jockstraps,102,6
GearsOfWar,102,63
immigration,102,41
starbucks,102,68
triathlon,102,66
evolution,102,52
IrishHistory,102,20
nsfw_gifshort,102,1
stalker,102,61
lexington,102,76
Frat,102,61
Tigerstaden,102,33
biofuels,102,2
NaturalBeauty,102,46
Spanking,102,31
Adelaide,102,56
ecoportal,102,1
ExplainLikeImCalvin,102,62
serbia,102,44
editors,102,67
partymusic,101,35
under10k,101,60
Motocross,101,66
DrugNerds,101,53
ShittyFanTheories,101,71
HaloCustoms,101,54
REDDITORSINRECOVERY,101,64
liquiddnb,101,44
Cypher,101,36
evedreddit,101,59
flowers,101,52
alhena,101,1
Babes,101,36
longisland,101,64
simracing,101,66
AsianLadyboners,101,33
insanityworkout,100,69
cyberlaws,100,48
idm,100,53
banjo,100,66
Slender_Man,100,66
malelifestyle,100,26
OSU,100,79
AfterEffects,100,63
ZettaiRyouiki,100,9
geocaching,100,65
fragfilms,100,23
slowcooking,100,63
Greyhounds,100,69
alaska,100,63
country,99,59
metaljerk,99,32
latinas,99,27
Bombing,99,33
themountaingoats,99,32
mazaodds,99,1
phillies,99,52
NSFWSMUT,99,1
belgium,99,66
castit,99,43
Playdate,99,47
Cameras,99,68
uofmn,99,54
chillwave,99,54
GirlsWithToys,99,5
AFOL,99,57
mobilepicshd,99,50
Iceland,99,79
skylanders,99,63
Muse,99,56
Shemales,98,32
mexicocirclejerk,98,34
Tf2Scripts,98,63
CrossView,98,11
rutgers,98,72
ads,98,57
pokemonconspiracies,98,61
HotWheels,98,41
LasVegas,98,67
deepcuts,98,35
greece,98,49
mildyinteresting,98,57
RoCirclejerk,98,25
dyscultured,98,11
css,98,62
fantasywriters,97,52
ios,97,73
badphilosophy,97,24
Freethought,97,35
Gear4Sale,97,58
opendirectories,97,26
UCDavis,97,73
LearnUselessTalents,97,62
D3L4G,97,73
cool,97,65
mylittlealcoholic,97,46
whatsthisworth,97,71
antiwar,97,31
TheTerminal,97,49
Braves,97,47
drupal,97,56
MemesIRL,97,70
nugs,96,48
nyu,96,51
sandyhook,96,67
CrimesAgainstHumanity,96,7
shotacub,96,5
himusic,96,15
nsfwoutfits,96,29
ConfusedBoners,96,36
funnysigns,96,64
Spiderman,96,65
Life,96,65
PornStars,95,47
CatTeamBrotherhood,95,59
Luthier,95,68
beerreviews,95,24
shorthairchicks,95,18
HermitCraft,95,23
creepypasta,95,46
ubuntufr,95,5
vfx,95,65
LetsTalkMusic,95,59
legs,95,18
guildwars2funny,95,65
rocksmith,95,59
youtubetitties,95,43
OneDirection,95,49
singularity,95,58
passionx,95,53
Floridar4r,95,33
memphis,95,60
Whatisthis,95,64
xray,95,34
Owls,94,54
lectures,94,40
Muricanized,94,1
upvotegifs,94,27
fashionporn,94,18
baconit,94,63
Upskirt,94,42
ak47,94,46
ReadmyStory,94,4
theleaguefx,94,60
TalesFromYourServer,94,54
ArtPorn,94,45
samsung,94,73
me_irl,94,30
Albuquerque,94,66
pewdiepie,94,63
SRSMeta,94,46
AlisonBrie,93,35
pkmntcgtrades,93,41
rails,93,64
scaredshitless,93,27
drugscirclejerk,93,37
nextdoorasians,93,20
mensfashionadvice,93,48
manlove,93,9
Disneyland,93,66
UKhistory,93,13
davidtennant,93,23
TexasRangers,92,58
Green,92,53
SoundSpill,92,45
AntiAtheismPlus,92,10
futurepopmusic,92,36
SRSMusic,92,43
communism101,92,45
macedonia,92,3
badassgirls,92,25
saskatoon,92,65
rollerderby,92,66
ArtisanBread,92,6
tranceandbass,92,13
TrainPorn,91,49
BurningMan,91,65
NUFC,91,34
DebateaCommunist,91,50
weddings,91,67
manchester,91,60
GalaxyNote2,91,50
es,91,25
animenews,91,7
TeraOnline,91,55
Lovecraft,91,65
Aleague,91,30
PennStateUniversity,91,67
poop,91,51
RedditPlays,91,57
futureporn,91,25
infj,91,55
trippy,91,44
cade,90,64
GladiatorCraft,90,34
whichbike,90,61
AskHistory,90,65
Veterans,90,51
JenniferLawrence,90,34
bestofworldstar,90,9
TheWayWeWere,90,50
Sissies,90,33
UCSD,90,52
GreenDawn,90,43
bigboobs,90,21
HairPediaClub,90,1
Cosplay2,90,2
metanarchism,90,42
Marriage,90,59
FuckLaurence,90,2
drumcorps,90,46
911truth,90,31
Dinosaurs,90,64
Charleston,90,64
forwardsfromgrandma,89,56
ChristianGirls,89,38
cpp,89,42
jacksonville,89,63
classiccars,89,48
StencilTemplates,89,49
Ijustwatched,89,50
videominecraft,89,40
archlinux,89,64
MyChemicalRomance,89,43
juggalo,89,45
Stretched,89,53
rockhounds,89,57
relationshipadvice,89,35
Photoessay,89,14
violinist,89,59
HuntsvilleAlabama,89,58
OnHerKnees,89,8
TOUHOUMUSIC,89,21
monsterfuzz,89,18
traps,89,23
Juicing,89,55
catvideos,89,55
GirlsinTUBEsocks,89,22
30ROCK,89,63
xxketo,88,54
RealLiberals,88,0
auto,88,60
COents,88,41
scape,88,44
theplunderhood,88,43
YogaPants,88,22
restaurant,88,64
Wicca,88,49
asoiafcirclejerk,88,51
FapFap,88,14
ConnectedCareers2,88,21
LeagueOfGiving,88,57
Nightlysex,87,3
ontario,87,57
Saxophonics,87,59
Rockland,87,8
EnterShikari,87,46
Volvo,87,59
faimprovement,87,48
PlayStationPlus,87,43
Nokia,87,44
Handwriting,87,57
StonerProTips,87,51
Journeyoflife,87,1
cartoons,87,56
TwoXSex,86,53
SRDBroke,86,27
sexygood,86,2
Models,86,41
budgetfood,86,58
numetal,86,26
masserect,86,17
Brokenpickers,86,1
AnimalsWithoutNecks,86,48
uofm,86,55
theoffice,86,57
Playboy,86,25
camaro,86,57
rolltide,86,43
nsfwbikini,86,21
giftcardexchange,86,40
PerfectPussies,86,2
IncredibleIndia,86,27
bikinibridge,86,23
sportsmedicine,86,2
vmware,85,66
ClassicRock,85,27
asexuality,85,56
Minneapolis,85,60
hentaivids,85,42
Hugeboobshardcore,85,8
windowshots,85,56
CanadianForces,85,50
raleigh,85,58
DescentIntoTyranny,85,13
asia,85,6
sexygirlsinjeans,85,15
matlab,85,59
graffhelp,85,43
opera,85,39
SRSFeminism,85,32
distortedview,85,28
pranks,84,53
gmbwallpapers,84,13
Delightfullychubby,84,37
LANL_German,84,59
alcoholism,84,48
superhoops,84,6
comeonandslam,84,55
predaddit,84,59
MuayThai,84,56
csuf,84,45
getdisciplined,84,62
ETCBuzz,84,3
Filipinology,84,0
softscience,84,47
3dsFCswap,84,65
mead,84,60
eficode,84,9
TheVampireDiaries,84,37
boobs_sexy,84,1
irishproblems,83,24
cardfightvanguard,83,36
Tabs,83,60
nbagames,83,1
rccars,83,53
visualnovels,83,53
bahuja,83,1
Pensacola,83,52
XFiles,83,48
government,83,47
Simulate,83,18
aoe2,83,51
PokemonRaps,83,30
DowntonAbbey,83,56
verizon,83,61
chromeos,83,57
Occupy,83,33
VirginiaPolitics,83,6
RandomActsOfOralSex,83,23
debs_and_doxies,83,0
bookexchange,83,57
BeautyDiagrams,83,12
notredame,83,40
myevilplan,83,49
raisingkids,82,26
MyLittleFoodManes,82,21
identifythisfont,82,66
UnrealGirls,82,1
Permaculture,82,51
AmIFreeToGo,82,17
Entomology,82,49
Forex,82,40
twinks,82,18
TechoBlanco,82,10
led_zeppelin,82,25
saab,82,51
Shitstatistssay,82,51
puppies,82,56
Anticonsumption,82,52
celebrity,82,49
ExpectationVsReality,82,44
HighlightGIFS,82,27
nsfw_celebrity,82,16
80smusic,82,19
steamfriend,82,47
badMovies,82,46
metaTSG,82,19
ForgeWar,81,57
foxes,81,38
onthegrid,81,8
TinyHouses,81,42
Knoxville,81,47
Jaguars,81,41
Maya,81,54
duolingo,81,45
activism,81,52
Femdom,81,32
teen4teen,81,33
whitedudes,81,1
misfitstv,81,52
wtfart,81,46
malefashion,81,31
recipespoint,81,1
Switzerland,81,53
esports,81,49
chromebook,81,55
cocaine,81,34
digimon,81,46
aberoth,81,27
FirePorn,81,44
collegehockey,80,35
kuro5hit,80,6
internationalpolitics,80,27
airsoftcirclejerk,80,31
vertical,80,39
retrogameswap,80,44
TreesAMAA,80,42
Idliketobeatree,80,44
bestofthefray,80,25
tightdresses,80,24
powerrangers,80,48
Porn_And_Hentai,80,2
fnv,80,63
msu,80,50
AdultPicsNSFW,80,1
orioles,80,51
scooters,80,53
japanesemusic,80,38
Shave_Bazaar,80,45
TightShorts,80,32
lookatmyboyfriend,80,33
solotravel,80,56
Gundam,80,55
poland,80,63
neuro,80,58
greekreddit,80,5
iran,80,51
yrc,79,12
montageparodies,79,56
homestead,79,62
police,79,34
DMB,79,38
outside,79,55
peloton,79,21
mindcrackredditserver,79,23
SOS,79,4
Game0fDolls,79,27
ragenovels,79,36
crappyvideos,79,35
Denton,79,56
DessertPorn,79,41
frenchnews,79,1
WhereAreTheFeminists,79,14
natureporn,79,44
onebros,79,47
madmen,79,65
ThingsThatAreBadass,79,41
turtle,79,44
timelapse,79,47
CuteGuyButts,79,23
IsJewBoyMarriedYet,79,44
blackgirls,79,24
diet,79,54
Reds,79,30
GNV,78,48
retrogaming,78,36
steamsecretsanta,78,43
Toyota,78,52
BEST_PORN_PICS,78,1
angelsbaseball,78,39
phxcc,78,2
smoking,78,53
NoTorso,78,2
listentousagain,78,17
bakedart,78,43
puns,78,54
edmprodcirclejerk,78,37
nude,78,30
marvelstudios,78,17
razer,78,57
humanism,78,33
facedownassup,78,28
bollywood,77,30
celebsnaked,77,4
Eminem,77,38
merlinbbc,77,37
Punk_Rock,77,39
doodleordie,77,33
pug,77,55
Amsterdam,77,57
baby,77,50
nongolfers,77,54
animemusic,77,41
femalehairadvice,77,40
FloridaGators,77,23
GoneInsane,77,12
asktrees,77,49
sushi,77,49
drwho,77,46
Daggerfap,77,12
dubai,77,52
wemetonline,77,39
BerryTubeLounge,77,23
HDR,77,35
shanghai,77,45
UCSC,77,49
BikeShop,77,40
AlessandraAmbrosio,77,5
MobileAL,77,47
everquest,77,56
DesignPorn,76,34
iOSProgramming,76,55
adventureporn,76,7
Corruption,76,25
motorsports,76,47
toiletselfies,76,14
Bowling,76,52
electronica,76,14
highdeas,76,51
asianamerican,76,31
entgaming,76,47
Ripster,76,3
metalmusicians,76,52
teenagerstinychat,76,16
cinematography,76,49
dungeondefenders,76,57
trains,76,47
OnceUponATime,76,51
myfriendwantstoknow,76,46
Ford,76,44
ludumdare,76,65
folkmetal,76,49
foreskin,76,22
BarefootRunning,76,59
Helicopters,76,41
londonontario,76,50
spaceflight,76,37
discexchange,76,31
1000words,75,12
minecraftseeds,75,44
Shoes,75,54
diannaagron,75,5
BPD,75,41
EmmaStone,75,28
OneY,75,41
EatCheapAndHealthy,75,25
PuertoRico,75,32
reddit_space_program,75,24
arizona,75,54
holidays,75,63
residentevil,75,51
japanese,75,46
geography,75,45
I_am_the_last_one,75,17
ShittyTodayILearned,75,43
truebestof2012,75,6
Blacksmith,75,53
pregnant,75,45
northkorea,75,35
Metallica,75,43
Porn_Pics,75,1
Shootmania,75,38
JoeyandTheGang,75,4
deepthroat,75,38
UWMadison,75,47
harvestmoon,75,43
DeadSpace,75,46
2MSF,75,3
Battlefield,75,45
Hips,74,4
rapecounseling,74,39
Clemson,74,45
BlackGirlPics,74,5
shortwave,74,5
Hammocks,74,56
Casino,74,21
elderscrollsonline,74,31
truethrash,74,18
voluntaryism,74,9
Nissan,74,60
ForeverAloneWomen,74,33
ecig_vendors,74,21
mcmastercraft,74,14
VideoPorn,74,45
ChristianCreationists,74,11
greatdanes,74,49
newhampshire,74,45
mylittlefortress,74,43
MouseReview,74,11
Offensive_Wallpapers,74,33
SketchComedy,73,33
HardcoreSMP,73,37
heat,73,32
disability,73,52
mildlyamusing,73,52
rickygervais,73,40
GODZILLA,73,42
soul,73,18
MachineLearning,73,56
christcore,73,19
transpositive,73,45
freedesign,73,41
longrange,73,38
Fluttershy,73,25
AdrenalinePorn,73,29
rupaulsdragrace,73,44
freeculture,73,15
farming,73,45
WouldYouRather,73,41
jerkingcenter,73,6
LondonSocialClub,73,38
ScienceCanada,72,1
IsraelSubredditWatch,72,3
Trombone,72,46
cablefail,72,49
ClimbingCircleJerk,72,39
streetwear,72,27
SocialEngineering,72,47
CAKEWIN,72,48
NolibsWatch,72,8
fcs,72,25
weddingnwedding,72,1
Mariners,72,32
pornsexpics,72,2
DaftPunk,72,51
DeadMatter,72,21
SkinnyWithAbs,72,6
skanks,72,2
AskNetsec,72,50
solar,72,44
bitchimabus,72,51
Nipples,72,26
yester,72,48
analogygifs,71,49
oceans,71,41
googleplus,71,44
undergroundbound,71,2
TruthInPolitics,71,5
yulair,71,1
Coldplay,71,40
GetStudying,71,48
cupcakes,71,46
youngjustice,71,35
WomenOfColour,71,21
Moustache,71,42
AcousticOriginals,71,44
Pokeents,71,48
yugijerk,71,17
BassVI,71,8
FinancialCareers,71,48
maryland,71,51
TWD,71,40
deadfrontier,71,17
swordartonline,71,32
SonicTheHedgehog,71,43
deltaminecraft,71,20
FutureWhatIf,71,46
riotpls,71,46
steamdeals,70,47
SkyrimHelp,70,58
GroupOfNudeGirls,70,13
JLeague,70,5
theunexplained,70,1
credditMWO,70,42
craigslist,70,39
Bikini,70,31
Krivoshein,70,11
eu3,70,42
avocadosgonewild,70,45
Militaryfaq,70,41
NamePuns,70,17
RBI,70,41
hyoyeon,70,3
whatsthisbird,70,37
mylittlecomics,70,7
SoftcoreNSFW_GIF,70,2
beach,70,28
soundtracks,70,43
yankees,70,38
moombahton,70,42
Flyers,70,47
mylittlefanfic,70,38
amv,70,48
WheelchairJimmy,69,18
acappella,69,50
FlashGames,69,45
lostgeneration,69,34
ChocolateStarfish,69,6
flightsim,69,50
Applejack,69,10
tulsa,69,47
Mario,69,51
helmetcam,69,1
shittybattlestations,69,47
nethack,69,29
ripcity,69,29
modelmakers,69,45
maturewoman,69,26
PearlandNerd,69,24
gabber,69,31
WoodNymphs,69,6
DrawnHuge,69,1
techtheatre,69,56
wet,69,21
polandball,69,25
twilightsparkle,69,15
BackYardChickens,69,44
Bluegrass,69,50
photobomb,69,44
gayotters,69,3
Blacklight,69,46
livesound,69,44
chastity,68,22
Coachella,68,39
NudeForPublic,68,2
CaribbeanGirls,68,5
happygaps,68,20
highereducation,68,37
classywomenofcolor,68,8
TorontoCityHall,68,4
auslaw,68,48
Autistic,68,18
merchents,68,31
MetaHub,68,20
rollerblading,68,36
gaysian,68,22
VolleyballGirls,68,12
faceswap,68,45
90daysgoal,68,13
Chattanooga,68,51
oregon,68,47
suavein,68,2
LawFirm,68,40
shittymcsuggestions,68,41
sailormoon,68,44
LV426,68,39
ecigclassifieds,67,39
IdleNoMore,67,22
TheAmpHour,67,8
triangle,67,41
Dualsport,67,42
neuroscience,67,39
fetish,67,34
Saggy,67,4
DickSlips,67,8
TheDarkTower,67,52
FortWorth,67,52
darknetplan,67,36
proper,67,47
selfpix,67,10
tech,67,48
MilaKunis,67,25
gaygentlemanboners,67,3
Edinburgh,67,50
DanceTutorials,67,6
BeautyBoxes,67,40
RealEstateNews,67,40
Pee,67,30
NSFWSWORDS,67,2
celestia,67,10
dirtyr4r,67,22
indonesia,67,48
timberwolves,67,44
Hungergames,67,47
sharepoint,67,50
freehugsmc,67,21
firewater,67,42
Bikeporn,67,44
baseballcirclejerk,67,29
osx,66,38
SuperpowerConditions,66,33
assassinscreed3,66,47
MMJ,66,38
longbeach,66,39
rescuedogs,66,38
BorderCollie,66,38
kateupton,66,35
Dublin,66,32
jackrussellterrier,66,40
amateurgfs,66,7
Madden13Fastchise,66,17
hetalia,66,31
GoNets,66,21
SilhouettePorn,66,9
girlsinleggings,66,11
MusicForConcentration,66,44
Reno,66,38
FootFetish,66,28
amazon,66,50
FalseFlagWatch,66,5
UniversityofReddit,66,37
dongtouchinfo,66,1
SkyrimPorn,66,46
ArtGW,66,16
EndlessSpace,66,41
ScotchSwap,66,41
NOG,66,1
pcgamingtechsupport,66,48
Leadership,66,33
moviecritic,66,21
AnimeFigures,66,32
FoxyLadies,66,24
StanleyKubrick,66,20
taiwan,66,52
mydrunkkitchen,66,35
Oriental,66,7
Stoicism,66,27
Glitchhop,65,42
postcards,65,1
stgregoryschool,65,14
newyork,65,50
Foodnews,65,11
wildcats,65,25
HipHopImages,65,42
groupsex,65,22
NFLFandom,65,8
Abstergonetwork,65,32
AnnArbor,65,44
drumstep,65,37
katyperry,65,31
scala,65,25
melodicdeathmetal,65,31
booty,65,21
elianscript,65,23
UGA,65,43
trueminecraft,65,21
bustybabes,65,39
makeupexchange,65,38
cat,65,33
ineedafavor,65,38
AZCardinals,65,44
computergraphics,65,44
Vegetarianism,65,26
NOTSONEWREDDITS,65,40
insects,65,45
webmarketing,65,44
ColoradoSprings,64,40
nanowrimo,64,54
PHPhelp,64,29
UofT,64,37
gmu,64,40
nakedbabes,64,2
demonssouls,64,35
financialindependence,64,38
BTFC,64,47
wsu,64,40
MitchellAndWebb,64,34
Ohio,64,36
ipadmusic,64,28
SRSMythos,64,28
thrashmetal,64,32
FortCollins,64,45
ytp,64,21
SAO,64,41
tamrielscholarsguild,64,18
HappyEmbarrassedGirls,64,8
ukhiphopheads,64,15
WahoosTipi,64,16
liberalreality,64,7
quilting,64,46
ProgrammerHumor,64,47
UsernamesIllustrated,63,20
roblox,63,32
Watercolor,63,28
Porsche,63,43
BeardLovers,63,41
nbn,63,3
forsale,63,31
Birmingham,63,46
GayDaddiesPics,63,25
RapAcid,63,2
GroupChess,63,10
Cetacea,63,3
BacktotheFuture,63,39
AverageMisfires,63,25
boobbounce,63,16
Mylittlenosleep,63,21
Contest,63,34
bikecommuting,63,41
DramaAlert,63,27
eveporn,63,31
Fighters,63,39
Database,63,42
tappedout,63,35
leagueoflegendsPT,63,27
indiegameswap,63,21
batonrouge,63,43
gamemaker,62,34
D3GC,62,50
GT5,62,39
Cardinals,62,40
Huskers,62,43
wii,62,49
fonts,62,48
AustinClassifieds,62,29
O_Faces,62,25
ca_twitter,62,20
MusicAlbums,62,14
ghibli,62,44
FullmetalAlchemist,62,46
InlandEmpire,62,40
hydro,62,32
ToasterRights,62,40
headnodders,62,10
Banking,62,38
honorroll,62,2
Transhuman,62,32
Equality,62,36
TheNightsWatch,62,29
Catacombs,62,27
PeopleGettingScared,62,10
bookhaul,62,49
IngressInvites,62,45
illusionporn,62,40
GirlswithBodypaint,62,4
DetroitRedWings,62,42
travelphotos,62,32
LARP,62,43
tiara,62,8
electricians,62,42
VPN,62,46
postprocessing,62,39
pokemonarts,62,35
BestOfRetorts,62,2
Just18,62,2
BenignExistence,62,31
NYCjobs,61,36
Aprons,61,7
doomsday,61,39
normalnudes,61,22
collegesluts,61,37
mylittleconspiracy,61,38
starbound,61,39
MirandaKerr,61,17
Vore,61,17
oakland,61,40
jakeandamir,61,41
highseddit,61,19
Tokyo,61,51
chickflixxx,61,37
greed,61,18
basset,61,42
WorstOfSRS,61,7
cogsci,61,32
gamereviews,61,38
arrow,61,35
Nujabes,61,26
blogtraffic,61,34
SexDolls,61,23
kindlefire,61,45
scribblenauts,61,47
lightshow,61,39
spiral_knights,61,33
nsfwdumps,61,4
gravityfalls,61,41
motorcitykitties,61,28
politicvideos,60,6
movember,60,45
obscuresubreddits,60,9
knockers,60,23
VietNam,60,45
rally,60,38
Syria,60,38
trypophobia,60,38
cyclocross,60,31
Adoption,60,46
chicagoEDM,60,34
actuary,60,40
prowrestling,60,22
baseballoffseason13,60,17
property,60,47
drunkencookery,60,29
lacqueristas,60,27
ReefTank,60,42
RealLemonade,60,44
Hosting,60,54
Scams,60,49
chinchilla,60,34
burlington,60,27
humanrights,60,41
hentaibondage,60,10
barista,60,42
UserCars,60,40
AFL,60,47
StanfordCardinal,60,7
Intelligence,60,23
speedos,60,2
NBASpurs,60,28
marijuanaenthusiasts,59,37
That70sshow,59,18
FrugalFemaleFashion,59,31
CINEMAXTREMA,59,0
animecirclejerk,59,26
NewZealandFilm,59,2
musicals,59,45
voluptuous,59,28
worldwhisky,59,28
lebanon,59,29
MathHelp,59,38
Internet_Box,59,37
thighhighs,59,9
GangnamStyle,59,44
volleyball,59,33
comicswap,59,32
weed,59,37
snapchat,59,23
TelevisionPosterPorn,59,8
Maps,59,48
redditlogos,59,39
charactercrossovers,59,19
Themepark,59,34
tumprn,59,2
hamsters,59,37
rnb,59,25
SoccerBetting,58,22
PSP,58,26
russellwilson,58,15
truthfulteenopinions,58,18
AskUK,58,28
BestOfStreamingVideo,58,18
peaceforpalestine,58,1
LeedsUnited,58,15
playwithme,58,28
goldredditsays,58,41
AskBattlestations,58,42
NarFFL,58,44
TheresARedditForThat,58,29
men_in_panties,58,21
htc,58,46
MetalPorn,58,23
shakespeare,58,32
AskModerators,58,41
TomHardy,58,28
homura,58,16
AnalyzingReddit,58,1
redditdev,58,38
DoctorWhoNews,58,0
NSFW_PORN_ONLY,58,5
Mastiff,58,31
BravestWarriors,58,26
musicians,58,37
blogger,58,37
castles,58,15
HVAC,58,49
gayporn,58,29
tarot,58,23
FootLocker,58,1
MLPvids,58,25
LongformWebcomics,58,18
CyberSlam,58,8
thesimscc,58,21
MultipleSclerosis,58,37
Modern_Family,58,24
agitation,58,25
GirlsinSchoolUniforms,58,19
Pottery,58,42
gradadmissions,58,41
pantyhose,58,15
SurvivalTech,57,18
BitMarket,57,35
USHistory,57,28
bristol,57,39
tarantulas,57,38
lonely,57,31
diyaudio,57,39
festivals,57,40
CysticFibrosis,57,32
NovaScotia,57,11
ReverseEngineering,57,34
macsetups,57,39
femalepov,57,26
ClimbingPorn,57,20
jazzyhiphop,57,24
agnostic,57,28
bestpornimgs,57,1
webhosting,57,50
classicalguitar,57,39
DestructionPorn,57,33
nin,57,39
martinfreeman,57,13
no_sob_story,57,20
skivvies,57,4
bloopers,57,1
TrueWalkingDead,57,21
EntExchange,57,25
perl,57,37
mattsmith,57,17
panties,57,11
bodymods,57,38
malelivingspace,57,42
jeddit,57,20
BabyExchange,57,36
InsanitysRealm,57,5
Swingers,57,31
earthbound,57,40
USCivilWar,56,23
harmonica,56,32
NEU,56,48
modded,56,4
ArtHistory,56,39
ModestMouse,56,36
Islamiates,56,1
controversial,56,35
IndianaUniversity,56,33
moderatepolitics,56,35
questions,56,32
koreangirls,56,6
exchristian,56,31
SanJose,56,36
Kayaking,56,34
FFSocks,56,9
badparking,56,11
HTML,56,34
bigbangcomics,56,12
squirting,56,36
inspirational,56,22
genderqueer,56,31
Rottweiler,56,32
baduk,56,37
kratom,56,33
mobile,56,42
jquery,56,37
Glammilk,56,1
watchpeopledie,56,28
ducks,56,22
3Dmodeling,56,36
xboxlive,56,38
SCW,56,16
cesky,56,7
jambands,56,36
ReadMyScript,56,34
GBr4r,56,22
animenocontext,56,35
siberianhusky,56,40
craftit,56,44
CollegeAmateurs,56,18
NigelThornberry,56,36
aquajewhungerforce,56,6
bichonfrise,56,23
Broadway,56,31
nsfwsexgif,56,22
html5,55,38
darksoulsbuilds,55,37
ramen,55,37
ActionFigures,55,35
REDDITEXCHANGE,55,30
shibe,55,30
pinball,55,39
Bellingham,55,43
CalPoly,55,48
dragonage,55,42
WC3,55,21
Fuzzrock,55,3
taoism,55,33
satanshelpers,55,36
spain,55,46
Ebony,55,11
vidoes,55,36
norfolk,55,32
ClassicMetal,55,9
GaragePunk,55,27
metro2033,55,47
sunnyvalesound,55,1
GetMotivatedBuddies,55,34
mtgaltered,55,20
Exercise,55,44
translation,55,36
Thetruthishere,55,39
deepstep,55,3
smalldicks,55,4
l4d2,55,35
AdvancedFitness,55,33
PassionSex,55,13
Colombia,55,34
bookporn,55,25
gaaaaaaayyyyyyyyyyyy,55,33
anythinggoesblog,54,28
GodlessWomen,54,13
XWingTMG,54,29
InternetAMA,54,39
iamgoingtohellforthis,54,18
boatporn,54,32
realbikinis,54,2
meat,54,41
LoLGaymers,54,29
Career,54,37
Cinema4D,54,37
sales,54,40
filth,54,27
canucks,54,27
RepublicOfNews,54,4
jpop,54,31
bryansfaceonthings,54,8
baconreader,54,42
bloomington,54,41
Lyra,54,11
90sAlternative,54,17
vsangels,54,6
TheKillers,54,36
nogagreflex,54,7
funk,54,33
Rockband,54,34
TOmaps,54,2
100movies365days,54,15
TheBalding,54,1
Nekomimi,54,9
CultCinema,54,12
Baptist,54,6
ArtAndCrafts,54,1
TeaGirls,54,1
gentlemenboners,54,25
subredditofthedead,54,15
Dermatology,54,32
hyggens_univers_arkiv,54,1
CyanideandHappiness,54,29
TreesSuckingAtThings,54,37
rag,53,11
leafs,53,32
yaoi,53,13
Cubs,53,30
ruse,53,1
Boxers,53,38
consulting,53,42
crustpunk,53,31
Nexus,53,35
buttplug,53,19
AppalachianTrail,53,37
upsidedowngirls,53,1
ruralporn,53,10
LAClippers,53,17
troubledteens,53,10
GetEmployed,53,36
bitcointip,53,31
LoLChampConcepts,53,32
LookAtMyTree,53,44
kvariety,53,17
SQL,53,39
ca_chat,53,20
StonerPhilosophy,53,31
wreckedrdt,53,17
wma,53,10
TexasTech,53,33
BicyclingCirclejerk,53,29
cfbmemes,53,38
UBC,53,30
HowToHack,53,28
getting_over_it,53,38
Paul,53,16
cassetteculture,53,34
bizarrosinbarreras,53,2
bloodextremegore,53,2
BritishLadyBoners,53,24
lincoln,53,31
Random_Acts_of_Etsy,53,22
WWCC,53,3
albacraft,53,15
rockets,53,34
victoriajustice,53,20
Anarchy101,53,34
botany,52,29
9gag,52,25
NoShitSherlock,52,27
quoteporn,52,30
Fibromyalgia,52,35
HBL,52,36
EnoughObamaSpam,52,14
Pokemonexchange,52,31
Alienware,52,32
csharp,52,27
GWCouples,52,18
adultgifs,52,13
truetech,52,7
Fixxit,52,39
xsmallgirls,52,15
straightedge,52,35
linuxmint,52,35
GoneWildTube,52,15
boating,52,23
vinylscratch,52,24
IUBB,52,15
librelife,52,4
austinjobs,52,28
TheRedPill,52,13
newtothenavy,52,27
OneGameAMonth,52,38
software_design,52,5
bioinformatics,52,38
veg,52,16
antisrs,52,28
ScarlettJohansson,52,21
InstagramShots,52,19
couchsurfing,52,28
Zappa,51,25
dub,51,25
twincitiessocial,51,26
fiction,51,27
stories,51,33
Foofighters,51,32
node,51,34
CivcraftPropaganda,51,5
Bitcoinforum,51,5
CMDY,51,3
gaymusic,51,2
melodichardcore,51,28
bookshelf,51,32
TheB1G,51,36
SoSE,51,26
GirlsInMessyRooms,51,5
leotards,51,12
rock,51,33
E2eopticians,51,1
annakendrick,51,27
LaLiga,51,11
swinghouse,51,32
Bulge,51,1
audiolotion,51,3
email,51,26
techhelp,51,28
appletv,51,38
titlist,51,24
AcademicPhilosophy,51,23
MST3K,51,36
Clannad,51,29
Porn_Tubes,51,18
ptsd,51,28
NationalSocialism,51,4
moviemusic,51,31
Faiget,51,4
nook,51,36
SBU,51,30
fittings,51,25
UnsentMusic,51,27
riddles,51,32
aaaaaatheismmmmmmmmmm,51,29
electronicdancemusic,50,17
treesdating,50,23
dustforce,50,39
providence,50,34
southcarolina,50,23
centralpa,50,25
Wales,50,24
karate,50,32
bodr,50,1
reasoners,50,27
snes,50,39
musicgifstation,50,34
mylittledaww,50,13
MedicalBulletin,50,4
Delaware,50,33
gorillaz,50,34
GW2_Guild,50,24
goingtohellforthis,50,28
Yagmurdamlasi,50,1
Clojure,50,24
DOG,50,31
planetsidefunny,50,1
ExamplesOfEvil,50,2
swedents,50,24
olympia,50,38
gilf,50,6
chesthairporn,50,19
Velo,50,33
Random_Acts_of_Books,50,28
Shihtzu,50,35
newfoundland,50,30
Erotica,50,24
TwoBestFriendsPlay,50,11
ASU,50,35
happyendings,50,24
futbolmx,50,12
fasting,50,23
judo,50,28
TCCirclejerk,50,19
robertdowneyjr,49,12
SFr4r,49,18
fulltvshowsonyoutube,49,31
311,49,7
Tobacco,49,23
ecology,49,27
optometry,49,29
WowUI,49,31
lgbtaww,49,33
Shotguns,49,29
peacecorps,49,31
BiGoneMild,49,27
kde,49,25
MilitaryConspiracy,49,8
Temple,49,27
coding,49,35
WWEGames,49,30
spotted,49,30
puzzles,49,32
jawcrusher,49,1
PPC,49,26
tabletopgamedesign,49,37
redditbay,49,16
blackcock,49,3
mspaint,49,29
Fun,49,19
OpenChristian,49,25
WtSSTaDaMiT,49,24
springbreakers,49,1
dxm,49,24
Tacoma,49,33
hotels,49,44
alpinism,49,32
ainbowdash,49,19
slp,49,28
Adgeek,49,6
mormon,49,34
TheAgenda,49,1
LightGraffiti,49,31
Fencing,49,38
BarRefaeli,49,5
adventuregames,49,23
arity,48,14
drawsome,48,20
Macklemore,48,30
paleoconservative,48,12
Give_Me_Karma,48,19
AdamCarolla,48,36
Protestant,48,18
FractalPorn,48,28
PrettyOlderWomen,48,3
projectmanagement,48,28
awe,48,25
Surveys,48,30
Queens,48,19
SRSMailbag,48,20
KPopLadyBoners,48,6
Sprint,48,32
UnashamedGuys,48,0
chicagotrees,48,23
oasis,48,13
ChristianMusic,48,27
qwep,48,1
opinion,48,26
SelenaGomez,48,18
costa_rica,48,32
SCREENPRINTING,48,33
fweddit,48,22
UCONN,48,38
Spokane,48,38
AdPorn,48,23
MW2,48,30
whatstherumpus,48,5
00sRock,48,6
SSBPM,48,19
KimKardashianPics,48,13
WoWGoldMaking,48,20
DebateCommunism,48,26
DontPanic,48,29
NAPL,48,15
Riot_porn,48,4
Facials,48,23
atx4atx,48,20
homeschool,48,23
ShitGoneWildSays,48,4
bimbofetish,48,17
typewriters,48,31
sexyimages,48,8
breakbeat,48,27
bonnaroo,48,25
BALLET,48,24
3dprinter,48,2
RandomActsofMakeup,48,30
Hauntingtunes,48,13
pinkiepie,48,17
bluesrock,48,22
Throwers,48,21
Debate,48,32
brandnew,48,33
hollywoodundeadforum,48,15
ClassyPornstars,47,21
write,47,25
Nepal,47,24
kittens,47,39
HipHopInstrumentals,47,25
fantasybasketball,47,34
GaryJohnson,47,18
Louisiana,47,26
Megaten,47,30
LetMeMod,47,18
taxes,47,27
Vindictus,47,28
indiewok,47,25
arttocope,47,20
Ghosts,47,31
OrthodoxChristianity,47,25
ButterflyWings,47,9
sexystories,47,22
Rammstein,47,28
bigdickgirl,47,5
Queercraft,47,20
tesdcares,47,3
ahegao,47,8
exposedinpublic,47,3
iiiiiiitttttttttttt,47,32
internationalbusiness,47,7
LibertarianLeft,47,22
interesting,47,30
Cisco,47,33
selfshotgirls,47,21
Petition,47,28
highschool,47,27
DanishEnts,47,28
Caverns,47,2
fossworldproblems,47,33
Washington,47,32
catpranks,47,30
PostCollapse,47,36
Munchkin,47,36
noiserock,47,25
SubredditDramaDrama,47,27
CuckoldCommunity,47,19
chicagor4r,47,19
Tekken,47,23
ambient,47,30
mctourney,47,31
Webseries,47,31
vintageaudio,47,31
Sooyoung,47,4
style,47,31
timbers,47,25
burial,47,22
AsianChicks,47,1
textstochris,46,22
asianeats,46,21
FanFiction,46,36
malesgonewild,46,19
kpoop,46,10
SWORDS,46,35
interview,46,34
subredditoftheday,46,12
Iowa,46,34
PicsOfDeadToasters,46,17
psychologyofsex,46,5
PublicRelations,46,25
TheHoneyFuckles,46,3
ScottPilgrim,46,33
americandad,46,28
BobsBurgers,46,29
MarkDreher,46,2
AdvancedRunning,46,29
springfieldMO,46,32
boyshorts,46,7
studyAbroad,46,35
gggg,46,36
Austria,46,33
NCSU,46,31
KowaiMorning,46,6
AutomobileTechnology,46,36
troutfishing,46,20
SexyWallpapers,46,3
Dodge,46,27
needamod,46,27
Laptop,46,38
django,46,36
awwnverts,46,15
dirtydeeds,46,1
nonmusic,46,2
Cityofheroes,46,33
CelebsWallpaper,46,10
wtfdidijustread,46,23
reddit_to_go,46,34
SexyMusicVideos,46,2
MineZClans,46,31
Madrid,46,22
frugalbeauty,46,16
jilling,46,13
fastfood,46,24
Cardiff,46,10
cfs,46,21
BusinessIntelligence,46,35
Hucow,46,6
kettlebell,46,25
weimaraner,46,27
1911,46,31
estimation,46,35
naturepics,46,16
kik,46,15
themvoices,46,1
AerialPorn,46,8
sweepstakes,46,12
joomla,46,26
houstonents,46,17
rule34requests,46,25
vim,46,37
MotionDesign,46,36
BagelPorn,46,23
badcompany2,46,24
Slackline,46,39
musiciansblogs,45,8
RUGC_Midwest,45,25
playwriting,45,11
thecherno,45,17
ketocirclejerk,45,20
blackculture,45,10
dcuonline,45,32
TechnologyNewsUK,45,1
mtgcube,45,19
thenebulous,45,10
Joymii,45,10
ElPaso,45,33
happyhardcore,45,29
Wellington,45,27
steroids,45,19
metametacirclejerk,45,24
liquor,45,28
webcomicsenespanol,45,4
driving,45,33
randpaul,45,10
mercedes_benz,45,29
gfur,45,7
paggot,45,14
TheCoolestKids,45,8
algorithms,45,26
chemicalreactiongifs,45,26
SnsdYoona,45,4
ilstu,45,25
PokemonMelanite,45,18
KingkillerChronicle,45,38
Beekeeping,45,25
AngieVaronaLegal,45,9
addiction,45,31
LivingFossils,45,14
Magento,45,31
PhilosophyofScience,45,30
KDRAMA,45,27
pagan,45,31
Rants,45,24
GothFashion,45,0
PornoArgentino,45,1
needforspeed,45,29
Cascadia,45,26
Dietandhealth,45,31
YoungMomsYoungDads,45,1
TheWatchTowers,45,1
Inglip,45,9
beercanada,45,19
linuxadmin,44,32
Vent,44,24
Friendzone,44,25
dayton,44,36
AnthonyBourdain,44,2
USF,44,26
amateursologirls,44,1
DungeonsAndDragons,44,32
cycling,44,31
arielrebel,44,11
doctorwhocirclejerk,44,19
LSAT,44,24
Warthunder,44,17
FML,44,29
fcbayern,44,21
SexPositive,44,31
PocketPlanes,44,22
CafeRacers,44,24
clevelandcavs,44,21
LGBTnews,44,22
nope,44,31
GayChubs,44,14
HotInTheKitchen,44,14
computerhelp,44,31
TheUnderboob,44,6
creepygaming,44,31
jmu,44,26
eyebombing,44,31
tacobell,44,29
tf2memes,44,28
tourism,44,33
DesignMyRoom,44,33
CodeLyoko,44,15
AntiAntiJokes,44,17
MedalofHonor,44,28
psychotherapy,44,29
Sprinting,44,19
NeuroFunk,44,21
christianblogs,44,18
NYCapartments,44,20
kol,44,22
90scartoons,44,13
howyoudoin,44,31
baylor,44,24
loopaday,44,1
transit,44,16
savannah,44,30
donaldglover,44,34
illinois,44,22
infp,44,19
cameltoepics,44,2
gloving,44,27
desmoines,44,31
Gold,44,27
AngieVarona,44,3
Politics_Uncensored,44,7
Lubbock,44,30
adviceanimal,44,18
ChronicPain,43,28
LinkinPark,43,25
mensmagazine,43,1
metalworking,43,34
mensfashion,43,33
RedditNZB,43,31
OaklandAthletics,43,20
SummerGlau,43,15
PowerShell,43,32
shutupandwrite,43,14
moderatorproblems,43,23
straya,43,24
casualnintendo,43,32
AskShittyScience,43,21
SalsaMusic,43,3
onealbumaweek,43,24
fantasybaseball,43,29
eastborobaptistchurch,43,29
Acadiana,43,14
AdultMovies,43,10
Food_Pantry,43,25
Arkansas,43,32
seventhworldproblems,43,30
intimatechicagor4r,43,14
satire,43,26
TrueAskReddit,43,25
mileycyrus,43,12
Guelph,43,22
fractals,43,22
mandolin,43,30
poi,43,26
deaf,43,31
EvanPeters,43,10
Gameboy,43,26
aviationpics,43,24
squirrels,43,25
scholarships,43,14
restaurants,43,38
braswap,43,16
jhu,43,23
unheardof,43,27
nsfw_selfshot,43,1
lanparty,43,26
GeekTool,43,31
GBCulinary,43,2
Articles,43,32
italodisco,43,19
feminineboys,43,18
slingbikini,43,10
garage,43,25
FeatsofStrength,43,1
indonesian,43,0
Animedubs,43,4
interracial_porn,43,19
deftones,43,23
fatbike,43,15
newmusic,43,21
ambien,43,22
Kristen_Stewart,43,16
dust514,43,26
haiku,43,26
MiaSollis,42,3
ShittyPhotoshop,42,31
PublicFlashing,42,11
censorship,42,19
AdventureTravel,42,3
wichita,42,26
playstation,42,32
Whippets,42,19
SkypePals,42,16
asatru,42,24
seethru,42,21
guitars,42,26
Shop,42,30
TOR,42,26
Orwellian,42,6
viva64,42,1
AskComicbooks,42,26
Juve,42,18
bostonr4r,42,15
hawkthorne,42,25
misophonia,42,30
request,42,24
BeavisAndButthead,42,10
PirateParty,42,6
DidYouKnowGaming,42,4
Canning,42,26
matt,42,29
shittyaskhistory,42,18
ASRoma,42,21
microbiology,42,29
mississauga,42,28
kings,42,18
satinpanties,42,6
CustomerService,42,32
dreamcast,42,23
clothdiaps,42,32
NSFWFirearms,42,1
Spider_Man,42,32
caps,42,27
forearmporn,42,16
appstate,42,34
lampwork,42,29
bloodlinechampions,42,21
EyeCandy,42,11
bassheavy,42,13
socialwork,42,28
Shoestring,42,20
youtubephilosophy,42,20
Philanthropy,42,25
thisdreamihad,41,32
Blondes,41,23
professionalcycling,41,7
insomnia,41,28
doowop,41,5
Veterinary,41,31
metaFixedcirclejerk,41,5
Logic_Studio,41,26
nflblogs,41,16
TechnicalDeathMetal,41,25
pornpedia,41,4
uwo,41,9
melodicmetal,41,9
Roku,41,26
MyLittleMotorhead,41,18
MiaMalkova,41,4
Mabinogi,41,21
Shadowrun,41,31
MakeMeADeck,41,28
TheseAreOurAlbums,41,32
Barcelona,41,31
venturebros,41,35
thesca,41,2
snowmobiling,41,29
AmateurBeauties,41,1
xkcd,41,24
LadyGaga,41,28
BostonU,41,25
groovesharkplaylists,41,29
Konsumenten,41,1
EbbaZinngmark,41,3
butthurtrepublicans,41,6
90smusic,41,11
fireemblem,41,30
needforinformation,41,1
glasgow,41,29
Homosexual,41,4
WiiHacks,41,31
smartphonesupdates,41,27
saudiarabia,41,26
umass,41,30
Sexxxypics,41,2
EngineeringPorn,41,31
highspeedrail,41,2
hugeboobvideos,41,30
windowsapps,41,21
oldiemusic,41,5
discworld,41,32
Darts,41,29
MyLittleOutOfContext,41,23
BeautyNF,41,3
SelfshotAmateurs,41,2
lyrics,41,27
pokemonrng,41,25
auburn,41,31
GaymersMinecraft,41,24
WTF_Florida,41,20
cleverbot,41,27
papercraft,41,19
ChristopherHitchens,41,23
gis,41,34
minnesotatwins,41,20
MontrealEnts,41,17
buccos,41,20
Nationals,41,27
Montana,41,30
atheistarticles,41,22
stunfisk,41,28
bboy,40,30
knifeclub,40,19
ccna,40,24
xmen,40,27
Deusex,40,21
allrages,40,12
Pixar,40,21
plasmacosmology,40,3
FestivalSluts,40,19
Cello,40,31
nsfw_latingirl,40,1
SRSAnime,40,12
sooners,40,24
dgu,40,19
Big_Ass_Big_Boobs,40,3
ApostrophePatrol,40,5
speling,40,7
Gwinnett,40,14
MAME,40,25
industrialmetal,40,18
Chinese,40,33
graphicnovels,40,30
UVA,40,30
GameOffers,40,7
cleanjokes,40,31
slumberparty,40,5
GreenParty,40,10
YouGotTold,40,19
Automate,40,9
landoflinks,40,3
3dsmax,40,28
OhCumOn,40,16
Otters,40,27
GiseleBundchen,40,2
painal,40,23
GoldenRealm,40,16
RichardArmitage,40,11
synthpop,40,12
golang,40,24
SpaceMusic,40,23
onions,40,27
Cthulhu,40,29
chicagobeer,40,23
TVReddit,40,22
RandomActsOfPetFood,40,20
podcast,40,22
deutschland,40,29
lebowski,40,26
SexToys,40,13
CafeHayek,40,1
PoliticalPhilosophy,40,19
PCOS,40,22
trans,40,10
100pushups,40,23
ThePopcornStand,40,14
adultswim,40,28
mcfisaspleef,40,12
CircleGaming,40,11
devblogs,40,23
russian,40,25
westofnuketown,39,18
ecycle,39,27
stephenking,39,30
AdviceOf,39,4
visualization,39,28
idesignedthis,39,22
excatholic,39,23
thisisjeopardy,39,12
bestofnetflix,39,29
NewCountry,39,8
ChemicalEngineering,39,30
MannWorkshop,39,16
myspace,39,24
commandline,39,34
RedditLaqueristaSwap,39,18
Puggle,39,20
BostonSocialClub,39,26
WisconsinBadgers,39,18
GirlsWearingHats,39,1
ghostbusters,39,24
comingsoon,39,2
BellaThorne,39,3
jayhawks,39,18
goth,39,20
i18n,39,25
electro,39,19
PSO2,39,23
KindleFreebies,39,25
reddittf2league,39,13
dayzlol,39,16
Rule34LoL,39,23
cryptography,39,31
devils,39,29
TodayIWore,39,14
Norse,39,23
whoselineisitanyway,39,19
KeepWriting,39,13
bugout,39,23
YTPL,39,11
bored,39,21
SRSQuestions,39,27
RTgamers,39,20
simpleliving,39,27
WiseWords,39,4
Trichsters,39,27
AMARequest,39,18
onlinegames,39,21
japanlife,39,25
NudeBeach,39,6
pcmods,39,27
skeeze,39,6
lotrmemes,39,15
besttubesex,39,3
cuse,39,6
ChristmasMagic,39,24
climatechange,39,27
arabic,39,29
genetics,39,30
Muppets,39,30
NudeFemaleWrestling,39,1
LaTeX,39,30
UniversityOfHouston,39,27
SoundersFC,39,24
MassEffectCNR,39,9
massage,39,32
bouldering,39,15
AsianGirls,39,20
NIU,39,24
Drexel,39,27
boyshort,39,1
Brainturds,39,1
Cakes,39,29
CutePurpleDinosaur,39,4
oliviawilde,39,17
juicybooty,39,7
pornswb,39,1
funnygifs,39,24
AtmosphericDnB,39,9
girlsontheirbacks,39,2
superherowhowouldwin,39,1
tibet,38,9
Natalism,38,2
Kentucky,38,25
metaldetecting,38,18
EDMRadio,38,17
BergenFall2012,38,14
tekkitservers,38,24
funy,38,23
Bathing,38,6
FreeAdultCams,38,1
animalromance,38,3
collared,38,12
Torontoevents,38,20
LiveFromNewYork,38,24
JustOneBoob,38,7
hardcore_sexy,38,1
Zarathustra,38,1
electricdaisycarnival,38,22
boobgifs,38,10
Sunlight,38,10
ektenyheter,38,4
Rights4Men,38,1
PloungeMafia,38,12
sustainability,38,28
TrollingAnimals,38,27
chicagojobs,38,25
Punkskahardcore,38,27
prolife,38,23
truezelda,38,28
massachusetts,38,19
BLoDM,38,8
NewSkaters,38,26
HotlineMiami,38,31
Careers,38,30
roasting,38,25
MadeMeSmile,38,29
dental,38,29
gingerdudes,38,4
techtalktonight,38,2
HackBloc,38,14
istanbul,38,23
askminecraft,38,28
ledzeppelin,38,15
plants,38,26
Catan,38,28
FaggotOP,38,5
Sororities,38,26
sc2partners,38,28
enoch,38,2
RedditGotDrawn,38,9
womenofcolorXXX,38,15
InstrumentPorn,38,25
budgies,38,21
globalhealth,38,7
astoria,38,20
Cruise,38,16
Dokumentationen,38,8
cosplayandcostumes,38,3
CivAttack,38,13
gundeals,38,21
cake,38,24
hinduism,38,25
AusFinance,38,19
vlogging,38,12
cupless,38,1
NaziHunting,38,8
redditcasual,38,17
twitchtv,38,27
FossilPorn,38,10
learnspanish,38,18
whitewater,38,22
DMT,38,20
antibaw,38,13
NotableComments,38,1
SongStems,38,25
GirlsinStripedSocks,38,16
VintageBabes,38,10
sex_comics,38,11
airguns,38,17
retiredgif,38,24
girls,38,21
Sandman,38,8
Chefit,38,29
captainmurphy,38,24
projectcar,38,27
vlog,37,14
mediocrekoalas,37,10
TimelyPorn,37,3
DobermanPinscher,37,22
footballtactics,37,15
Toonami,37,16
indiegames,37,23
ronpaulshops,37,6
day9,37,30
starcraft_strategy,37,30
SRSAnarchists,37,5
fasterthanlight,37,25
Berserk,37,27
Cheese,37,25
NJTech,37,19
PublicUpskirts,37,2
Bros4Bros,37,19
PrimeBestOf,37,20
emacs,37,28
SpaceBuckets,37,11
TheAtlantic,37,1
Disco,37,19
school,37,30
techsupportmacgyver,37,33
Bottomless_Vixens,37,12
futuresynth,37,10
Pinterest,37,27
AutoDetailing,37,23
tldrmovies,37,15
piratenpartei,37,11
OldSchoolFashionPorn,37,3
BestOnlineShop,37,1
CriticalTheory,37,17
popcult,37,13
TwiDash,37,4
NatureEyes,37,2
ElderScrolls,37,27
humanresources,37,23
Fingerboards,37,10
MuscledGoddess,37,1
perfectloops,37,18
elduche,37,3
LizzieBennet,37,25
LegendofDungeon,37,13
trolling,37,21
MGTOW,37,6
GirlTalk,37,22
AskComputerScience,37,26
AthleticGirls,37,19
AssassinOrder,37,14
physicsgifs,37,23
spilldotcom,37,2
Lawrence,37,24
barefootgirls,37,1
PoliticalScience,37,14
familyfriendly,37,16
BaltimoreAndDCr4r,37,14
xxxcaptions,37,9
toycameras,36,22
GonewildAlbums,36,15
booty_gifs,36,1
auckland,36,30
OnlineEducation,36,25
geologyporn,36,18
30daysit,36,7
customization,36,27
youngatheists,36,19
tutorials,36,26
exinferno,36,9
tech_house,36,25
birdreactiongifs,36,22
armedcitizen,36,1
AskLiteraryStudies,36,24
language,36,25
buildmeapc,36,19
OperationGrabAss,36,19
ents,36,25
terrariums,36,23
ldscirclejerk,36,14
CRH,36,24
SJSU,36,19
NorthCarolina,36,26
Shaboozey,36,10
beerblogs,36,20
TreesFortress2,36,19
Umphreys,36,22
FrontdeGauche,36,10
NakedProgress,36,11
TeamOctothorpe,36,3
gulliver,36,7
fragrance,36,29
USC,36,20
pinupstyle,36,7
litvideos,36,6
modeltrains,36,28
Roofing,36,29
SourceEngine,36,19
downtempo,36,20
vzla,36,19
Orgasms,36,18
GirlsinSkirts,36,4
WATMMContest2012Dec,36,25
StreetFighter,36,32
breakcore,36,15
Mars,36,21
Cigarettes,36,25
SoundsVintage,36,26
europeanmalefashion,36,25
cookingvideos,36,9
ABDLPersonals,36,17
pokemmo,36,21
WestVirginia,36,27
ArtOfSciFi,36,1
ludology,36,16
RageOfBahamut,36,28
glitch,36,27
galeryfarm,36,2
witch_house,36,21
Melanime,36,12
Dresses,36,22
japanpics,36,8
Drag,36,16
ELINT,36,18
symphonicmetal,36,17
mbti,36,25
Everton,36,24
thewestwing,36,29
racing,36,23
whitesox,36,20
interestingasfuck,36,17
Interestingstuff,36,18
bravitity,36,4
thegdstudio,36,20
facesitting,35,23
Augusta,35,24
undies,35,7
OpIsAFag,35,22
WorldWideNews,35,2
beadick,35,12
unt,35,31
Meemees,35,8
IndianFetish,35,5
NewMovies,35,1
GhostcraftMod,35,19
AlAnon,35,24
funnyphilosophy,35,25
aikido,35,19
species,35,24
localpunkmusic,35,26
GaState,35,24
barelylegalteens,35,4
capstone,35,20
LittleRock,35,26
ANGEL,35,23
crypto,35,27
mysteriesoftheworld,35,11
verypunny,35,25
kopiikat_tunes,35,1
CrazyMikesapps,35,1
fuckingphilosophy,35,23
DeviantArt,35,20
FIlm,35,29
HappyBirthday,35,5
communication,35,24
Chiropractic,35,29
greenlightquality,35,12
ritforsale,35,16
dune,35,22
academiceconomics,35,20
RepublicOfModeration,35,2
teaexchange,35,23
WarshipPorn,35,15
springerspaniel,35,23
GoogleTV,35,17
GoneWildHairy,35,8
vanillabros,35,9
thinkpad,35,30
duluth,35,26
udub,35,29
Epilepsy,35,23
operabrowser,35,22
santarosa,35,21
mctestservers,35,25
TattooDesigns,35,17
SFBayJobs,35,24
bapcsalescanada,35,16
hypnosis,35,24
RandomActsofXbox,35,16
NSFWIAMA,35,21
donations,35,24
Classycraft,35,11
BDSMerotica,35,20
WritingPrompts,35,24
acoustic,35,22
arielwinter,35,2
ketorage,35,23
dotnet,35,28
SneakySeminoles,35,4
suits,35,26
SummonerPreschool,35,22
funny_gifs,35,24
FRC,35,26
Touhou_NSFW,35,12
codes,35,19
reddit_news,35,31
PERU,35,25
Nails,35,20
hawks,35,21
CLOUDS,35,22
itmejp,35,12
wireless,35,28
GossipGirl,35,19
labrats,34,25
dominion,34,23
homelab,34,27
Khan,34,27
drone,34,24
Crowdfunding,34,20
askmath,34,25
Accordion,34,20
r4rplus,34,14
retail,34,29
pointandclick,34,9
vcu,34,20
puppy101,34,22
toledo,34,25
Hey_Look_At_Me,34,1
Virginia,34,25
InsightfulQuestions,34,21
Pennsylvania,34,27
SocialLending,34,1
ChubbySilverDaddies,34,5
freehugsbf3,34,22
Ausfood,34,2
totalanguage,34,20
chicagofood,34,17
DJSetups,34,28
kinderyiff,34,1
ModdingMC,34,22
requests,34,20
fresno,34,26
turning,34,23
DesignJobs,34,24
CivChiapas,34,9
bobdylan,34,21
aww_gifs,34,1
0x10c,34,27
EarthScience,34,5
whowouldwin,34,19
AnimalCollective,34,24
SPACEJACK,34,11
Metroid,34,23
schizophrenia,34,19
stiefel,34,1
reditr,34,17
SolidWorks,34,26
flytying,34,19
SRSPOC,34,16
OzTREKK,34,1
chuck,34,24
disagreeable,34,21
tDCS,34,18
HairyCurvy,34,2
GuildWars,34,24
SketchDaily,34,7
wallstreetbets,34,12
TwoAndTwoIsFive,34,5
improv,34,27
ThankYouBasedGod,34,20
sysadminjobs,34,21
remee,34,17
mythbusters,34,31
timelinecovers,34,26
Toph,34,2
emperorsnewgroove,34,5
modclub,34,21
denverjobs,34,20
SFSU,34,24
moxxigonewild,34,5
Hairporn,34,8
DarkArts,34,0
mindfarm,34,8
MSAccess,34,22
AriaGiovanni,34,4
AmateurXXX,34,2
daniellescat,34,2
mantids,34,12
Hot_Women_Gifs,34,2
MelisaMendiny,34,3
AppliedDigitalEthics,34,1
WhatWouldYouRateHer,34,3
Wilmington,34,21
PanoramicPhotography,34,2
AmericanJewishPower,34,7
queen,34,22
Was,34,13
newsubreddits,34,18
Tuba,34,19
britishcolumbia,34,20
CaraDelevingne,34,2
HaveAPony,34,18
mizzou,34,20
apiecalypse,34,11
DiaryOfEarth,34,1
CompressiveSensing,34,1
wordpress4starters,34,3
derpyhooves,34,11
girlskissing,34,16
Radiology,33,21
policydebate,33,20
SRSMen,33,16
asianbabes,33,2
ChiList,33,15
YAlit,33,15
ASMRmusic,33,21
GIMP,33,25
Tushy,33,1
MaleUnderwear,33,8
migraine,33,22
AmateurAllure,33,0
skyrimclasses,33,14
BabiesOnFire,33,1
lakerssuck,33,1
SeaList,33,13
Zippo,33,27
covers,33,19
douchebagadvice,33,19
radio,33,23
dragonquest,33,9
Ghostmuffin,33,11
sixers,33,17
kotor,33,27
Paleontology,33,23
england,33,20
teknoloji,33,22
VXJunkies,33,26
DotCom,33,16
piratskamladina,33,4
UTSA,33,22
aws,33,24
gifsgonewild,33,1
capetown,33,19
Wildlife,33,24
SportsAesthetics,33,9
TittyDrop,33,10
SecretSubreddit,33,20
dodgeristhebest,33,1
RhodeIsland,33,23
mylittleonions,33,13
sharks,33,18
horseracing,33,13
StPetersburgFL,33,20
VGToolBox,33,4
HeavyClouds,33,10
sleep,33,25
Petitions,33,16
tapirs,33,6
CanadianHistory,33,4
propaganda,33,22
antisionisme,33,1
BostonBruins,33,23
randomactsofbirthday,33,20
openttd,33,20
WhiskeyReviews,33,5
nonmonogamy,33,18
waterloo,33,23
Archeology,33,21
girlswithbangs,33,3
other,33,21
automotive,33,29
WorldMusic,33,25
poodles,33,19
mandingo,33,11
JadeLT,33,1
Radical_Mental_Health,33,2
bigfoot,33,19
toolSquad,33,9
cpp_questions,33,17
Cornell,33,19
marriagestrike,33,5
reddeadredemption,33,18
Adirondacks,33,12
Dirtbikes,33,23
DOTA,33,16
SKIDROW,33,1
firstgradeproblems,33,19
FilmFaces,33,25
santacruz,33,22
GirlsGoneBitcoin,33,8
tdl,33,12
FeministHumor,33,18
LowEffort,33,3
amateurbondage,33,4
classic4chan,33,16
tits,33,12
it,33,25
telecommuting,33,19
uCinci,33,22
ancientworldproblems,33,22
JurassicPark,32,24
unicycling,32,21
Malware,32,18
BL2Guns,32,13
drugmemes,32,19
cumcoveredfucking,32,13
mildlyevilplots,32,17
Movie,32,17
america,32,19
ChelseaRidge,32,3
WomenWearingShirts,32,5
kitchener,32,29
PrettyLittleLiars,32,17
SportingKC,32,19
farscape,32,18
LawEnforcement,32,22
serialkillers,32,16
RockvilleMD,32,3
Slovenia,32,16
birthday,32,27
UCI,32,19
FilmIndustryLA,32,24
Christian,32,16
Thunder,32,19
Climbingvids,32,15
Shirtoftheday,32,2
BiancaBeauchamp,32,6
alberta,32,22
Greeley,32,7
TheNotley,32,1
MusicaNortena,32,3
fsm,32,29
RagnarokOnline,32,25
computing,32,27
electroswing,32,23
UAVDrones,32,1
Crong,32,1
IPhoneApps,32,19
Boneyard,32,4
QuakeLive,32,19
FarcryMaps,32,10
circlebrokecirclejerk,32,17
WingChun,32,21
ClassicScreenBeauties,32,17
gaeilge,32,19
Alabama,32,18
Crysis,32,22
ITdept,32,20
sport,32,17
chicagomusicscene,32,23
FineLadies,32,18
penguins,32,24
lookwhoimet,32,15
legaled,32,1
captioned,32,19
LibraryofBabel,32,18
ExamplesOfGood,32,6
Agriculture,32,23
SFBayHousing,32,22
Daww,32,22
IsaacChallengeRuns,32,17
NonAustrianEconomics,32,6
americanproblems,32,18
thingsfordesigners,32,1
DeliciousTraps,32,5
shittykickstarters,32,19
wallpaperdump,32,22
merica,32,14
doublebass,32,17
atlantamusic,32,16
truesweeden,32,21
freegames,32,25
LadiesofScience,32,25
moped,32,23
APC,32,4
Presidents,32,8
ChurchOfPurpleJesus,32,10
avsa,31,1
spod,31,1
fandomnatural,31,5
shittingadvice,31,13
girlsindresses,31,2
okc,31,18
pyangyong,31,15
memegifs,31,1
rdtclan,31,16
AC2,31,15
ToplessInJeans,31,5
circlebloke,31,5
valve,31,20
Hockeyprospects,31,7
Strongholdkingdoms,31,20
StruggleFucking,31,15
Waco,31,21
HelloKitty,31,22
MyCherryCrush,31,5
SantaBarbara,31,16
PlayingGuitar,31,13
meinmyplace,31,0
Indiana,31,25
WhiteWolfRPG,31,15
dragonsfuckingcars,31,18
Ornithology,31,21
ToxNetLab,31,1
espanol,31,9
imaginarymaps,31,13
Eesti,31,21
bangalore,31,21
nsfw_GifSound,31,20
mtlfilmmakers,31,2
amateurfights,31,13
QuadCities,31,17
cougars,31,0
TodayIdreamed,31,22
ru,31,17
ScottishHistory,31,7
Datsun,31,20
SquareEnix,31,10
austingaymers,31,12
Beautiful_Women,31,13
PhunkRoyal,31,4
MLPSecretSanta,31,20
Svenska,31,17
AgriculturePorn,31,18
MLPnews,31,10
GrandCherokee,31,22
SpiceandWolf,31,10
Indiegogo,31,23
selfshots,31,17
ShittyTechSupport,31,23
EatingDisorders,31,2
mustache,31,21
atlantar4r,31,7
INDYCAR,31,17
upvote,31,22
racer0940sFTBserver,31,7
supporters,31,15
ProjectRunway,31,5
abletonfeedback,31,15
softcorenights,31,6
Tree,31,13
twinpeaks,31,23
Golazoxxx,31,1
Antitheism,31,21
pchelp,31,14
tabletennis,31,16
DetroitPistons,31,16
atheist,31,18
usanews,31,9
MlpXbox,31,16
psydub,31,4
silenthill,31,22
COsnow,31,21
death,31,24
olympics,31,26
DragonsDogma,31,20
ForeignMovies,31,21
askgis,31,22
vintage,31,21
HelpMeFind,31,23
ZombieSurvivalTactics,31,19
COD,31,22
Documentary,31,23
independent,31,30
blowjobsandwich,31,25
Duk,31,2
secretpalace,31,7
Netrunner,31,25
HPfanfiction,31,14
asustransformer,31,26
copypasta,31,9
withy,31,4
idreamofjpeg,31,3
adderall,31,14
mylittlecirclejerk,31,14
SWFL,30,11
majesticcasual,30,0
northdakota,30,18
TechnoProduction,30,15
IndustrialDesign,30,26
RandomQuoteOfTheDay,30,1
trailrunning,30,17
RTLSDR,30,24
BOAB,30,1
TheWalkingDeadGame,30,21
rollercoasters,30,16
truestchristian,30,8
Anjelica_Ebbi,30,6
randomactsofdrawing,30,19
rstats,30,18
brighton,30,23
LadyPorn,30,4
kurwakillers,30,2
rangersfc,30,4
drinks,30,17
Intactivists,30,19
Pyongyang,30,0
amishsmp,30,17
bettiepage,30,5
LandscapeArchitecture,30,20
TeaseMePleaseMe,30,5
Psychiatry,30,20
PoetrySlam,30,21
KnewTheNews,30,1
afghanistan,30,18
pantheism,30,15
losangeleskings,30,7
joker,30,18
PornPleasure,30,5
DSLs,30,4
Athens,30,26
TheRealHipHop,30,1
UBreddit,30,18
promote,30,16
vids,30,13
ImageComics,30,8
shreveport,30,21
xivrec,30,0
woweconomy,30,20
Utah,30,24
Drozana,30,8
usa,30,22
MusicInTheMaking,30,23
McKyewl,30,0
ProJared,30,4
airplanes,30,19
allcapsmotivation,30,17
rainbowbar,30,14
OnlineCasinoTest,30,1
UtahJazz,30,9
sandbox,30,7
ender,30,9
AnimalPrint,30,2
EwanMcGregor,30,4
realnyc,30,3
Clarinet,30,22
lisp,30,14
UrbanStudies,30,10
TLDRs,30,22
WarZGuestPass,30,24
cedarrapids,30,16
Homesmut,30,7
TrueMetal,30,10
regulardownload,30,1
Calvin,30,2
BoomTimes,30,2
DramaMama,30,4
BeatingGirls,30,0
QualityPhotos,30,9
MBA,30,21
DayZ2017,30,11
Stance,30,19
jerseycity,30,21
socialistmeme,30,4
minuteman,30,2
MinimalWallpaper,30,7
rsd,30,1
mysql,30,22
TrapMusic,30,19
SUMMERtimeheat,30,3
WoWStreams,30,17
happycrowds,30,23
fredericton,30,11
funsized,29,3
betakeys,29,19
Perfume,29,10
remoteplaces,29,16
photomarket,29,15
Cinched,29,0
darkstep,29,17
herpetoculture,29,14
ukfreemovies,29,2
datasets,29,24
babyturtlevs,29,7
ShittyQuotesPorn,29,16
malemodels,29,11
AntiAtheismWatch,29,11
thesuperbowl,29,17
Anger,29,16
r4rtoronto,29,11
suns,29,9
Watchexchange,29,13
PS3Friends,29,17
punkshots,29,12
powerbuilding,29,8
Slender,29,21
mit,29,18
AtlantaHawks,29,7
BitcoinMining,29,20
ClassStruggle,29,2
raggajungle,29,13
Bozeman,29,14
halloween,29,17
GarrysMod,29,22
FutanariHentai,29,2
conlangs,29,22
ted,29,19
Gothenburg,29,19
tmobile,29,18
ShinyFetish,29,3
BattlePaintings,29,13
NicCagePorn,29,1
Boats_and_Beauties,29,4
coopplay,29,17
HoneyBadgerDen,29,2
crazystairs,29,14
benzodiazepines,29,15
hockeygoalies,29,23
illustrator,29,25
vintagemotorcycles,29,12
scion,29,20
StarcraftArchives,29,1
drawings,29,21
fo3,29,21
perfectass,29,1
DigitalPainting,29,22
Egalitarianism,29,11
OTonCharts,29,1
tvgifs,29,4
ericacampbell,29,3
Morphs,29,2
COPYRIGHT,29,20
drugpolicy,29,3
SocialSense,29,1
SexyGirlsInBoots,29,6
dashboardporn,29,4
CrossStitch,29,18
TwinGirls,29,22
windsorontario,29,20
CandidMoments,29,1
PhillyUnion,29,12
git,29,23
thronescomics,29,3
malefoodadvice,29,11
mixedfiction,29,8
Hijabis,29,14
cmu,29,19
NewGirl,29,17
weightlossafterbaby,29,17
utdallas,29,24
theneedledrop,29,1
fifthworldvideos,29,20
minecraftskins,29,18
ElitistClassical,29,13
kzoo,29,17
MaddenUltimateTeam,29,8
ibs,28,15
xart,28,5
circlebrokediscussion,28,20
memexico,28,13
FunnyAnimals,28,19
ipod,28,21
SelfShotHoneys,28,1
altcomix,28,12
EliteDangerous,28,7
cahideas,28,20
NZXT,28,18
CODYoutube,28,20
Tennessee,28,15
SwingDancing,28,22
John_Frusciante,28,14
smartgiving,28,8
handbra,28,11
qotsa,28,23
grammarfail,28,17
drawsomething,28,11
NYList,28,12
hyenas,28,4
badtattoos,28,20
area11band,28,18
OffbeatNews,28,4
avporn,28,17
dailywebawards,28,1
mylittledota,28,10
cockerspaniel,28,14
elementaryos,28,22
bulgaria,28,15
v8supercars,28,7
COBeer,28,7
leverage,28,19
Crossover2K,28,8
Pathfinder,28,22
HeavyEyeliner,28,3
SRSRedditDrama,28,9
wordcount,28,9
randomacts,28,14
mitsubishi,28,21
cock,28,9
turtles,28,14
Kickboxing,28,6
NewSports,28,5
HomestarRunner,28,25
ramenrater,28,1
mylittlepg13,28,5
shittyragecomics,28,14
TranceCirclejerk,28,13
MLPwritingschool,28,14
feel,28,14
Ebivory,28,2
cat_girls,28,12
GrammarNazi,28,23
surgery,28,22
collin_is_hawt,28,7
Stahp,28,18
bestmemesever,28,1
episodehub,28,3
AvatarPorn,28,9
CompetitionShooting,28,23
conservation,28,21
6trees1pot,28,1
PicsOfRyan,28,5
Fantasy_Bookclub,28,16
n64,28,23
Metric,28,15
GoliathWorld,28,2
haydenpanettiere,28,9
Percussionists,28,15
yishansucks,28,17
videopals,28,11
PoliticalModeration,28,14
ween,28,12
heraldry,28,17
disneyparks,28,9
80sHipHop,28,9
techsupportanimals,28,23
FilmmakerCirclejerk,28,14
TheAvettBrothers,28,17
GearTrade,28,16
vba,28,16
GirlsWearingBras,28,1
quiteinteresting,28,16
exploitation,28,8
joelauzon,28,14
choralmusic,28,21
koreanmusic,28,15
Specialism,28,1
Miscarriage,28,19
KingstonOntario,28,21
Gin,28,15
Bisexy,28,15
MedievalHistory,28,9
Gamecocks,28,10
rue89,28,1
paypal,28,16
mylittlegifsounds,28,15
Cryptozoology,28,15
thevoice,28,11
Bitchfaces,28,1
bubbling,28,2
InvestmentClub,28,10
Pokemon3d,28,12
DSLR,27,23
iPhoneDev,27,20
squash,27,9
dosya_dolaplari,27,1
Marxism,27,16
NPR,27,18
EmiliaClarke,27,3
vagina,27,5
AllYourSexNeeds,27,1
aliens,27,20
pearljam,27,19
RealPublicNudity,27,1
abandoned,27,21
Liverpool,27,13
Literallyeverything,27,17
Shatter,27,18
businessschool,27,17
IowaCity,27,22
IndianFood,27,13
manass,27,10
volunteeringsolutions,27,1
wde,27,21
PanicHistory,27,7
recordthis,27,19
80s,27,18
Turntablists,27,17
Automotives,27,24
comicbookfanart,27,9
environmental_science,27,21
OhioStateFootball,27,9
nycmeetups,27,17
guitarcirclejerk,27,21
okc4okc,27,7
BestOfBaPC,27,15
firstamendment,27,9
Wake,27,18
PERSIAN,27,11
SuddenlyIRealized,27,13
allthingsterranbot,27,1
archeage,27,7
visualbasic,27,16
winemaking,27,23
tacticalgear,27,11
baltimorejobs,27,2
TripSit,27,19
VintageLadyBoners,27,20
horsecommunity,27,4
LargePenisParty,27,1
SoccerPics,27,10
Diablofunny,27,26
geopolitics,27,10
YARDWORKRADIO,27,1
LeaMichele,27,2
Bujinkan,27,5
CastleTV,27,19
TheDyingOfTheLight,27,5
Slrpnls,27,3
bitcointrading,27,2
EnoughInternet,27,20
KKMC,27,11
lemusicclub,27,6
InternetFriends,27,13
Crainn,27,12
ASKGAMING,27,19
bandmembers,27,11
GMONews,27,1
Lettersofnote,27,1
publichealth,27,17
SocialDemocracy,27,7
StardustCrusaders,27,4
WeddingsGoneWild,27,12
mathpics,27,18
shazbot,27,13
Habs,27,9
HighSchoolWriters,27,13
MissingPersons,27,16
UnconventionalRock,27,1
MetalCovers,27,4
Darksiders,27,23
ReligionInAmerica,27,13
rocketry,27,8
mgmt,27,5
kungfu,27,19
flash,27,17
culturalstudies,27,18
justice,27,18
lanadelrey,27,14
atljobs,27,20
RepublicOfPolitics,27,10
TOMTcoldcase,27,23
poledancing,27,17
summerfilmcontest,27,12
classicfilms,27,14
natalieportman,27,11
yahooanswers,27,21
Hipster,27,18
chomsky,27,17
uncharted,27,16
powerviolence,27,19
shitgamersneversay,27,7
SQLServer,27,22
armadev,27,11
2006Scape,27,11
katebeckinsale,27,6
uofu,27,18
gonenatural,27,13
listentomusic,27,18
DCEarth2,27,2
popmusic,27,19
HarleyQuinn,27,8
jobbit,27,21
FunnyCommercials,27,22
nerdcore,27,16
newhaven,27,19
startrekmemes,27,19
HoustonClassifieds,27,14
MajesticManes,26,3
Gay_Tubes,26,3
ELATeachers,26,11
Holmes,26,9
chunky,26,15
TrueBlood,26,22
RaiderZ,26,20
Lesbian_gifs,26,2
jackwhite,26,21
newcastle,26,18
futebolbrasileiro,26,3
TheCreatures,26,13
zyzz,26,13
machinima,26,16
Towns,26,20
Feels,26,19
RandomActsOfVinyl,26,22
porngif,26,5
SakuraKyouko,26,2
bassplaying,26,6
accidentalnudity,26,0
NZCirclejerk,26,19
capokerclub,26,8
bostontrees,26,16
sandiegoshows,26,6
iastate,26,18
sexygayblackmen,26,2
rangers,26,21
Psoriasis,26,16
Snus,26,14
Hypothyroidism,26,16
whiteknighting,26,4
BullTerrier,26,15
speedrun,26,19
NuDisco,26,15
Cartoongifs,26,4
naturism,26,7
shittygunpictures,26,17
ContemporaryArt,26,11
BlackAtheism,26,10
Careeropportunities,26,18
SadTunes,26,0
apps,26,24
TrueAnime,26,7
Electropop,26,14
newznab,26,16
jipin,26,21
doublelift,26,17
SpaceClop,26,13
mcstaff,26,19
airmc,26,10
recycling,26,22
TheMoshPitNetwork,26,4
dotnet30,26,1
handstyles,26,12
touchpad,26,17
BetweenTheBuriedAndMe,26,16
2012Elections,26,12
Bushcraft,26,13
ToastersGW,26,19
RateMyAudio,26,14
OldenPorn,26,5
audiobooks,26,18
DevilMayCry,26,11
BrainScratchComms,26,1
PressureCooking,26,11
CityofSteam,26,8
tfc,26,15
ukraine,26,19
drunkpoetryslam,26,15
PartneredYoutube,26,16
HarperYouth,26,2
Logo_Critique,26,17
walmart,26,16
snapbacks,26,4
SRSGSM,26,11
PUPPYCIDE,26,2
petardas,26,1
LSU,26,18
Whatsinmycupboard,26,22
scootaloo,26,10
Shadowbound,26,1
Syracuse,26,22
schoolbus,26,11
Trucking,26,19
Biochemistry,26,17
sonic,26,16
Argentinacirclejerk,26,14
Jewish,26,14
engrish,26,21
avesNYC,26,13
taekwondo,26,21
VOIP,26,16
paleskin,26,1
Xaloria,26,7
KarmaStore,26,17
reddithax,26,16
child,26,21
GaySex,26,4
NevillePunditry,26,10
BrowseMyReddit,26,17
wetfetish,26,4
heythatwasin,26,18
rescuecats,26,17
mobileporno,26,17
RAMSPEC,26,1
tobuscus,26,18
IndieCovers,26,18
rape,26,19
Reprap,26,20
stop_motion,26,16
TaoGoneWild,26,3
HeavyAsFuck,25,3
survivalhorror,25,9
care,25,18
glutenfreecooking,25,14
Bakersfield,25,18
Lolicons,25,3
gonewildsqualor,25,1
AKB48,25,5
stobuilds,25,17
Synesthesia,25,20
rbny,25,11
clownbutter,25,9
1000thworldproblems,25,11
Boots,25,5
MensMinistries,25,3
Positivity,25,1
powerlifting,25,20
titfuck,25,12
GoodValue,25,20
nsfwboookpics1,25,1
Ultralight,25,16
IHaveFreedomOfSpeech,25,1
Zune,25,18
fishtank,25,15
monsterhouse,25,7
TopiaOnline,25,12
Tools,25,20
Stoneddriving,25,3
arlington,25,17
MeetPeople,25,9
BlueStarfish,25,2
Kiteboarding,25,18
TheDarkKnightRises,25,17
Anarchosilliness,25,7
MyLittleMilkyWay,25,12
Agorism,25,11
350z,25,15
sarasota,25,17
TheAmazingRace,25,13
ThePhilosophyOfPoop,25,2
matt01ss,25,1
INTELLECTUALPROPERTY,25,2
AubreyPlaza,25,10
dragonball,25,19
PiercedNSFW,25,10
Octavia,25,9
thejerkyboys,25,1
vodka,25,17
Tallahassee,25,9
FireCrotch,25,4
frobamazone,25,11
3DMA,25,17
ketogains,25,18
PRINCESSLUNA,25,3
USMilitarySO,25,16
workout,25,9
F12012,25,15
Affiliatemarketing,25,20
AnimatedLadyBoners,25,15
autofellatio,25,5
Borderporn,25,15
GuysInGlasses,25,13
sixgun,25,11
saskatchewan,25,17
recordstore,25,19
lgbtsex,25,12
AnneHathaway,25,15
gwu,25,17
souleater,25,14
RateMyNudeBody,25,3
togetheralone,25,10
Madden13Fastasychise,25,7
Fairbanks,25,19
Mafia,25,4
SWTORGuilds,25,19
fashionadvice,25,19
protools,25,23
mmo,25,17
Gymnastics,25,15
techstep,25,4
BooksAMA,25,22
MuchmoreGaming,25,1
PowerWordGold,25,1
stonermetal,25,20
PaintballBST,25,15
Fancam,25,3
Bitches_Like_it_Big,25,2
GiannaMichaels,25,10
Awwww,25,14
Findmygenre,25,13
GWAR,25,8
infiniteworldproblems,25,7
cooperatives,25,12
iRacing,25,17
karengillan,25,8
MusicaEnEspanol,25,12
Hungercraft,25,14
CollegePlanning,25,7
saiga,25,15
adventuretrees,25,15
calireggae,25,15
StarTools,25,2
evenewbies,25,19
anchorage,25,19
wrugby,25,2
bassnectar,25,21
exlibertarian,25,8
mutualmasturbation,25,1
PloungeGoneWild,25,8
roadtrip,25,19
NYCbike,25,15
nes,25,21
1jim3bob,25,2
TheMakingOf,25,9
Drumming,25,15
DirtyGaming,25,12
slothporn,25,6
Twee,25,14
longlostgamers,25,21
by2015,25,1
telescopes,25,21
EiOleLehti,25,8
ukipparty,25,12
pokemonrp,25,12
tahoe,25,23
DiscordsFunhouse,25,4
ucr,25,15
Suomipelit,25,7
aSongOfMemesAndRage,25,19
HealthyWeightLoss,25,14
notredamesports,25,11
olderlesbians,24,11
retorted,24,16
FittitBuddy,24,15
audioinsurrection,24,11
PhilosophyofReligion,24,10
Iron,24,8
John_MacArthur,24,1
gayaww,24,10
FTH,24,15
DrugStashes,24,12
PersonalDevelopment,24,12
Leningrad,24,2
AdventureRacing,24,15
SanJoseSharks,24,21
rockabilly,24,16
TTT,24,14
SDSU,24,15
GroceryStores,24,6
Daily3D,24,2
pokies,24,14
AssholeBehindThong,24,9
femaleasiananal,24,3
rockford,24,14
StarletsWallpaper,24,3
VfBStuttgart,24,8
fundraiser,24,19
cosplayers,24,18
hungary,24,20
eczema,24,21
PoeticReddit,24,16
SNL,24,20
paulrudd,24,5
Clotheshangers,24,19
mousehunt,24,16
literaryjournals,24,5
ck2multi,24,7
CivNightsWatch,24,8
babirusa,24,2
ScenesFromAHat,24,13
EVtraining,24,17
minimalism_jerk,24,9
Cean,24,6
BadOCs,24,5
freebsd,24,20
mumbai,24,18
RatchetAndClank,24,17
ManagementDAC,24,11
mtaugustajustice,24,4
Forts,24,21
EvolutionofKits,24,5
gooogirl,24,1
MontgomeryCountyMD,24,14
indgamers,24,3
Conservajerk,24,8
ja,24,10
TibiaMMO,24,14
AquaJail,24,14
CivcraftRenders,24,13
70smusic,24,11
telecaster,24,15
andeanmusic,24,1
Munich,24,17
creepy_gif,24,16
BSD,24,16
VictoriaRoyals,24,1
2000sMusic,24,6
montrealimpact,24,10
Chennai,24,18
hipsters,24,14
catpics,24,16
Reflections,24,5
BipolarInOrder,24,2
nederlands,24,14
MelbTrade,24,13
parody,24,19
TallGoneWild,24,5
AgeofEmpiresOnline,24,2
cumshots,24,16
cuboulder,24,14
scifiwriting,24,10
Nebraska,24,18
Ask_Politics_Log,24,2
AmIASexyQueer,24,13
venting,24,16
lookingforgroup,24,17
electrohiphop,24,6
consolerepair,24,16
Ai_Shinozaki,24,3
sketchpad,24,8
SALEM,24,18
cyanogenmod,24,19
christianacappella,24,1
tampabayrays,24,18
SidebarIO,24,1
venturacounty,24,14
HaveMyWarZ,24,12
GameplayCommentators,24,13
codbo,24,17
Cosmetology,24,22
femmit,24,8
indepthstories,24,14
Junction,24,11
IndianCinema,24,9
DumpsterDiving,24,18
Vemma,24,20
aerospace,24,18
klue,24,9
Glitchop,24,14
JackKerouac,24,2
asl,24,13
triplej,24,17
TimberAndStone,24,17
teefury,24,1
OralSex,24,8
GirlsinLaceFishnets,24,11
beijing,24,18
friendship,24,14
Tricking,24,14
Trim,24,0
xPosing,24,0
confidence,24,20
AustralianHistory,24,3
fullconcerts,24,9
girlswithfreckles,24,5
publishing,24,18
tea_party,24,5
chibike,24,15
fargo,24,17
web,24,22
uha,24,1
columbiamo,24,15
Mavericks,24,17
R3VOLUTION,24,11
DFWJobs,24,14
spaceginger,24,4
KnitRequest,24,15
lanterncorps,24,13
BostonSports,24,3
choking,24,5
bluerush,23,1
balkanmusic,23,12
ThePerezFamily,23,6
EntrepreneurRideAlong,23,13
Psychic,23,12
Realtor,23,2
culture,23,18
askashittydoctor,23,16
inappropriatequestion,23,16
Moscow,23,19
indiecinema,23,15
nex,23,13
SLO,23,19
riseagainst,23,14
classical,23,17
WorcesterMA,23,18
BurnNotice,23,16
bullying,23,16
RealTimeStrategy,23,15
editing,23,15
grindcore,23,17
GillianAnderson,23,2
renderings,23,3
CoHFAQ,23,2
battletech,23,18
cashporn,23,14
cameltoe,23,14
Embroidery,23,19
SRSSocialism,23,8
genomics,23,5
wholock,23,11
HaloStory,23,8
bagpipes,23,18
Georgia,23,18
Argaming,23,12
aboutcomputer,23,1
freeposting,23,5
SanFrancisco49ers,23,2
TurkReddit,23,4
LockerRoom,23,3
circlejerkbreakingbad,23,16
Corvette,23,17
52WeeksOfDesign,23,18
betterontrees,23,8
DarkSoulsMods,23,19
Poems,23,11
game,23,7
Valesrubberduckies,23,1
Inventions,23,20
workgonewild,23,6
sexmix247,23,1
qualitymusic,23,7
fortwayne,23,15
Mathematica,23,17
banana,23,14
shadowfactions,23,12
Donation,23,13
DesiGoneWild,23,1
brussels,23,13
Ethics,23,15
yorku,23,16
MarketAnarchism,23,12
Neuropsychology,23,16
Barelylegal,23,2
monkeyfashionadvice,23,15
secretsniper,23,21
transhumanism,23,15
celestialbeings,23,2
brazoriacounty,23,2
tryptonaut,23,20
DaniDaniels,23,1
Badluckbrian,23,15
AntiGenderPolice,23,6
CharlotteBobcats,23,12
BSA,23,16
NAE2,23,10
frontmagazine,23,3
insertions,23,17
lyndsyfonseca,23,2
stlouisblues,23,15
FREE,23,14
AidanTurner,23,5
duncantrussell,23,12
ChicagoCirclejerk,23,12
BareGirls,23,0
pokemonsprites,23,16
Depressed_Writing,23,12
freebietalk,23,19
runningroutes,23,17
CaptiveWildlife,23,13
hotguyswithtattoos,23,10
notcirclejerk,23,5
Golipop,23,2
UMF,23,16
torchlighttrade,23,10
dnbmixes,23,2
CelticFC,23,14
Smartphones,23,6
ATEC,23,1
Posthardcore_,23,10
mining,23,10
Nordiccountries,23,14
fiscal_conservative,23,6
iPhoneography,23,12
akita,23,14
postmetal,23,14
sufjanstevens,23,13
icm,23,12
lifeaquatic,23,14
motogp,23,15
Amazillionaire,23,10
bassfishing,23,17
SSSSunnyvale,23,2
jewelers,23,17
speculativerealism,23,1
CollegeInitiation,23,0
facialcumshots,23,8
GunslingerMusic,23,4
sondeaquiprnet,23,1
AquaSwap,23,12
piercedtits,23,2
TrueClop,23,6
GirlsOnTop,23,4
Soothing,23,11
CarletonU,23,14
NaturalWomen,23,1
LetsChat,23,9
avengedsevenfold,23,19
Hospitality,23,5
NoFapLog,23,4
Salary,23,17
historyofphilosophy,23,3
PornOverlords,23,13
ZDaySurvivors,23,13
transformation,23,9
Sssserver,23,6
comingout,23,16
trackandfield,22,12
cfbbowl,22,9
frankturner,22,9
italypolitics,22,5
photospheres,22,16
CivcraftNine,22,12
RedditCoachesPS3,22,9
hackers,22,15
sundevils,22,1
MontereyBay,22,14
fortlauderdale,22,16
GeneralDiscussion,22,13
CFL,22,15
AnimalAdvice,22,12
UZF,22,9
marines,22,11
canberra,22,14
LoLskinTrades,22,18
IRstudies,22,5
pigs,22,4
lesmiserables,22,16
politicalopinion,22,14
AmyLee,22,4
uplifting,22,9
LeaugeofLegends,22,11
OrlandoMagic,22,16
hot,22,12
Concordia,22,15
Harmontown,22,14
Cheap_Meals,22,16
longboardingGEAR,22,13
CatGifs,22,15
CommunityDnD,22,1
socalhiking,22,12
jointhecircle,22,14
drugsarebeautiful,22,13
nsfl,22,16
AgePlaying,22,9
Solving_A858,22,7
tedtalks,22,19
fuck,22,16
ParksandRecreation,22,11
RDT3,22,7
ScienceUncensored,22,2
CardioMusic,22,2
GuestBlogging,22,10
littleriverband,22,1
sticker,22,16
sludge,22,19
SHHHHHEEEEEEEEIIIITT,22,11
AngelsAndAirwaves,22,15
ElectricalEngineering,22,14
guitarporn,22,13
CelebrityArmpits,22,1
FatSeanRealty,22,13
Sexy_Pics,22,2
paracord,22,13
scientology,22,14
organic,22,10
service,22,19
hivaids,22,15
q4q,22,9
Xmas,22,16
dresden,22,14
lookoftheday,22,9
GetOutOfBed,22,12
TZM,22,15
tsis,22,2
audiojerk,22,13
Party,22,17
comic_crits,22,14
carsAMA,22,13
iansomerhalder,22,9
castiron,22,16
denverlist,22,8
OralCreampie,22,1
Spoders,22,4
GayGifs,22,7
IncestComics,22,8
GirlsWithBikes,22,11
EyeTracking,22,1
ProjectileVomit,22,4
Cina,22,1
FashionPlus,22,19
canadapoliticshumour,22,13
rum,22,15
ZombiU,22,18
domesticviolence,22,17
the404,22,12
vinyltoys,22,13
zoology,22,13
overcominggravity,22,13
FallOutBoy,22,11
breakingnews,22,14
crayonpop,22,5
FuckableAmateurGirls,22,1
Knife_Swap,22,14
gso,22,18
nsfwcosplay,22,7
dogshaming,22,16
SoftcoreJapan,22,1
londonfootballmeetup,22,6
churning,22,9
Skinhead,22,10
feelgood,22,15
celik_dolap,22,1
Autonomia,22,6
MortalKombat,22,15
ps3homebrew,22,5
KitSwap,22,17
LongboardBuilding,22,14
circlejerkseattle,22,10
AdviceColumnists,22,6
muzyka,22,7
printmaking,22,17
KeithAndTheGirl,22,5
maille,22,17
60sMusic,22,10
Thewarondrugs,22,11
Babys,22,15
girlspooping,22,1
HIPSTERGURLZ,21,9
bandwidth,21,1
ClassicalMemes,21,13
DIY_eJuice,21,15
ronandfez,21,10
KSU,21,16
cad,21,16
femalesgonewild,21,2
duke,21,10
seedboxes,21,13
AsianFilms,21,7
MLPphotoshopbattles,21,12
weheartgossip,21,14
continentaltheory,21,13
cms,21,18
PlaydateEU,21,9
MrChris,21,1
arsenal,21,10
seojoohyun,21,7
ChristianBooks,21,9
Phillylist,21,14
housing,21,14
DownhillSkating,21,12
Pmsforsale,21,7
beachgirls,21,1
Brewers,21,12
Viaggiando,21,2
NutritionScience,21,5
HunterXHunter,21,10
Northwestern,21,15
HouseNation,21,3
ideas,21,12
DuckDynasty,21,10
nottingham,21,14
LiquidandChillstep,21,4
depressed,21,10
D3free,21,13
Gaming_Geek,21,3
LifeImprovement,21,18
TokyoSeddit,21,11
democracy,21,12
TShirt,21,15
guysgonewild,21,6
AlexanderSchnetgoecke,21,4
homegym,21,17
rainymood,21,10
sadcomics,21,14
MLM,21,12
ClearHeels,21,0
bahai,21,14
GameDealsMeta,21,17
metalgirls,21,0
HereInMyCar,21,9
Feet_NSFW,21,9
streetphotography,21,13
ReadingSOTS,21,9
Jamaica,21,8
spiral_knights_TNW,21,9
invaderzim,21,12
trollcave,21,3
everymanshouldknow,21,12
BearsWithBeaks,21,13
techn9ne,21,9
coxncrendor,21,1
forexzone,21,6
Minibio,21,9
survey,21,18
IBO,21,13
glutenfreevegan,21,4
freelanceWriters,21,15
phones,21,17
peace,21,16
Gameing,21,6
spookbox,21,6
CODCIRCLEJERK,21,12
codex,21,1
PoliticalDebate,21,4
bubbline,21,9
RealBeauties,21,0
quantum,21,17
DANCEGIFS,21,7
sockgirls,21,0
NuFunk,21,2
dailydot,21,4
UofArizona,21,10
KwonYuri,21,3
birdsofprey,21,15
NCAAFBseries,21,16
askagirl,21,6
gurrenlagann,21,16
GVSU,21,17
ratemyband,21,14
learn_arabic,21,15
WFTO,21,4
combatarms,21,16
Lunastation13,21,5
adviseanimals,21,10
circulatethetapes,21,7
ironmaiden,21,14
oculus,21,10
washingtonwizards,21,10
portlandstate,21,17
Bobbers,21,8
RPGhumor,21,16
Trackballs,21,6
BitcoinEvangelism,21,6
counting,21,12
Kuwait,21,6
fcdallas,21,6
Cordcutting,21,7
HentaiPics,21,2
Luxury,21,14
The_Asylum,21,8
churchtech,21,4
homebuilt,21,11
ussoccer,21,15
artdept,21,2
BookCollecting,21,17
drbendel,21,7
dementia,21,13
sca,21,11
avatarvideos,21,7
RosarioVampire,21,12
redditgw2,21,13
ancientegypt,21,10
Boilermakers,21,5
Equestrian,21,14
byrd,21,9
Appreciation,21,10
MattAndKim,21,3
CincyBeer,21,1
girlsgonewired,21,8
Houseporn,21,11
classifieds,21,13
Twins,21,10
Emma_Roberts,21,3
OpenDataIRL,21,1
MensRightsMeta,21,7
circlesports,21,9
wien,21,18
holiday,21,16
canadients,21,14
deathnote,21,14
utahmusic,21,10
ITcrowd,21,18
LibertarianDebates,21,13
seriea,21,7
eeen,21,5
mylittleserver,21,4
rimfire,21,14
JapaneseGameShows,21,11
GeekPorn,21,10
Oreimo,21,5
atletico,21,4
bartending,21,15
linkdrop,21,2
AmateurEarthPorn,21,11
NewJordan,21,1
Bane,21,13
Workfromhomewarriors,21,14
starcraft2_class,21,15
ChristianBaleGifs,21,3
metafitnesscirclejerk,21,8
artificial,21,16
DarkAngels,21,5
Endo,21,12
Sportsbetting7,21,1
autogynephilia,21,13
FFCommish,21,13
ufl,20,14
NavySealCopypasta,20,1
redpandas,20,17
corpus,20,14
PuppyDog,20,2
Padres,20,8
workingdraft,20,11
bootroom,20,13
UKJobs,20,15
Maria_Ozawa,20,0
HouseMD,20,16
Torchwood,20,12
SavageGarden,20,12
Sackish,20,2
gaming_gifs,20,2
stalliongrad,20,11
Songwriting,20,15
Seniors,20,15
openholes,20,1
downtimebananas,20,12
SingleParents,20,12
smnc,20,7
OutlawCountry,20,8
cheeto,20,14
McKaylaMaroney,20,5
pervasivecomputing,20,8
WomenLookingDown,20,8
ProjectCSS,20,13
thelonebater,20,1
stuck,20,0
chronotrigger,20,15
2NE1,20,11
Amanda_Seyfried,20,2
IcePunching,20,1
BubbleButts,20,6
freesoftware,20,9
rhps,20,11
soflatrees,20,14
SheLikesItRough,20,5
AustralianPolitics,20,7
majorasmask,20,11
Wurmit,20,8
911dispatchers,20,12
Pokemoncollege,20,18
lookatmygirlfriend,20,7
ShittyDebateCommunism,20,11
PokemonFusion,20,16
JynxMaze,20,3
gape,20,7
bukkit,20,14
catreactiongifs,20,11
SeaJobs,20,9
misogyny,20,5
Sexology,20,4
AussieHipHop,20,11
StructuralViolence,20,1
FloridaTrees,20,10
SRSRecovery,20,10
CountryMusic,20,15
shareyourmusic,20,11
starwarsnsfw,20,18
f1igp,20,3
orchids,20,15
Fisting,20,14
RowanUniversity,20,13
psychopharmacology,20,7
indian,20,5
Web_Development,20,17
lightingdesign,20,16
adrenaline,20,11
capoeira,20,11
daoc,20,5
gmarketing,20,1
CatLords,20,8
progressivehouse,20,15
Tempe,20,14
watchoutforsnakes,20,9
Gamingtiles,20,11
bostonhousing,20,13
musicfestivals,20,12
AmsterdamEnts,20,10
fffffffuuuuuuuuuuuud,20,13
LexiBloom,20,0
Sexy_Ass,20,1
guncleaning,20,10
otheraww,20,6
redditisland,20,12
AdventureTheory,20,10
ElleFanning,20,4
nvidia,20,14
BasketballTips,20,16
horn,20,14
Sabermetrics,20,6
dogswearinghats,20,10
lizgillies,20,4
Worldnewsinarabic,20,1
Ketofoods,20,1
talesfromtamriel,20,11
Laina,20,12
demisexuality,20,6
elliegoulding,20,8
14gameOA,20,5
Nightwing,20,13
centralmich,20,11
StackAdvice,20,11
NYYankees,20,8
ZOG,20,4
blackandwhite,20,12
ATHangout,20,7
dynastywarriors,20,9
loseit_classic,20,11
etymology,20,14
gameofbands,20,4
astrophysics,20,13
audreyhepburn,20,13
dbtselfhelp,20,4
CaptchaArt,20,15
poultry,20,5
PeePersonals,20,5
raw,20,13
bostoncollege,20,11
arcticmonkeys,20,13
CalifornianProblems,20,6
Battlefield_videos,20,10
CommercialRealEstate,20,11
booklists,20,8
greenville,20,15
grilledcheese,20,13
GreenBay,20,10
mylittleminecraft,20,11
FrenchHouse,20,15
gnu,20,14
Markiplier,20,14
mtgporn,20,8
survivalcraftthegame,20,4
Dailydocumentaries,20,1
nycgaymers,20,11
minecraftmaps,20,14
delhi,20,16
Objects,20,6
hockeyplayers,20,12
teenagewriters,20,8
MeetLGBT,20,9
Morocco,20,6
Prosthetics,20,4
dkpol,20,4
AbbyWinters,20,5
NailArt,20,13
taxi,20,9
mcpubliccirclejerk,20,13
PornVideos,20,9
sickandhothardcore,20,1
AmericanGovernment,20,13
talkradioreddit,20,12
AcousticCovers,20,14
maui,20,9
mypartneristrans,20,12
willrpike,20,5
truehorror,20,4
macapps,20,17
hackert0wn,20,4
baldmove,20,9
SantaPorn,20,2
forge,20,11
athensohio,20,18
Quidditch,20,13
London_homes,20,14
theology,20,11
WritingHub,20,13
threejs,20,4
secondamendment,20,10
Skoften,20,1
kindness,20,14
hugenaturals,20,12
Astros,20,12
spacecats,20,17
bellyrings,20,3
KnowYourMeme,20,8
cowboybebop,20,15
technicpack,20,14
AlphaKirklejerk,20,7
functionalprogramming,20,3
pcmasterrace,20,12
angry,20,13
veganarchism,20,5
deadisland,20,16
unintentionalASMR,20,11
etsmtl,20,13
MonthlyMashtapes,20,8
cumonclothes,20,11
PointsPlus,20,15
URedditRequests,19,14
GSU,19,13
sabres,19,16
FaithInHumanity,19,14
twitless,19,9
Esperanto,19,11
reactionpics,19,15
BioshockInfinite,19,14
CODprotips,19,11
Yosemite,19,12
MoralPanic,19,4
sleepingdogs,19,12
dancehall,19,12
Bustier,19,10
tranniesinpanties,19,1
Portuguese,19,13
boardsofcanada,19,13
DirtySnapchat,19,10
Critics,19,9
nbacirclejerk,19,16
asiantwoX,19,10
tales,19,11
BarnaculesNerdgasm,19,1
UselessTrivium,19,11
Entrepreneurship,19,11
Whistler,19,14
LittlestPetShop,19,6
EdSheeran,19,7
TamrielAdventureGuild,19,0
PerfectThighs,19,2
thickloads,19,4
peyups,19,3
weddingvideography,19,14
spacex,19,13
copenhagen,19,13
gameassets,19,10
paleonews,19,8
HollywoodUndead,19,16
RUGC_Europe,19,10
feelingblue,19,4
creativewriting,19,10
decoration,19,5
BinghamtonUniversity,19,10
newhiphop,19,13
AtheismComingOut,19,11
LifeasanNPC,19,16
masturbation,19,14
Tress,19,10
rance,19,7
90sPunk,19,6
WorldofPancakes,19,3
packers,19,12
tabletop,19,16
peoplewithbirdheads,19,15
DCforRent,19,8
TCU,19,9
CampingGear,19,14
BigBrother,19,18
mmagifs,19,9
nsfwnonporn,19,1
drumporn,19,8
RileyReid,19,3
xprize,19,3
questionablecontent,19,14
rule34roots,19,3
AgainstAllArchons,19,10
NewcastleUponTyne,19,11
Eragon,19,15
Hayden_Winters,19,0
tressless,19,7
RDT2,19,11
neofolk,19,7
MODERN_RECORDING,19,1
webgl,19,7
Metalocalypse,19,16
FrancisBacon,19,1
moral,19,9
Irishmusic,19,9
GreekLife,19,12
csun,19,12
processing,19,14
amusingtexts,19,1
foobar2000,19,13
AionFreeToPlay,19,15
boxoffice,19,2
queensuniversity,19,12
circlejerkpdx,19,9
PinUpGirls,19,5
TradBowhunting,19,2
MiningMusic,19,1
tf2replays,19,15
louisck,19,15
FortBadgerton,19,1
christmaslist,19,13
renandstimpy,19,6
chicagoroommates,19,13
TankTopTits,19,2
downloadcodes,19,12
biheadlines,19,1
TallMeetTall,19,10
indiemusic,19,14
Circlekawaii,19,7
illuminati,19,11
Stitchy,19,14
RealGirlsNaked,19,3
AllTheInternets,19,2
nasalsnuff,19,11
Danieldeng,19,2
NoPoo,19,12
AcademicPsychology,19,16
TheBestPony,19,10
Gamebundles,19,9
SRSWorldProblems,19,11
bigbang,19,9
lua,19,16
humour,19,11
PrayerRequests,19,11
tiltshift,19,5
AncientAliens,19,10
lapfoxtrax,19,12
IceFishing,19,15
DeepSpaceNine,19,10
Hiphopsongs,19,1
greetings,19,16
suicidology,19,11
eintracht,19,1
SelfSufficiency,19,18
left4dead,19,17
tron,19,16
teenagephotographers,19,11
PortalMaps,19,11
GolfGTI,19,15
POF,19,8
kansas,19,12
SEGAGENESIS,19,10
letsrun,19,1
MaddenBowl,19,5
theofficialwarz,19,9
LANL_Russian,19,11
AWLIAS,19,4
Cameraporn,19,12
Salugi,19,3
borussiadortmund,19,14
BreastExpansion,19,11
weezer,19,13
apathy,19,10
NSFWCircleJerking,19,1
Sculpture,19,14
gagged,19,4
latvia,19,9
ProductionHumor,19,1
dkmusik,19,4
snooapp,19,2
AllHail,19,11
language_exchange,19,13
Minecraft360Servers,19,9
mildlyuninteresting,19,12
leftcommunism,19,7
normalboots,19,15
hayleywilliams,19,5
80scartoons,19,4
Werepreneur,19,1
churchporn,19,7
neckbeard,19,8
asslick,19,14
nanaimo,19,15
BlueJayMusic,19,3
Koans,19,4
RtCW,19,2
betterponymotes,19,11
Petioles,19,11
Sexy_Panties,19,0
SwedishHouseMafia,19,3
BeniAffet,19,1
EroticHypnosis,19,12
BootyGIFs,19,1
HeroesofOC,19,11
counter_strike,19,12
contests,19,11
recipe,19,12
subreddit_stats,19,1
roanoke,19,11
InTheStudio,19,10
musique,19,10
Sex_Tubes,19,3
curlyhair,19,9
BL2Builds,19,12
bassoon,19,11
Concoctions,19,11
PinkandBare,19,1
90s,19,13
notkidding,19,10
BenFoldsFive,19,3
myog,19,12
Protomen,19,11
dnbproduction,19,12
Tetraforce,19,10
picsofabortions,18,1
WhiteLabels,18,10
milkingtable,18,2
CredibleIndia,18,1
puer,18,4
atoptics,18,13
twilight,18,11
wargames,18,9
Wellness,18,8
GoodGuyTurtle,18,4
HerpetologicalScience,18,6
UKDota,18,7
braandpanties,18,2
KState,18,14
srilanka,18,13
westwoods,18,8
CA_CATS,18,11
shoelerhaikus,18,0
bpspainholdings,18,16
SlightlyStoopid,18,15
AmazinGlamour,18,2
POVPornVids,18,15
politicalfactchecking,18,10
RedditInTheNews,18,11
longvideos,18,1
LitWorkshop,18,14
40krpg,18,15
hebrew,18,10
AirMech,18,13
IndiaTourism,18,4
Dubtechno,18,9
Msstate,18,11
Blueporn,18,3
VsSkeptic,18,12
superheroes,18,11
swole_acceptance,18,8
Wirtschaft,18,3
bladerunner,18,8
sweatermeat,18,8
meows,18,2
Pointlessdebates,18,12
celebgifs,18,5
sportsvideo,18,2
pitbulls_in_partyhats,18,4
InsomniacEvents,18,0
Notgivingafox,18,6
zizek,18,7
republicans,18,6
animalid,18,11
sfw_wtf,18,10
mega64,18,8
whedon,18,11
devops,18,11
craftexchange,18,11
submissive,18,6
mengonewild,18,2
uncomfortableqs,18,1
AT_wallpapers,18,4
zooeydeschanel,18,9
cleavage,18,10
Slippery,18,5
dogsiwannahug,18,5
hiphopitaliano,18,4
Essays,18,8
poetsmackdown,18,6
listentothisclaire,18,2
TangentialParadise,18,1
gaiaonline,18,1
mcpico,18,13
MonkeyMines,18,6
lithuania,18,12
Whiskyporn,18,12
daytonGeeks,18,4
MyPonderings,18,2
Dunmer,18,4
beetle,18,12
FreeTemplates,18,1
Ducati,18,11
plastic,18,10
Doppleganger,18,10
savageworlds,18,14
ValenciaCF,18,4
benswann,18,2
mmatechnique,18,3
IntroToJapan,18,5
Chevy,18,11
nihilism,18,11
ihsan,18,1
nyancat,18,15
Waltham,18,4
louie,18,16
jesuslovesyou,18,2
MUD,18,16
CodeGeass,18,9
gnomoria,18,10
officers_fifa,18,3
dessert,18,10
SRSImages,18,4
marinebiology,18,10
Relic_Knights,18,4
SceneGirls,18,10
fragranceswap,18,10
GirlsInSocks,18,1
FCInterMilan,18,3
Fedora,18,15
downsyndrome,18,8
Yorkies,18,11
7String,18,14
FightCat,18,4
contemporary,18,12
Dreamtheater,18,13
javagamedev,18,11
ElectroConvulsive,18,1
TheMentalist,18,16
appetizers,18,7
electricvehicles,18,12
ChicagoPics,18,11
mississippi,18,8
luddite,18,6
Bones,18,15
That90sSubReddit,18,1
johnlukepicard,18,0
schalke04,18,6
ANZWine,18,2
LCMS,18,8
Mataiko,18,1
Review,18,5
ryerson,18,10
satanism,18,13
Psydance,18,4
askGSM,18,15
Madden13PS3Franchise,18,3
computerproblems,18,11
shittyprogramming,18,11
indiancoins,18,2
lightsallnight,18,11
c64,18,9
Blinds,18,2
Irony,18,9
LaughYouUpvote,18,11
Tokka,18,5
ErinHeatherton,18,2
NBA2K13,18,15
photojournalism,18,10
femalevocalists,18,5
gwenstefani,18,4
Manstyle,18,4
mmafights,18,12
StarTrekRestoration,18,1
exoticspotting,18,11
caving,18,12
AskHealth,18,11
MotivationalPics,18,6
AskVet,18,11
mumfordandsons,18,12
SparrowOS,18,1
IBD,18,12
Nike,18,13
androidapkzone,18,1
StudentLoans,18,16
GuildWars2Builds,18,13
Lyon,18,7
food2,18,10
gingerguys,18,8
Bukkake,18,10
sologirlvideos,18,1
citizensunited,18,1
Pikmin,18,9
trueonoff,18,11
userexperience,18,11
Hoboken,18,12
zerotosixty,18,2
TF2POVS,18,6
kelowna,18,13
nerdist,18,12
sysor,18,4
cutouts,18,10
republicofindia,18,2
Cplusplus,18,12
bangladesh,18,12
classicskateboarding,18,5
fantasyfb,18,14
REMath,18,1
shaving,18,9
podcasting,18,16
missoula,18,10
questioning,18,9
guam,17,11
AudioPost,17,12
RedditPost,17,16
rust,17,4
CarShowHunnies,17,1
Urz,17,4
Sharing_My_Hentai,17,1
4chanjerk,17,6
MkeBucks,17,9
shippingdrivers,17,9
HHSsubreddit,17,8
Leathercraft,17,12
Accutane,17,7
Gamecube,17,13
WatchHorology,17,8
alexreimer,17,4
sciences,17,1
filthy_perv,17,1
MassageSex,17,2
corsets,17,11
santaisdead,17,1
softwaretesting,17,15
MoundofVenus,17,3
terencemckenna,17,11
SaultSteMarie,17,3
rosie_jones,17,2
Alien_Theory,17,7
tequila,17,11
educationall,17,9
ComicWriting,17,11
brocku,17,10
howimetyourmother,17,11
UCLAclassifieds,17,9
mensrightslinks,17,4
sheffield,17,13
AnythingGoes,17,10
idolmaster,17,10
datenschutz,17,1
BigTitsAlert,17,3
b0t,17,0
dpdr,17,11
kendalljenner,17,5
somuchtodeustace,17,8
Dominican,17,3
castlevania,17,11
MelanieLaurent,17,4
nicolascage,17,10
VinylReleases,17,12
ada,17,7
UniversityofKansas,17,12
MusicBattlestations,17,15
AfricanAmerican,17,14
BrutalDeathMetal,17,8
19thworldproblems,17,10
motionphotography,17,0
OtterboxCoupon,17,1
collectibles,17,7
FurryArtSchool,17,10
WomensRights,17,12
natolar,17,1
nwochat,17,0
gpluscommunities,17,9
UfoTruth,17,1
JournalingIsArt,17,4
grimrock,17,13
womenrock,17,9
uruguay,17,10
renounce,17,1
birthparents,17,11
houstonjobs,17,10
Pokey,17,5
NaturalBodyMagic,17,4
farmingsimulator,17,11
AlbumGifs,17,8
FantasyMuscle,17,4
MotoLA,17,11
Minipigs,17,1
PerfumeExchange,17,10
YouthRights,17,9
AGOTBoardGame,17,14
BUHockeyGIFs,17,1
Lucy_Vixen,17,2
chillout,17,10
breakingbadart,17,14
wyoming,17,14
witcher,17,13
picsofniggers,17,4
MetaAnime,17,12
bodyboarding,17,9
canadaisgreat,17,1
bangface,17,3
RUG_Leeds,17,11
lovesongs,17,4
recumbent,17,5
MAZA,17,5
Pekingese,17,5
cuba,17,12
TeamSkeet,17,1
Chameleons,17,9
aquarium,17,12
WWII,17,13
Massdrop,17,13
TeenTinyChat,17,2
TheUnderbun,17,5
vocalists,17,6
StateOfMercer,17,6
gratitude,17,1
IdemandQuality,17,2
KamenRider,17,9
Annapolis,17,16
EnglishDoujin,17,3
TheRoanTribe,17,3
walterjohnson,17,5
UNITINU,17,7
Learnmusic,17,11
metacirclebrokejerk2,17,9
ChicoCA,17,11
sublime,17,10
NCAA,17,4
pivotallabs,17,7
mechmarket,17,9
Spore,17,14
amateurs,17,7
Zecora,17,3
kobo,17,11
teslamotors,17,8
xianpunk,17,5
developer,17,13
emetophobia,17,9
bandporn,17,10
Rape_culture,17,8
RavenValor95,17,0
HotCelebs,17,2
HardRock,17,11
ELIZADUSHKU,17,1
libraryofshadows,17,13
Tf2Trading,17,8
bongzebras,17,2
geospatial,17,10
PlayBook,17,14
captcha,17,16
ImSorry,17,4
BDSMvideo,17,11
MotivatedMusic,17,11
conan,17,14
bpop,17,0
BLTcraft,17,5
asoiafreread,17,2
chvrches,17,3
xvx,17,3
ColoradoAvalanche,17,10
Cuddley,17,4
randomactsofcoffee,17,10
GermanImmersion,17,10
CanadianPolitics,17,7
Bestiality,17,12
firefighter,17,14
cosmology,17,15
sufjanblog,17,1
BostonJobs,17,14
lowlevel,17,4
HDMusicVideos,17,2
lifehack,17,10
Malazan,17,14
DistENTShores,17,2
southpaws,17,14
atheistfashionadvice,17,11
BruceSpringsteen,17,10
capybara,17,6
ducken,17,1
AssignmentX,17,1
rConservativeBanned,17,2
lcbo,17,6
VoiceActing,17,12
cougarsgw,17,7
Citrix,17,13
uncensoredhentai,17,1
LAjobs,17,12
cwru,17,12
Curling,17,14
surfinggirls,17,5
thesopranos,17,8
cherlloyd,17,2
FunkSouMusic,17,12
CelebsInTights,17,0
TrueTrueTF2,17,14
XXX_Tubes,17,1
mobilewebdev,17,13
truecreepy,17,8
fourtheye,17,5
ModdedGaming,17,4
AtlantaBarters,17,9
Asthma,17,14
norsk,17,4
asklaw,17,12
ultimaonline,17,15
TheWho,17,7
plumper,17,2
Mylittletradingpost,17,9
Yucatan,17,6
fightporn,17,11
GoldCoast,17,14
OldSchoolCoolNSFW,17,9
CherokeeXJ,17,11
AuroraCase,17,3
funding,17,14
MaryJaneJohnson,17,0
pornostars,17,2
latinoamerica,17,12
botcirclejerk,17,1
guatemala,17,14
HomeDecorating,17,8
HardcoreSex,17,2
SEGA,17,12
stanislavtakessolong,17,5
toplanti_masalari,17,1
exjew,17,10
popeye,17,1
CasualMath,17,11
4Xgaming,17,15
yuruyuri,17,2
TAS,17,4
FrankHaught,17,3
Bartown,17,7
gijoe,17,9
Burlesque,17,11
baww,17,10
regina,17,11
Gamer,17,10
ahl,17,6
StudentNurse,17,12
RioGrandeValley,17,12
photo,17,14
Cloud,17,14
50thWorldProblems,17,3
NSFW_Vids,17,10
Halotracker,17,1
idrewapicture,17,8
greysanatomy,17,12
secularbuddhism,16,4
Lenovo,16,14
CalPolyPomona,16,13
DCJobs,16,12
opengl,16,12
StLouisMarketplace,16,9
novaboardgames,16,7
nsfwvideoz,16,1
catcritics,16,3
thepeel,16,1
Evernote,16,14
US1,16,10
3DScanning,16,3
transtimelines,16,7
smalldickproblems,16,7
lakeland,16,11
Lightroom,16,11
TeenGaymers,16,7
EBM,16,7
thevenomsite,16,9
redorchestra,16,12
Treewriting,16,10
SFstories,16,10
witty,16,2
texts,16,12
baseballcards,16,9
skinnytail,16,2
squarepuncher,16,5
redhead,16,9
xxxstash,16,1
C_Programming,16,9
PiaMia,16,0
yuri,16,6
Ocarina,16,11
MTU,16,14
ENGLISH,16,11
MiamiVice,16,2
csgo,16,8
CanYouDrawThisForMe,16,11
giveaway,16,12
15andunder,16,8
NFLhuddle,16,5
ToBeYou,16,6
bikefashionadvice,16,6
boats,16,11
FAITH,16,4
uscg,16,8
dopplebangher,16,8
ConcertBand,16,11
hitler,16,9
words,16,9
liberalgunowners,16,4
ExploreReligion,16,9
WKU,16,12
thingsoncats,16,10
NihilZ,16,3
gonewildcouples,16,8
climbharder,16,12
weightwatchers,16,11
bookdownloads,16,6
FetishItems,16,6
droid,16,10
CrappyArt,16,10
CFD,16,8
tinytower,16,10
Machinists,16,14
madeinusa,16,9
mashupsamples,16,8
MyBloodyValentine,16,6
StarWarsFanbase,16,1
diplomacy,16,14
chrismurphy,16,2
scouting,16,6
SmashingPumpkins,16,11
amiga,16,13
MicroPorn,16,8
TaylorRain,16,0
AskMeAnything,16,9
Sexy_Amateur,16,0
tinnitus,16,13
MonsterGirl,16,2
Socialpreneur,16,10
GirlsinPinkUndies,16,8
japancirclejerk,16,10
HBD,16,4
SAP,16,12
hexacatsay,16,0
santa,16,11
homeowners,16,10
SouthBend,16,9
claycastoforever,16,2
SeattleFF,16,3
TimothyGoesToSchool,16,2
Minesweeper,16,11
nowiknow,16,1
FlannelGetsMeHot,16,5
gift,16,11
winelands,16,1
buttsex,16,4
irc,16,12
nuclear,16,10
Fijian,16,3
fulhamfc,16,10
Edinburgh_University,16,3
offset,16,12
truthloader,16,4
cadencewatch,16,1
KCRoyals,16,10
SFMusic,16,12
epicmetal,16,11
pens,16,12
everett,16,6
jamiesanderson,16,0
CubeWorld,16,10
columbusclassifieds,16,9
glutenfreerecipes,16,5
amateurlesbians,16,5
HondaCB,16,14
initiald,16,10
cannabiscultivation,16,12
SRSShills,16,8
shutupandtakemytwenty,16,1
mapmaking,16,14
TheBlackKeys,16,14
Lovely_Kittens,16,1
pike,16,12
BrokenThings,16,3
NFLstatheads,16,7
TheJerkies,16,1
Sikh,16,13
de_tech,16,3
Axecraft,16,6
pebble,16,12
Luvsjak,16,2
SocietyOfFriends,16,7
Dell,16,10
voterfraud,16,2
philately,16,9
ComputerSecurity,16,14
supermoto,16,10
AsuLike,16,3
lansing,16,10
mymusic,16,11
mdmazingMusic,16,5
homedefense,16,12
orlandomarketplace,16,1
mathematics,16,13
ancientrome,16,11
Sleepinganimals,16,3
nodejs,16,11
braverytoast,16,8
ReddHub,16,10
stupid,16,10
childhoodfears,16,4
internships,16,10
lasers,16,13
MiamiHurricanes,16,7
OregonStateUniv,16,12
kitsunemimi,16,4
wwiipics,16,9
interiorsandliving,16,2
saopaulo,16,6
Eredivisie,16,7
flickr,16,11
closetswap,16,9
Good_Cop_Free_Donut,16,12
BananaWorldProblems,16,4
CloudAtlas,16,13
britishmilitary,16,8
freeflight,16,11
freaksandgeeks,16,9
logic,16,8
NewMexico,16,8
MoviesOnYT,16,0
Depressed_Art,16,5
SouthJersey,16,12
shameless,16,4
radicalqueers,16,11
gangbang,16,12
teso,16,10
ytmnd,16,8
GamesGamingGamedev,16,1
VirtualWDCPC,16,7
dragons,16,12
entp,16,8
hardenergy,16,7
Cartech,16,16
SeeThroughLeggings,16,1
ArabicFoss,16,1
BattlestarGalactica,16,10
LandRover,16,9
pop_punk,16,14
Flute,16,12
DeathProTips,16,11
bestOfReddit,16,12
NEUROSURGERYCNS,16,2
Whinocracy2012,16,0
ScarletKnights,16,4
adoptareddit,16,9
warcraftlore,16,12
UPenn,16,14
GrannyPanties,16,6
MilitaryHistory,16,12
ScienceImages,16,5
AnarchismPDFs,16,6
SRSBeliefs,16,7
offshorefishing,16,2
postanarchism,16,4
hNOTwtf,16,10
GreenArrow,16,12
RedDwarf,16,15
OutDoorSex,16,11
animalesdeconsejo,16,6
lancaster,16,12
TribeTwelve,16,9
BPoker,16,1
minipainting,16,13
whatif,16,9
ROTC,16,8
MusicMaker,16,8
Swagfag,16,5
WoWComics,16,14
designthought,16,8
Bostonmusic,16,12
childrensbooks,16,14
sandiegoents,16,8
Killeen,16,8
90sRock,16,3
Uglysweaters,16,2
uknews,16,11
BannedFromPyongyang,16,1
Pendragon,16,3
RosieWhiteley,16,2
berlinsocialclub,16,9
flstudio,16,13
MinecraftServer,16,7
NewsPorn,16,7
VintageGayPics,16,1
AnythingGoesUltimate,16,6
WVU,16,10
de_podcasts,16,3
beagles,16,10
bookyourband,16,13
browsers,16,14
gerryjokes,16,1
MinecraftPhotography,16,6
braveryjerkwallpapers,16,2
anonymouspals,16,7
GunViolenceInMerica,16,1
AskACountry,16,11
MusicElectronics,16,9
drugwar,16,12
picturesofsponges,16,2
PlasticBagPorn,16,2
mushroomkingdom,16,13
ForestHealth,16,1
TombRaider,16,14
canadia,16,9
avfc,16,10
Panama,16,10
ausenviro,16,5
ShrimpTanks,16,10
CinemaPorn,16,8
uAlberta,16,10
tmm,15,5
Curls,15,7
criminalminds,15,12
DeliverMeThis,15,1
OnlyTease,15,1
cactism,15,4
INeedAName,15,13
WizardryOnline,15,9
ranprieur,15,6
MormonHistory,15,3
dhmtb,15,9
Trappit,15,6
mudtek,15,5
interactivebuddy,15,11
Bigtitssmalltits,15,6
fuckthatsinteresting,15,1
StarWarsBattlefront,15,13
UNCCharlotte,15,8
fappingmaterial,15,3
subrosa,15,9
Injusticegame,15,3
CRedit,15,12
plano,15,8
OCLYFE,15,5
simps,15,4
cinemanews,15,5
mtred,15,11
morbidcuriosity,15,1
Screamo,15,7
survivorsofabuse,15,12
Existentialism,15,9
SSV,15,1
moncton,15,8
pinsamt,15,7
RashidaJones,15,5
Gar1onrivaGaming,15,1
NinaDobrev,15,2
APB,15,11
iceclimbing,15,10
lindseystirling,15,8
lift,15,1
TeaPorn,15,12
PCSleeving,15,8
palletstoragegonewild,15,10
wilfred,15,13
DFWBeer,15,6
IdeasCentral,15,1
civilliberties,15,5
GayBroTeens,15,5
copwatch,15,5
1022,15,9
ColoradoRockies,15,5
customcovers,15,6
UniversalGeek,15,5
Rarity,15,4
HappyWheels,15,8
SlashGIF,15,6
AlaskanMalamute,15,11
chocolate,15,12
witchhouse,15,8
X3TC,15,8
codclips,15,6
ukvideos,15,1
pokemonbattles,15,11
riffraff,15,7
PetiteGirls,15,3
pointlessarguements,15,7
biotech,15,10
SilvieDelux,15,2
healthIT,15,12
TheHotBox,15,1
Liberty,15,10
FBcovers,15,13
Pirate,15,10
PassionYZ,15,9
CoD4,15,9
UpvoteDownvote,15,3
Hornets,15,10
Aberdeen,15,14
TauHouse,15,2
indianajones,15,7
Kendama,15,10
pbsideachannel,15,1
Ben10,15,4
BeritaTerbaru,15,2
projectzomboid,15,10
shitfits,15,11
NSFW_GIFxxx,15,1
JapanesePorn,15,7
REALNIGGAH,15,1
Rolla,15,10
FreeStuff,15,11
BreastPumps,15,12
DCUnited,15,12
texascountry,15,6
SHSU,15,4
colbertreport,15,6
gunk,15,7
realswoleacceptance,15,10
newzealandhistory,15,1
androgyny,15,7
spaceships,15,5
mctradedepot,15,9
52weeksofbaking,15,5
tshirtsandtanktops,15,6
JustinAmash,15,5
Charcuterie,15,10
hoarding,15,9
montypython,15,15
abortion,15,9
itslenny,15,9
NightOwls,15,8
CA_Support,15,10
Deformed,15,4
thelema,15,5
mtgarticles,15,0
Nbamemes,15,8
stream,15,9
plugs,15,12
ShittyScienceCanada,15,1
linkedin,15,14
shittieradviceanimals,15,3
nazi,15,8
whachow,15,7
RiseOfRune,15,5
lookatthisfuckingca,15,8
sexpertslounge,15,7
rfelectronics,15,11
Teasingbabes,15,2
lolwire,15,1
tournytime,15,5
holidaysongs,15,12
PsyBreaks,15,5
redditdynasty,15,5
kayascodelario,15,2
uhcvideos,15,9
MCEdit,15,9
GeekFeminists,15,1
Zeldatattoos,15,12
prius,15,9
sholtercrest,15,1
askashittyphilosopher,15,10
AshleyGreene,15,6
gamming,15,7
mylittleadvicepony,15,4
gonewildcolor,15,4
astateoftrance,15,7
MLHFIS,15,12
BulbasaursWithHats,15,1
BackOnYourFeet,15,5
radicalsidehugs,15,5
bloop,15,4
cocos2d,15,7
kungfucinema,15,8
uvic,15,9
SeaShepherd,15,7
shittyanalogies,15,2
exgirlfriendspics,15,1
EpicFantasyFootball,15,2
gtamarketplace,15,6
NapServer,15,6
MichaelPyleWEE,15,6
McDonalds,15,15
homeautomation,15,12
hugeass,15,2
cartoonscience,15,6
RusherCraft,15,4
Spurgeon,15,1
diablo2,15,8
MTSU,15,8
DrugArt,15,9
debian,15,12
responsiveweb,15,7
picsofbrandon,15,5
mmamemes,15,6
MCPE_Suggestions,15,5
Allergies,15,12
PoeticVision,15,7
8bit,15,11
beatbox,15,11
ColumbusSocial,15,8
shittyaskalawyer,15,12
KaijuCombat,15,3
letlive,15,6
LeewardReporter,15,1
monkeynin,15,1
aixmarseille,15,4
Kelly_Madison,15,0
RachelMcAdams,15,2
bookclub,15,6
Dyslexia,15,12
Police_v_Video,15,9
fotos,15,13
Mindfulness,15,11
PhotoshopTutorials,15,10
girlswearingstrapons,15,3
portlandtrees,15,8
electronicmagic,15,1
tipofmytoungue,15,7
WooWooWoo,15,11
pokemonfanfiction,15,11
WatchesCirclejerk,15,7
cloudcomputing,15,9
pharmacology,15,7
Frenchbulldogs,15,8
GamingDeals,15,11
blowbang,15,2
nsfw_funny,15,7
CraftZ,15,2
Hedgehogs,15,11
steamgiveaway,15,5
stanford,15,13
Candles,15,11
m151,15,3
NHLMemes,15,11
GodofWar,15,12
Greenlantern,15,13
DebunkThis,15,8
beautyblogs,15,7
microtonal,15,5
50sMusic,15,4
r4rDFW,15,8
pokemonadvice,15,14
Websiteperformance,15,14
Harvard,15,10
Climberchicks,15,4
sbmarking,15,1
HeadyBoro,15,7
labiaplasty,15,2
digitalearthworm,15,1
infographic,15,13
denvernuggets,15,9
OKState,15,15
female_circumcision,15,1
chilloutmusic,15,2
filmphotos,15,11
UnitedFront,15,4
countrygirls,15,6
dropship,15,10
Twistys,15,6
TallGirls,15,3
lowcar,15,6
AustinBeer,15,13
emergencyhowto,15,2
badtaxidermy,15,7
Trixie,15,4
aesthetics,15,11
tuberous,15,1
ThePixelPirate,15,1
whatappsforyou,15,1
GaijinGamers,15,1
LunaCirclejerk,15,4
Robin,15,13
Im14andTIL,15,6
deepsouthproblems,15,9
BASINS,15,2
hamburg,15,9
svenskpolitik,15,3
2013,15,11
smokerslounge,15,9
VintageSmut,15,2
ANTM,15,7
MinecraftWars,15,6
usyd,15,13
NarutoCircleJerk,15,4
ChicagoMotorcycles,15,7
pipemaking,15,10
Cosporn,15,7
warehouse13,15,12
flaminglips,15,10
Scary,15,11
cargifs,15,6
Swirclejerk,15,9
Megaphones,15,2
cuddlebuddies,15,5
jennettemccurdy,15,5
Roleplay,15,2
duckduckgo,15,7
Dieselpunks,15,6
IWW,15,4
TShirts,15,11
computerforensics,15,11
bestship,15,4
AskDad,15,8
safety,15,8
torontoJobs,15,6
maryjose,15,1
simpleios,15,11
ethical_living,15,4
Glasgow_Celtic,15,9
Rihanna,14,9
logistics,14,10
CanadianBeauties,14,4
DrinkingGames,14,10
flannelcatch,14,1
WWU,14,10
Newark,14,5
Lettering,14,8
obscuremusic,14,3
bonklers,14,4
oooooooyyyyyyyyyyyy,14,9
Charlottesville,14,13
JoshuaTree,14,8
royalbaby,14,9
Stupidity,14,9
Gastroparesis,14,8
suggestions,14,9
Random_Shit,14,4
aDifferentSpin,14,10
realolderwomen,14,3
phonepics,14,11
dependent_types,14,8
blacksmithing,14,13
chicksinhockeyjerseys,14,4
GothicMetal,14,9
threegoodthings,14,4
watersports,14,8
Sherlock_Fanfiction,14,9
TheTransphobiaSquad,14,6
ShittySeduction,14,8
computebazaar,14,6
libtard,14,1
trapgifs,14,1
survivortv,14,12
NWSL,14,4
Lolita,14,10
cunnilingus,14,3
atakos,14,1
btcc,14,5
RageComic,14,9
SiouxFalls,14,11
MISIONUBUNTU,14,0
CloudyCraft,14,6
LimeGreenNetwork,14,1
robotchicken,14,3
Yiddish,14,8
stream_fusion,14,0
TreesOnDemand,14,3
bisexualadults,14,2
SegaSaturn,14,10
derp,14,7
Interracial_Hardcore,14,3
vimeo,14,7
RandomActsOfBidets,14,6
loveproblems,14,8
HitmanAbsolution,14,11
heating,14,8
blackhat,14,11
QuickTutoriel,14,1
VideoVault,14,2
redditracing,14,5
dragoncon,14,11
drumline,14,11
opnsourceconstruction,14,1
damngoodinterracial,14,6
ShittyZelda,14,9
animebazaar,14,7
Debate_an_anarchist,14,10
homestuckcirclejerk,14,8
EdBangerRecords,14,10
JessicaNigri,14,9
narutomanga,14,9
MinecraftHelp,14,10
teentitans,14,8
stbernards,14,10
science2,14,9
ChannelWatch,14,5
weddingdress,14,13
SeriouslyLuna,14,8
CircleProgramming,14,7
Project420,14,5
uchicago,14,12
BlurayReviews,14,1
POKETINO,14,1
jazzhop,14,7
MasonJars,14,6
StaleBread,14,2
sscnapoli,14,9
999,14,4
candy,14,7
hardbodygifs,14,2
sf3,14,12
scenicdashcam,14,1
ClassicTrance,14,5
MassivePics,14,2
dfwmusic,14,12
Winter,14,11
paganism,14,10
masculism,14,7
holocaustdeniers,14,4
TheLateShow,14,5
Runner5,14,13
ASPNET,14,12
stellahudgens,14,0
commandandconquer,14,5
badlinguistics,14,12
FUUUUUUU,14,8
Pontiac,14,10
GoogleMaps,14,11
BravoRealHousewives,14,5
starfleetacademy,14,1
treeschat,14,1
WebApps,14,13
sanmarcos,14,9
Capitalism,14,8
finances,14,9
RandomActsOfCookies,14,13
anarchy,14,11
Relationship,14,6
algotrading,14,11
traders,14,9
dwave,14,3
funkhouse,14,7
RoundRock,14,10
GrowthHacking,14,2
PoliceChases,14,10
blackpowder,14,3
GiveMe40Days,14,10
office,14,10
LiquidDubstep,14,3
bigdata,14,12
doood,14,3
ElectronicaLounge,14,5
cambodia,14,11
deadpets,14,5
stephanfleaming,14,1
tweedshire,14,2
linkbuilding,14,13
seoul,14,8
Flagstaff,14,14
messi,14,9
BayAreaLaw,14,0
HoustonSocials,14,7
InternetCulture,14,6
cheltorshery,14,2
Diesel,14,11
coverdesign,14,9
NYCrestaurants,14,2
kindlescreensavers,14,8
Excelsior,14,4
BlocParty,14,8
videogamesshow,14,4
AnnaLynneMcCord,14,3
Waifu,14,6
TottonCraft,14,6
MileageUpdate,14,1
leicester,14,9
northcounty,14,10
londonandrews,14,4
AnimeDeals,14,5
stljobs,14,7
wtfstockphotos,14,9
100BlackMen,14,3
Turkce,14,9
jedisloths,14,2
ODroid,14,7
IronChef,14,5
Pugro,14,4
RELounge,14,2
jrotc,14,7
biomass,14,3
3FrameMovies,14,3
GravureGirls,14,2
ColombiaReddit,14,3
clothingselling,14,12
GrumpyCatGoneWild,14,8
Spearfishing,14,10
JapaneseFood,14,12
Houstonsingles,14,7
designinspire,14,3
MovieGuide,14,1
HaloMegaBloks,14,5
DestructionPornPorn,14,1
jomc449fall12,14,1
koalas,14,8
GuiltyPleasureMusic,14,3
Ghost_in_the_Shell,14,7
datass,14,5
2010sMusic,14,3
gentlemanimals,14,9
tf2eastcoast,14,10
jutlanduk,14,8
Catholic,14,8
hiring,14,8
altjs,14,3
wp7dev,14,12
sunset,14,9
Chins,14,2
london_forhire,14,10
Fittit,14,9
footwork,14,10
LowerLeagueFootball,14,4
dancing,14,11
dota2videos,14,3
freshpics,14,6
spreadjesus,14,1
fosterit,14,8
bowhunting,14,6
breathebuggboot,14,2
moviecomputers,14,1
twincitiesmusic,14,8
MinerSurvival,14,1
romance,14,12
SCCM,14,12
men,14,11
Bladesmith,14,12
iphone5,14,13
explainlikeimcaveman,14,9
DrumMajors,14,1
Logos,14,11
diving,14,10
FATOROBOTO,14,1
ThePlayerHaterClub,14,9
TeaParty,14,9
MCNSA,14,12
AmandaToddYOLO,14,3
thongs,14,9
SOPA,14,9
CaveCast,14,0
transcendental,14,3
manhwa,14,3
tldr,14,1
geegees,14,9
IRenderedAPic,14,7
DTLV,14,3
redpandaporn,14,2
leds,14,9
postyourscran,14,1
AvailMidst,14,4
bostonforsale,14,8
DayZero,14,2
amateurengineering,14,4
Metaphysics,14,8
BOLIVIA,14,6
endprohibition,14,10
sex_toys,14,1
bulldog,14,10
worldpoliticalhumour,14,10
FFFFFUUUUUUUUUUUU,14,10
GlobalWarming,14,9
Movie_GIFs,14,4
brunettes,14,13
JKP,14,2
bitmessage,14,6
Ferrari_Lovers,14,1
litmotors,14,1
GameAudio,14,10
DrivingProTips,14,6
Polaroid,14,9
MagicalMattandDaniel,14,2
poppunk,14,9
cruisers,14,11
Naturalgirls,14,2
albania,14,10
relationship_science,14,3
wesanderson,14,9
SlayingBitches,14,0
mariorule34,14,6
starman,14,10
vision_aku,14,0
news2,14,6
Mecha,14,9
metalgear,14,9
rolistentothis,14,7
Androgynoushotties,14,7
minecraftROK,14,4
StrangeMusicInc,14,4
creampie,14,10
askaconservative,14,6
AnythingGoesEarth,14,3
SRSComics,14,13
Guessmyname,14,6
iceporn,14,9
SomebodyMakeThis,14,9
fit,14,5
lightpainting,14,6
Wonka,14,10
progressive_islam,14,6
PerfectBoobs,13,1
Coimbra,13,3
oregonstate,13,5
anyquestion,13,5
UTK,13,8
gnome,13,6
Twokinds,13,8
ateosmexicanos,13,4
car,13,10
deandrefall,13,4
AlternateNews,13,4
VLC,13,10
badintelligence,13,2
SRSTelevision,13,8
sorry,13,1
columbia,13,9
Filmshare,13,10
JungleFever,13,3
ddo,13,10
GermanPractice,13,8
EcouteCa,13,7
neilyoung,13,10
NoveltyAccounts,13,8
GroupAnime,13,4
transgamers,13,10
Synthetic_companions,13,1
3amjokes,13,9
littlebigplanet,13,12
psychoanalysis,13,7
PirateProblems,13,4
utvoffroad,13,2
StarKid,13,7
anarchistpics,13,5
ipv6,13,11
vkbandmen,13,1
mspaintbattles,13,8
piratebay,13,10
Butterflies,13,10
TheNational,13,7
raspbmc,13,12
gaybroscirclejerk,13,2
duck,13,9
PhoenixWright,13,8
academia,13,8
dynamo,13,8
CuckqueanCommunity,13,3
ProsePorn,13,8
mutt,13,6
GriefSupport,13,9
RottenNews,13,1
NegrosOccidental,13,2
AnalogueHardware,13,2
WonderWoman,13,8
enlightenment,13,10
ShadowBan,13,5
YoungJobs,13,10
anglosaxon,13,2
mutualism,13,7
Midessa,13,10
ChrisEvans,13,4
skithits,13,3
cognac,13,10
PalermoStreetClub,13,2
NAU,13,8
TripleScreenPlus,13,2
AgeofWushu,13,8
Puppet,13,7
SJEarthquakes,13,6
dyke,13,11
payitforward,13,10
Tetris,13,10
DSP,13,12
shouldimod,13,7
Mountaineering,13,9
californication,13,7
trianglejerk,13,10
badwrestlingjokes,13,8
MODERN_TELEVISION,13,1
Lehigh,13,8
BraveryjerkPorn,13,4
JessicaSimpson,13,3
puerto_rico,13,7
cantstoplaughing,13,3
WarZLFG,13,5
davidfosterwallace,13,10
TILgonewild,13,2
NerpCraft,13,7
mediocregiraffes,13,4
ithaca,13,9
cowfish,13,4
ticats,13,3
OrcsMustDie,13,6
AsianFeet,13,4
AndroidHelp,13,8
Debt,13,9
DaveAndBusters,13,4
meta,13,10
pipehogs,13,8
askpsychology,13,9
Gingers,13,8
ohmygosh,13,2
shewantstofuck,13,5
emulators,13,8
ThisWeekInTravel,13,2
hipsterbullshit,13,4
MichiganWolverines,13,8
ttotm,13,8
CarReviews,13,6
PokemonLeagueDS,13,7
oxford,13,9
MacauCarPics,13,1
ShittyAskCooking,13,8
mindiukas,13,4
80sElectro,13,0
IT_CERT_STUDY,13,7
annualkpicsawards,13,1
DiabloItalia,13,1
chernobyl,13,4
missouri,13,11
EDSC591,13,7
Deskera,13,3
GettingOutOurDreams,13,5
runninglifestyle,13,11
tarheels,13,5
camphalfblood,13,10
lakeheadu,13,4
Khajiits,13,10
manfilth,13,3
xxx_movies,13,2
HUT_Trades,13,7
canton,13,9
astrologyblogs,13,5
skulls,13,6
Brotherhood_of_Steel,13,5
Fieldhockey,13,8
noob2admin,13,11
washu,13,9
SlightlyDamned,13,0
dropbox,13,7
drumandbass,13,10
WarOnDrugs,13,10
ComicBookCollabs,13,7
kravmaga,13,10
coldfusion,13,8
youngporn,13,3
Schemepunk,13,2
mcpostapoc,13,3
Onlygood,13,4
physicianassistant,13,8
BEME,13,2
AllOccupy,13,3
spokenword,13,10
scottishproblems,13,8
Waterutilities,13,1
ChristianHardcore,13,6
powerpop,13,7
graphicdesignporn,13,3
catsintrees,13,6
TiaTanaka,13,0
wealth,13,9
Gaza,13,8
socialscience,13,7
samoyeds,13,9
owlsarefuckingscary,13,6
althistory,13,4
Tao_of_Sound,13,5
WKUK,13,4
columbusmusic,13,8
futile,13,9
bpholdingsgroup,13,6
emergencymedicine,13,9
awakened,13,5
2ndfloatingrepublic,13,4
parentsofmultiples,13,6
basslessons,13,11
wallets,13,8
filmnoir,13,8
obituaries,13,4
BadDogs,13,11
TrialsEvolution,13,10
Substitutes,13,3
citamedicaenlinea,13,1
sunglasses,13,10
teenrelationships,13,7
biblestudy,13,1
mountaingoats,13,6
MirandaCosgrove,13,4
agency,13,8
pimpmyreddit,13,6
TheCompletionist,13,3
DragonNest,13,9
CapeCod,13,9
dailyprogrammer_ideas,13,11
ChallengeAccepted,13,8
AppEngine,13,9
Defiance,13,3
JamesDeen,13,11
TechnologyUnbiased,13,2
ProtoMetal,13,2
BanjoKazooie,13,10
ft86,13,7
thesimscontests,13,4
basickrecords,13,2
culinary,13,10
czech,13,10
retirement,13,9
QUEBECENTS,13,7
cork,13,10
nequamsonitus,13,1
PeopleFalling,13,3
CALLCENTERCOSTARICA,13,1
PointyEars,13,1
codmemes,13,11
indiebiz,13,7
perfectgift,13,7
PopTarting,13,3
princeton,13,7
NatureReality,13,1
newspapercomics,13,2
CasualIamaCircleJerk,13,8
SkypePartner,13,5
lickingdick,13,2
combinedgifs,13,6
aap,13,2
Charger,13,2
SFxT,13,9
ScienceTeachers,13,12
Kingwood,13,4
Footynions,13,1
cybersex,13,6
jacking,13,5
HorrorClub,13,2
JackyDee,13,7
gaygeek,13,8
NuclearPower,13,8
thoriumreactor,13,9
tech_news_today,13,3
amateur_boxing,13,11
GoalKeepers,13,10
PHFilmClub,13,2
gunnerkrigg,13,2
coveredincum,13,8
Fish,13,9
DogPics,13,9
startdown,13,0
CivHaven,13,5
AdrianaLima,13,4
karliekloss,13,2
mr2,13,13
Womens_Rights,13,10
thetypicalsebbe,13,3
ancientgreece,13,9
edmontonmusic,13,8
myst,13,11
programminghelp,13,7
classic_beats,13,5
financialfortkickass,13,2
FIU,13,11
NSFR,13,4
Breakfast,13,9
BatmanSlap,13,9
KateeOwen,13,7
pipetobaccomarket,13,11
hats,13,10
nutella,13,11
MassEffect3,13,9
ThankYou,13,7
AllThingsManly,13,1
oldskoolrave,13,3
SecularHumanism,13,8
HHHawards,13,0
frankfurt,13,8
Animal,13,8
AORmelodic,13,6
cringecollege,13,1
Osaka,13,11
bustyasians,13,3
byu,13,6
shelties,13,9
securityforces,13,10
tribalfusion,13,2
Golden_Triangle_Tours,13,1
AntiSRSCirclejerk,13,7
QuentinTarantino,13,11
SealsWithClubs,13,4
Barbelith,13,2
twinkledaddies,13,9
ladybonerspeegw,13,4
discordian,13,7
DarkKnightDiscussion,13,7
Khazar_Pride,13,2
perspektive,13,2
billmurray,13,10
rhettandlink,13,1
MetaConservative,13,5
coestar,13,9
karibyron,13,4
Cornwall,13,8
ptcgo,13,9
UCalgary,13,9
fossilid,13,9
Jesus,13,11
barbershop,13,9
Survivalist,13,8
wey,13,2
storagewars,13,11
winstonsalem,13,10
public,13,6
eugenics,13,9
Spaceexploration,13,4
blackflag,13,9
Sleepparalysis,13,12
FinnishMetal,13,1
DYR,13,9
Haven,13,10
irishtourism,13,2
Dancinggifs,13,8
urbanfantasy,13,4
CoinClub,13,4
whatsinthecrate,13,7
distension,13,9
Askpolitics,13,8
trevorhorn,13,1
petplay,13,5
Siberia,13,9
picture,13,6
ShortyStories,13,6
creepyfriendships,13,5
sheltie,13,11
txstate,13,10
oracle,13,10
upstate_new_york,13,10
Strongarmtopopularity,13,1
Justdial,13,6
dreampop,13,8
androidtablets,13,7
BdsmDIY,13,7
PakWatan,13,3
AnaheimDucks,13,6
RaidingRainbow,13,6
bird,13,10
cifppalencia,13,7
makam_koltuklari,13,1
soonkyu,13,8
videogamemusic,13,10
babylon5,13,9
VanessaHudgens,13,4
Polska,13,7
WeatherPorn,13,7
renting,13,13
TheHRM,12,7
WomensSoccer,12,5
discgolfporn,12,2
DebtAdvice,12,7
Galaxy_S,12,7
beforesandafters,12,7
Motorrad,12,8
IOPsychology,12,8
porn_bts,12,1
kara,12,7
virtualWDC,12,3
shareyourtunes,12,7
Lottery,12,12
Stress,12,10
animalwelfare,12,9
circasurvive,12,9
ChristianApologetics,12,8
wordplay,12,8
Nigeria,12,8
nipslip,12,7
wheelchairs,12,1
assinjeans,12,3
ModelCars,12,4
freejazz,12,10
pathologic,12,5
IndianaPacers,12,3
ElectroLemon,12,2
ConstructionPorn,12,8
runningtunes,12,0
pedobear,12,7
wetshirts,12,0
justified,12,6
hitchhiking,12,9
Spartacus_TV,12,7
HighResButts,12,1
MouseGames,12,1
knockoutgifs,12,2
250r,12,7
wurmonline,12,1
baissetonfroc,12,4
edmontonents,12,6
criticism,12,5
DrunkGirls,12,3
SRSTransSupport,12,7
youtubers,12,8
Sausage,12,3
Eatingandreading,12,2
denpa,12,2
DoutzenKroes,12,1
YOLO,12,8
war,12,9
SovietReunion,12,5
TVstation,12,2
d3up,12,7
inthemorning,12,3
UKHealthcare,12,3
Hobbies,12,10
Commercials,12,7
athiest,12,7
angularjs,12,9
Moombahcore,12,7
cardistry,12,10
hardtek,12,4
TheWarZTrade,12,8
allstarcheer,12,4
AWKWARD,12,7
nipponichi,12,2
trainerroad,12,4
JoCo,12,6
fireballisland,12,1
notfunny,12,9
ALMS,12,9
MinecraftWallpapers,12,10
HermanosFC,12,3
project1999,12,10
stofoundry,12,4
Doom,12,7
yungcarl,12,5
Stepmania,12,10
stockholm,12,6
TwilightZone,12,10
Bravehugs,12,3
gonecivil,12,7
afkcafe,12,6
FratRap,12,1
RAoLiterature,12,7
NCserver,12,4
Tickets,12,8
AdorableArt,12,8
PornVideos43,12,0
JourneyPS3,12,6
TragedyOfTheCommons,12,1
badlifetips,12,1
reditrbugs,12,4
Leiden,12,7
inbreeding,12,6
GermanMovies,12,7
GameswapUK,12,7
hitlergw,12,5
PortAperture,12,5
budgetveggie,12,5
joebidenandasandwich,12,8
AnarchistJams,12,5
aiyu,12,8
ENFP,12,7
DescarcaGratis,12,1
BritishFolkMusic,12,4
progbreaks,12,2
thedoors,12,8
kendo,12,11
myfreecams,12,4
alltimelow,12,7
Karting,12,10
nsfw_hd,12,5
r4rFurry,12,4
atheismindia,12,5
Newfoundlander,12,8
RedneckandProud,12,9
UI_Design,12,1
Norwich,12,10
fernsehen,12,3
snabb,12,2
dicks,12,4
redditroommates,12,10
toasterbait,12,8
DSCinEu,12,1
black_porn,12,4
omgifs,12,2
heavyvinyl,12,10
tamil,12,7
sigurros,12,7
witchcraft,12,11
Trending,12,8
HouseMusic,12,10
canon,12,8
GayKink,12,6
hemp,12,10
wallpape,12,1
donate,12,9
CoffeeChat,12,9
gameideas,12,10
SanDiegoJobs,12,7
ActingPorn,12,7
JavaServerFaces,12,3
barefoot,12,10
glassblowing,12,5
writers,12,7
Pattycake,12,2
tmbg,12,7
BrownU,12,9
TheBrewery,12,9
yuasaaku,12,0
magicka,12,10
ASKParanormal,12,6
Errotic,12,12
thejoeroganexperience,12,1
Drinking,12,10
futurematthew,12,2
fursuit,12,9
AskAShittyMechanic,12,5
SRSCinema,12,8
Pokemon_IRL,12,0
TheWeeknd,12,8
LigaMX,12,7
hardshipmates,12,3
hattiesburg,12,8
virtualreality,12,9
sfx,12,7
LawAndOrder,12,3
libertarianpicts,12,1
mapsofbravery,12,3
junotemple,12,2
protips,12,9
Shitty_Watercolour,12,9
Madonna,12,11
Peterborough,12,8
costume,12,8
siteb,12,2
RepublicOfAtheism,12,6
underboob,12,7
HurricaneSandy,12,9
WWFC,12,5
rubyonrails,12,7
VictoriaSecret,12,5
southisland,12,3
Broward,12,6
transgendercirclejerk,12,9
Commodore,12,4
weirdworlds,12,1
k_on,12,7
Datmeth,12,1
sheetmusic,12,7
InformationTechnology,12,6
smarter,12,1
pawg,12,3
SpicySwap,12,9
jungle,12,9
frenchelectro,12,6
OttawaSenators,12,9
michiganbeer,12,6
jessica,12,1
StCharlesMO,12,6
PrisonReformMovement,12,1
gaychicanos,12,2
HarryNilsson,12,3
DallasStars,12,7
NZTrees,12,7
galatasaray,12,6
Haruhi,12,5
JGL,12,8
LTE,12,1
RedditOriginals,12,8
ACC,12,8
Heather_Graham,12,2
events,12,10
adventuretimegifs,12,3
Laasanen,12,2
BoyScouts,12,10
facts,12,10
ACheapBuy,12,0
GenX,12,5
Pomeranians,12,9
gayjews,12,7
wowbans,12,1
VHS,12,5
MaddenRedditNation,12,6
websitemonitoring,12,11
VictoryMotorcycles,12,6
sideboob,12,7
politcs,12,7
sketches,12,8
gonzo,12,9
RBAsales,12,3
WorldBuzz,12,1
MLPloungeSteamGroup,12,6
hatsoncats,12,5
BhamEnts,12,8
frederickmd,12,7
rawpetfood,12,3
Duck_Dynasty,12,9
VanessaMorgan,12,1
ISTJ,12,9
presidentialbball,12,2
racquetball,12,8
chilling,12,4
SourceFed,12,6
standmixer,12,9
tylerclub,12,4
maledom,12,1
forensics,12,9
Lethbridge,12,10
Crossdressing_xxx,12,5
RedditHistoryLessons,12,6
japanesejazz,12,3
jememarre,12,3
ww2,12,7
PeoriaIL,12,6
atheistparents,12,9
ChatRoulette,12,8
prochoice,12,7
Indoctrinated,12,7
MyLittleInsanity,12,3
EverythingReddit,12,2
NewAge,12,5
UKFrugal,12,10
ShadowBanned,12,8
VancouverMusic,12,7
mmt_economics,12,6
mentors,12,9
trueandroid,12,4
vegetarianketo,12,6
pasadena,12,3
leeroysjams,12,1
PEI,12,11
eastside,12,10
deism,12,10
noisemusic,12,10
tyg,12,3
RotmgCircleJerk,12,10
drunkgonewild,12,2
BuildandShoot,12,6
urbandesign,12,8
FCJbookclub,12,7
facebookquotes,12,7
closeup,12,4
udel,12,6
legaljobs,12,1
WTAwesome,12,2
smokingfetish,12,4
b210k,12,6
sousvide,12,8
Aarhus,12,10
bybanen,12,4
ParticlePhysics,12,8
Toriko,12,8
Mohawks,12,8
vrd,12,2
turkeysweet,12,2
San_Angelo,12,5
EducacaoColetiva,12,1
Portlandia,12,8
Grifball,12,6
CHL,12,8
shittyideasforadmins,12,11
RandomMail,12,9
MilSim,12,6
WestboroBaptistChurch,12,9
anthro,12,8
swag,12,4
Cairns,12,4
shmups,12,6
ParkourTeachers,12,7
ashes,12,1
cubancigars,12,7
cky,12,2
DemiLovato,12,5
200Situps,12,6
Fruitoftheday,12,2
DenverCirclejerk,12,5
TACTeam_Spanish,12,6
ReAlSaltLake,12,5
GameSociety,12,1
riceuniversity,12,10
texasents,12,10
MindTheTrip,12,1
Thenewsroom,12,9
arttheory,12,5
StarWarsEU,12,10
HistoricalCostuming,11,6
hawtness,11,2
HSMSE,11,4
thevenusproject,11,7
GreenCarLovers,11,2
RedLetterMedia,11,7
jazznoir,11,4
thelongread,11,1
mylordjesus,11,6
FoodVideos,11,8
disabilityloans,11,1
Atmosphere,11,5
realtors,11,8
sportsbetting,11,5
TopChef,11,7
ProjectGODUS,11,4
thatHappened,11,3
VetTech,11,9
steambox,11,5
GamingArt,11,10
CZFirearms,11,7
mfavs,11,1
BlackMesaSource,11,8
frogs,11,7
DayzCirclejerk,11,4
Sarnia,11,6
RUGC_India,11,3
radioheadmusicians,11,7
Agronomy,11,1
classymusic,11,2
MiniaturePinscher,11,8
only_bondage,11,2
100sets,11,4
CulinaryPorn,11,6
mordo,11,2
necromagitech,11,2
jackfrost,11,1
gullin,11,7
fights,11,10
bitchplease101,11,0
niggerkillers,11,3
BusinessLawyer,11,1
WarriorCatsRP,11,6
Training,11,11
DCFD,11,1
PoliticalPwnage,11,3
ejuice_reviews,11,6
dota2castit,11,7
UMBC,11,9
organ,11,10
SodaSwap,11,7
pdxgunnuts,11,7
uskomaton,11,3
FuckYeah,11,7
PureLand,11,1
AlessandraTorresani,11,2
fakulolsail,11,4
wellwatch,11,2
PS4,11,9
tinyteens,11,1
gonepasta,11,7
Download,11,4
Team_Viking,11,5
PhysiciansLounge,11,6
IAMAFamousArchive,11,4
classicbattlefield,11,7
rct3,11,9
TESQuests,11,5
papermoney,11,10
DieAntwoord,11,8
Psystarcraft,11,7
NiagaraFallsPolice,11,1
AdultsXXX,11,11
maturewomen,11,2
IrelandGoneWild,11,0
fbb,11,4
kimbra,11,1
mash,11,6
FemdomHumiliation,11,4
Fifthworldgonewild,11,5
hypotheticalsituation,11,7
comedywriting,11,7
salukis,11,8
GamersAgainstViolence,11,4
sc2ed,11,5
RetroInternet,11,5
TF2Lessons,11,5
SpitRoasted,11,1
SS13,11,9
Mylittlesprayschool,11,6
thelastofus,11,11
comiccon,11,8
tsa,11,9
Toontown,11,7
Azmerath,11,3
humanRightsLiberties,11,1
SMSGG,11,3
nothingforbidden,11,6
nookcolor,11,7
parentdeals,11,1
420,11,8
MinecraftMod,11,3
ShortStoriesCritique,11,9
taylorruckle,11,4
askmetal,11,6
headhunting,11,3
ChristenPress,11,2
Knifeporn,11,5
RedditCantJump,11,4
DaPlayaH8Rsball,11,5
Cadillac,11,7
cuusoo,11,7
TheAwesomeClub,11,2
KCTech,11,5
reading,11,8
KentStateUniversity,11,2
hiphoptruth,11,8
LadiesofMetal,11,8
Lost_Films,11,7
TheDark,11,1
BigBrotherReddit,11,7
adultery,11,8
Gerstelism,11,0
Hyundai,11,8
Innocent,11,4
RoomofRequirement,11,2
UpRaid,11,3
CULTLABS,11,1
haloAU,11,6
carlhprogramming,11,7
mcWallaWalla,11,6
gamejams,11,7
TouringMusicians,11,9
fillyfiddlers,11,7
MetalLadyBoners,11,5
DDLFC,11,4
NSFW_chili,11,1
AltTeens,11,3
snowmobiles,11,1
BTCMining,11,1
rochestermn,11,5
CSULB,11,7
28gameslater,11,1
ParallelWorldProblems,11,9
TheGaslightAnthem,11,7
NantesLive,11,2
Sudbury,11,6
femalegaze,11,1
Iam14andthisisserious,11,4
ElectroSport,11,1
applesucks,11,8
learnDothraki,11,2
capabilities,11,2
GoldfishUprising,11,2
PokemonWallpapers,11,6
333,11,1
fourleggedtrolls,11,1
LakeBell,11,3
stjohnscollege,11,2
hot_bears,11,2
lincolndouglas,11,5
physicaltherapy,11,8
predictions,11,9
wannabe,11,6
mcsilvertown,11,6
tuscaloosa,11,4
TriCitiesWA,11,6
HangersAndSaggers,11,0
Alex,11,6
SRSZone,11,7
FAU,11,5
LibertarianSocialism,11,5
fayetteville,11,8
fibro,11,8
SaintAlbansVT,11,2
puppy,11,6
picsofcaninedicks,11,2
takemymoney,11,9
whenyouseeit,11,8
ExperimentalFilm,11,7
Rikka,11,4
PeterSchiff,11,2
Musiclists,11,2
BJD,11,8
Westchester,11,7
flashfiction,11,6
Sketchup,11,7
hardcore_gifs,11,1
fpv,11,8
Prague,11,8
adbreakdown,11,7
runningmusic,11,7
FoodAddiction,11,9
games_journalism,11,2
SouthDakota,11,9
Savant,11,5
bash,11,6
Danzilona,11,4
gout,11,8
sewhelp,11,10
GreatLakesShipping,11,3
OralHistory,11,1
DailyShow,11,4
SVRiders,11,6
success,11,7
chinesefood,11,8
pocketsand,11,6
linux_devices,11,7
fullconcertsonyoutube,11,6
thedoop,11,5
alanitis,11,1
gue,11,9
SantaClaus,11,6
IMadeThis,11,4
internetthrowbacks,11,1
JudgeNapolitano,11,2
SarcasticReviews,11,0
kreiswichs,11,5
picsofharlequincats,11,10
KidCudi,11,5
accountt1234,11,2
Humanities,11,10
Turnsmeon,11,0
Suburgatory,11,7
AlternativeThinking,11,2
haligonients,11,4
WCU,11,7
cottonpanties,11,1
sugargliders,11,9
MusicNotes,11,7
poltics,11,8
ElectronicJazz,11,7
Jolla,11,3
PeopleWithoutNecks,11,4
Futurism,11,5
Printmakers,11,6
Sojourners,11,1
bartenders,11,9
ArkhamHorror,11,8
everything,11,5
lynchburg,11,5
Bangkok,11,9
INTPactivists,11,2
hammer,11,6
ServerPorn,11,10
PeanutsGang,11,2
subredditsinanutshell,11,6
MelbEnts,11,5
stepparents,11,5
freeegypt,11,1
USMilitia,11,3
canirunthis,11,7
analytics,11,9
Traffic,11,11
teamfortresstwoX,11,9
FemBoys,11,3
NTChristian,11,1
Topless_Vixens,11,6
GamingHumor,11,9
search,11,6
bbqatwork,11,1
dlporn,11,11
snippet,11,1
animalswithlargenecks,11,10
Ancientknowledge,11,1
OGame,11,4
blackpower,11,5
makingmoney,11,7
mylittleyuri,11,0
epidemiology,11,8
Jackisafag,11,4
laughingbuddha,11,4
youtubemovies,11,2
Whosthatcharacter,11,2
KESHA,11,10
socialeyes,11,1
Comcast,11,6
religiousright,11,3
DavidBowie,11,9
playingcards,11,7
facedesk,11,5
goats,11,8
wotcirclejerk,11,6
Toughmudder,11,10
KyoAniYuri,11,4
nicholascage,11,10
backtrack,11,6
safetydance,11,4
UIC,11,1
MadisonAcademy,11,3
Quenya,11,8
mindcrackvoting,11,1
unbearablyconceited,11,2
Unemployed,11,9
SRSBooks,11,9
Pokenawa,11,6
nycpics,11,9
ThePantsParty,11,6
FoundWords,11,7
cavaliers,11,10
pornocolombiano,11,1
vriska,11,2
ArnoldSchwarzenegger,11,7
Brotienshakes,11,1
bbcbt,11,5
PunkGirls,11,9
RedditJams,11,9
listofponies,11,1
gunnuts,11,1
CircleGrump,11,8
rehabtherapy,11,6
girlsinpantyhose,11,1
piranhas,11,5
ECEProfessionals,11,8
racism_immigration,11,1
SarahHyland,11,3
Gintama,11,7
Backcountry,11,8
gamenostalgia,11,9
redditx4,11,4
MundoAndroid,11,1
delphi,11,4
forestry,11,10
FOSSPhotography,11,4
IIT,11,7
LifeRPG,11,8
prisonarchitect,11,8
charlotteclassifieds,11,8
amateurcollective,11,1
Succession,11,6
angrybirds,11,8
mirrorsedge,11,9
atlus,11,6
originalbackgrounds,11,2
BitcoinMagazine,11,3
glasses,11,10
mindblown,11,7
Chivalry,11,7
PostgreSQL,11,8
athesim,11,5
signs,11,9
ecuador,11,8
SelfTrees,11,3
sfwtrees,11,6
ironman,11,10
ButtSharpies,11,6
animeplot,11,4
FreeSpeech,11,4
Thrifty,11,4
pingers,11,1
CommonFuckingSense,11,8
DressedAndUndressed,11,1
BeeRages,11,2
gps,11,9
makingfriends,11,8
dykesgoneliterate,11,7
AdultVideos,11,1
KCEDM,11,4
MRRef,11,3
bookquotes,11,10
gross,11,7
NoLongerAlone,11,3
transcribe,11,6
fanart,11,7
gamestream,11,5
GameRanks,11,2
AustinMusicians,11,9
pygmy,11,1
shoujoai,11,3
cgr,11,1
Hairbrushes,11,1
LPC_PLC,11,4
PewDieCry,11,2
ParrotHeads,11,2
TheWhyGuy,11,7
talesfromcallcenters,11,8
shittysocialscience,11,9
BehaviorAnalysis,11,7
zombiegifs,11,3
Marvel_Daredevil,11,3
FlutterPie,11,4
funnt,11,2
TeenGamers,11,7
revenge,11,6
html5games,11,10
kristenstewart,11,5
transgenderUK,11,5
marvinrecipes,11,1
Monsanto,11,3
PokemonCirclejerk,11,10
StreetPassNetwork,11,2
blockb,11,4
adventurememe,11,11
recordedmusic,11,7
kosherketo,11,2
blackmilk,11,6
jamiekilstein,11,7
Zendaya,11,1
qatar,11,10
ZonaEnts,11,4
Scottsdale,11,9
consumerist,11,3
SammiHanratty,10,0
whitecapsfc,10,4
usebitcoins,10,5
Keepcalm,10,1
paulwesley,10,3
Eye_Candy,10,2
zoidberg,10,8
AlienExchange,10,3
postapocalyptic,10,6
bigsky,10,6
SublimeText,10,7
BDSMparenting,10,3
spoderman_tim,10,5
boutiques,10,1
WorldHistory,10,7
LostAndFound,10,7
BeefFlaps,10,5
Lesbos,10,2
2DawnGames,10,4
stealthgames,10,6
Ringtones,10,7
TomBradyQB,10,1
AutoCAD,10,6
misanthropy,10,4
Innovation,10,5
scrapbooking,10,4
redditlacqueristas,10,4
sappho,10,3
ChristianUniversalism,10,6
ehlersdanlos,10,7
SoundSystem,10,6
foxmustang,10,6
LabyrinthofMagic,10,1
politicalcartoons,10,7
PacificCrestTrail,10,7
callutheran,10,1
Amnesia,10,6
iphonewallpapers,10,8
Animacion,10,1
Supermeatboy,10,9
kandi,10,7
balisongs,10,6
CsectionCentral,10,6
CalgaryExpo,10,1
FutureLiving,10,1
PaigeWyatt,10,1
JobSearchBuddies,10,4
treemovies,10,5
ComputerTips,10,2
LanguageTechnology,10,5
PTOH,10,4
PositiveChange,10,1
stjohnstone,10,1
IndianGaming,10,6
foodmurder,10,4
entOttawa,10,5
capri,10,1
brom,10,4
AlfaBravoCharlie,10,1
alwayscheersmeup,10,4
mobilewallpapers,10,9
GMail,10,9
currentlyreading,10,8
ValhallaChallenge,10,1
ageofreckoning,10,2
chemtrails,10,7
TrashFoodNation,10,2
plastemart,10,2
themightybrandon,10,4
Portsmouth,10,6
kayakfishing,10,6
TodayIAte,10,9
Ask_Niggers,10,2
Shipwrecks,10,8
topwalls,10,3
alchemy,10,6
chastitytraining,10,5
SynthRock,10,3
azdiamondbacks,10,7
henryrollins,10,8
treedibles,10,7
KarmaCourtAttorneys,10,6
videojuego,10,3
usability,10,9
ocaml,10,7
Mylittlefalloutdiary,10,3
rastafarimons,10,3
Threesome,10,4
beardbrand,10,2
BabesHut,10,2
euguild,10,6
scrabble,10,7
FaceFuck,10,7
cjcopypasta,10,2
chapelhill,10,6
RedPassword,10,1
FuckableAmateurs,10,1
gapermaker,10,1
Blazblue,10,6
Movieswhilehigh,10,7
youngstown,10,4
gayvideos,10,7
happyhacking,10,4
blondehairblueeyes,10,4
Brampton,10,6
bees,10,5
NSFW_BDSM,10,1
Madcrafters,10,2
truenews,10,4
DualGender,10,7
Amusing,10,7
Britain,10,8
voluntarism,10,7
nugporn,10,6
WalkingRoutes,10,1
montclair,10,7
blakelively,10,5
mylittleWTF,10,6
jeremyrenner,10,5
stickers,10,5
uniqlo,10,3
modexperience,10,5
totoro,10,8
baremidriffs,10,1
maddidawson,10,3
Luxembourg,10,9
WARMERCLIMES,10,1
irishmusicscene,10,6
cupcake1713Jerk,10,6
midwestsnowboarding,10,6
RedDeer,10,7
Jerkies_2012,10,5
TodayMyRoommate,10,5
Kenya,10,8
dontbreakthechain,10,5
PhotoClass2013,10,1
HealthAnxiety,10,6
GayWatersports,10,2
theotherconnor,10,4
Dragracereactiongifs,10,6
pigtails,10,2
mechwarrior,10,10
PLoungeCirclejerk,10,4
ancienthistory,10,7
HeroAcademy,10,8
NormanReedus,10,7
ACDC,10,5
CrossfitGirls,10,2
CoolCovers,10,5
badmusic,10,7
story,10,6
Splintercell,10,8
Tulane,10,9
Dovetail,10,1
FindABand,10,7
ManUtdWallpaper,10,1
racequeens,10,2
MUDCarrionFields,10,2
gayincest,10,4
transeducate,10,9
James,10,4
redditdynasty2,10,2
benwhishaw,10,2
pcontests,10,3
fifthworldpoetry,10,8
frisco,10,2
quake,10,7
Wizards,10,9
MarkADreher,10,1
Evanescence,10,6
RachelGFox,10,0
volunteer,10,9
canadianbusiness,10,1
Paramore,10,5
TaylorMomsen,10,3
ConPrometheus,10,3
ThatWillBuffOut,10,2
cactus,10,6
statenisland,10,8
paydaytheheist,10,9
snooker,10,8
hammondorgan,10,4
pol,10,3
malta,10,9
Soulies,10,8
screw,10,7
RapingWomen,10,1
esportsvideos,10,2
maisiewilliams,10,2
STS9,10,4
GREhelp,10,7
dvcmember,10,4
dealwithit,10,7
topeka,10,7
papermario,10,5
JessicaPare,10,1
Taxidermy,10,9
neilgaiman,10,8
gunsafety,10,6
Kamloops,10,6
finalcutpro,10,5
StudentActivism,10,5
Zevon,10,5
nynorml,10,6
shit,10,3
Enneagram,10,6
TowerofGod,10,4
Hounds,10,9
TheSecretMessage,10,0
openSUSE,10,5
CabinPorn,10,2
juxtaposition,10,9
dystopianhiphop,10,7
EdmontonOilers,10,7
mazda3,10,8
Canvasaurs,10,5
status_quo,10,4
tubalr,10,6
Leather,10,8
Hookers,10,8
BritFilms,10,3
BarbaraPalvin,10,4
datamatiker,10,1
RCB,10,3
Beading,10,4
gamemarathons,10,8
ABetterPeople,10,1
ACIM,10,4
punkrockhomesteading,10,1
tricities,10,6
Kerala,10,6
johnbarrowman,10,6
bootcamp,10,7
stevemusics,10,1
agnosticism,10,6
butleruniversity,10,4
bobbleheads,10,4
retina,10,8
SaintJohnNB,10,6
hangboob,10,1
stupidquestions,10,7
tryinghuman,10,2
CelebrityGossip,10,9
StrandedWhale,10,0
bridgeporn,10,8
actiongifs,10,2
infinitejukebox,10,9
HotGirls,10,5
WEEDS,10,9
unschool,10,5
Bento,10,7
bassmusic,10,8
mechanicmemes,10,3
huelights,10,1
2112,10,7
failbook,10,5
Professors,10,7
webhostingreviews,10,7
Printer,10,5
Lunchboxes,10,1
freekindle,10,8
sand,10,8
cookwithbeer,10,7
3FM,10,0
Rushlyricgame,10,1
tropico,10,8
humansvszombies,10,8
barrie,10,3
storiesofwar,10,7
Amazingness,10,7
FullAlbumsOnYouTube,10,2
TaylorSwiftMashups,10,2
ThingsOnMyCat,10,5
flexibility,10,2
taytaymybaybay,10,4
Relax,10,8
elearning,10,6
Stuffers,10,5
shia,10,8
thecircle,10,3
DrawingsOfAchille,10,3
SamBarber,10,1
initaliano,10,2
buildinglondon,10,6
OrgasmDenial,10,1
jordan,10,7
Sexiestgirl,10,4
Drawit,10,6
mathbooks,10,7
civic,10,5
AmeriCorps,10,8
Marvelwoh,10,7
npy,10,4
Mooning,10,4
Sriracha,10,5
SayAnything,10,6
ipm,10,7
energydrinks,10,7
GamingAU,10,4
copywriting,10,9
ottawaandroid,10,4
GenKikoolol,10,1
shrubs,10,5
lawschoolscam,10,1
doujinshi,10,3
TheMightyPen,10,7
newproducts,10,1
Edibles,10,7
bedhg,10,3
UMW,10,6
shns,10,1
CafeLu,10,3
UAP,10,6
GarterBelts,10,2
primatology,10,8
werewolves,10,5
brony,10,6
Staples,10,7
Stutter,10,5
Reels,10,10
joos,10,2
youngartists,10,2
FatFitness,10,2
WhimsyTownMC,10,4
EntFlix,10,8
crashbandicoot,10,5
symbol,10,9
EntRadio,10,7
JL2579,10,3
adamyoung,10,6
CoFmachine,10,1
thrice,10,6
indomusic,10,4
Electronic,10,5
JennaLouiseColeman,10,5
Narcolepsy,10,8
wyldstallyns,10,4
spacechem,10,9
smallhouses,10,3
Amd,10,7
puremathematics,10,8
getwell,10,9
softwaredevelopment,10,9
NCAATournament,10,4
FrameByFrame,10,8
mountainbiking,10,7
ForkliftWeekly,10,7
MusicCritics,10,8
Elephants,10,7
yorkrite,10,2
DebbyRyan,10,4
ProRevenge,10,6
Animality,10,0
hollyrandall,10,1
Aquabats,10,7
pool,10,9
sweetie_belle,10,6
mormondebate,10,5
jockwatch,10,1
TalesFromThePharmacy,10,8
DelawarENT,10,4
runwild,10,8
TransphobiaProject,10,6
UlissesGurgelPointing,10,1
AFRICANGIRLS,10,1
chinesecrested,10,3
traaaaaaannnnnnnnnns,10,5
capitalists,10,1
areolas,10,2
AcidHouse,10,5
dartmouth,10,6
HaloCirclejerk,10,5
Siri,10,6
VideoAskReddit,10,6
QuantumComputing,10,5
lupus,10,10
mewithoutYou,10,6
clarkson,10,1
backgammon,10,5
ChinaJobs,10,6
Bandung,10,4
DenverCutthroats,10,4
linkbase,10,2
UrbanMyths,10,5
fearandloathing,10,6
SkinnyGirls,10,1
jimmyyangchan,10,1
HitlerWasFun,10,5
MeganFox,10,8
JoeBayleyProblems,10,1
Dani_Daniels,10,0
DistroHopping,10,8
batman_comics,10,5
treeshorevuetrust,10,1
newbrunswickcanada,10,6
xfactor,10,3
bigassproblems,10,3
Bodysurfing,10,5
Sandwiches,10,7
newxkcd,10,1
sahitya,10,4
Goblinism,10,2
wutang,10,8
Story_of_Cat,10,1
server,10,9
filmmusic,10,9
secretsofcodestuff,10,0
KickersDictatorship,10,2
rancordog,10,1
rocketlaunches,10,1
fascinating,10,9
Apartments,10,7
CleverLyrics,10,3
KateMiddleton,10,3
RedEye,10,1
Posters,10,4
GirlWithThePiercings,10,1
homeless,10,9
calfootball,10,3
NorthPhoenix,10,7
skatespotporn,10,8
motohunt,10,1
SFV,10,9
wicked_edge_deals,10,6
TechWar,10,1
whizzles,10,7
shadowside,10,4
Mold,10,4
GoldenPath,10,7
unr,10,8
NZPhotos,10,4
Dudeism,10,5
pwned,10,8
scoliosis,10,6
Soda,10,7
TheGourdAndBombilla,10,1
Chipbreak,10,2
PerformingArts,10,5
SRSdolancomics,10,4
github,10,7
armenian,10,5
UnsolicitedRedesigns,10,4
lgbtcirclejerk,10,6
transvoice,10,5
Arena,10,5
R4R30Plus,10,2
leiria,10,1
Lund,10,8
MelissaDebling,10,4
criterion,10,6
prisonreform,10,4
secretsocieties,10,2
hermetiaillucens,10,4
Oviposition,10,2
chrysalis,10,3
r4rSydney,10,5
thenewtech,10,2
traktorpro,10,9
NostalgiaMusic,10,5
trivium_band,10,1
Neverwinter,10,6
TestGuildPleaseIgnore,10,7
faptocats,10,1
subofrome,10,7
StefanieScott,10,1
pornstashed,10,1
LAGalaxy,10,7
goedkoopkrediet,10,1
ComicStrips,10,9
TheBeatles,10,8
andrewgarfield,10,5
bdsmgear,10,1
ACTA,10,5
materials,10,8
Concerts,10,5
jaki_cold,10,2
lips,10,3
GardenClub,9,4
seaents,9,5
KarmaTactics,9,1
Mushrooms,9,5
toastercops,9,4
fursona,9,7
BattleSim,9,7
goodquestions,9,2
BO2Zombies,9,2
ausents,9,6
ShittyFifthWorldPics,9,4
PeytonList,9,0
EverSky,9,1
GrandAm,9,3
peachfuzz,9,1
FayeReagan,9,5
canyoneering,9,7
VBT,9,1
oldindia,9,1
SEC,9,8
zxcvbnm,9,1
CircleMovies,9,4
tasmania,9,5
study,9,8
doctors,9,6
SouthFlorida,9,3
askswitzerland,9,6
AskAstrologers,9,5
SocialBlend,9,1
Dalhousie,9,7
TF2WeaponIdeas,9,8
StateOfTheUnion,9,4
weapons,9,8
girlswithbooks,9,6
FuckYou,9,8
HeroesofNewerthLA,9,3
FyrumConspiracies,9,2
beats,9,8
ProgrammingLanguages,9,6
ADTR,9,9
InsanelyFunny,9,1
officespace,9,5
Frassmiles,9,1
bearsdoinghumanthings,9,6
homeworld,9,9
ArgEntos,9,6
madeon,9,7
austinfood,9,7
newtown,9,9
LateNightGhosts,9,1
OPDelivers,9,7
transformice,9,6
anno,9,6
blitzkriegbets,9,2
pasties,9,2
marcgarneau,9,3
hsxc,9,7
MysteriousUniverse,9,1
MyLittleAudiosurf,9,4
fffffffuuuuuuuuuuuuu,9,4
deathstep,9,3
nosleepfinder,9,7
benfica,9,3
biathlon,9,1
QueerTheory,9,4
fathers4equality,9,7
DirtRacing,9,3
data,9,6
Itgaveme_lemonlime,9,1
occupylosangeles,9,2
Guiltygear,9,5
burlyn,9,2
RandomThoughts,9,6
muohio,9,7
TopRedditChat,9,1
legalizeit,9,9
MonkeyDay,9,2
Malifaux,9,6
lojban,9,4
oneliners,9,5
PleX,9,6
LoyolaChicago,9,5
TheCloneWars,9,3
blackboxtv,9,1
CFA,9,8
2minimum,9,4
ginger_banks,9,1
indesign,9,6
MilitaryFamilies,9,8
ebikes,9,9
eastcounty,9,6
longboard,9,8
tekkents,9,5
GhostAdventures,9,8
socialmediafr,9,1
deep_ecology,9,3
DartmouthNovaScotia,9,1
swanseacity,9,6
AskStatistics,9,7
Mixtapes,9,7
seattime,9,1
Algonquin_College,9,6
INGLIN,9,6
cement,9,3
BAbike,9,8
limbojerk,9,7
neutraleconomics,9,1
weirdhands,9,5
homeopathy,9,4
skype,9,5
JewishMusic,9,5
UnlimitedBrettWorks,9,2
conservatwink,9,1
edenstar,9,1
Chipotle,9,6
Oolong,9,1
GrandePrairie,9,7
chicagofire,9,5
askathirdgrader,9,6
steamforlinux,9,8
BuildingEsports,9,2
apink,9,3
GlitchInTheMatrix,9,5
Vitamix,9,4
knifeparty,9,8
MusicGearDeals,9,1
vjing,9,8
SRSBiodrones,9,0
UNCW,9,8
WildStar,9,5
Mathcore,9,7
Rapids,9,5
ejuiceexchange,9,6
Dymaha,9,2
Redding,9,6
ResourceNurse,9,2
ClassicCringe,9,1
MoonriseKingdom,9,6
Annoying,9,5
matthewcirclejerk,9,2
codecrackers,9,5
OldWestRPG,9,4
OccupationalTherapy,9,7
ladderbeats,9,4
OceanicDOTA,9,7
BLT,9,1
tacos,9,5
HetaliaLanguage,9,1
eugenednd,9,5
rings,9,3
Ebon_Hawk,9,4
cartoonart,9,1
etiquette,9,8
musicvideo,9,7
fitgirls,9,4
DenEnda,9,5
30RockQuotes,9,1
trapbeats,9,5
Frasier,9,6
winterhawks,9,1
Amateur_Gay_Videos,9,2
Onlineclothing,9,6
euro4euro,9,5
FamilyTrees,9,5
Degrassi,9,4
tronuprising,9,5
MenInSuits,9,4
Korn,9,5
cognitivelinguistics,9,1
goffycake,9,1
TheChamps,9,2
girlsatdinner,9,1
Bellydance,9,7
syrianrefugees,9,2
projecteternity,9,6
BaileyJay,9,2
evergreen,9,6
ValuePortfolioMgmt,9,1
ChaoticMonki,9,4
rightwingantistatism,9,2
Scumbag,9,5
Artemis,9,7
TheoryOfPony,9,6
gtd,9,8
myfavoritepornvideos,9,1
Emo,9,7
lifelonglearning,9,6
squirtGIF,9,2
Tufts,9,4
makefunofthisloser,9,2
Riced,9,5
vintagednb,9,6
underarms,9,6
Redditropolis,9,1
drones,9,6
Negocios,9,6
Motivational,9,7
ModelAuctions,9,7
TumblrDrama,9,3
SurprisingSubreddits,9,5
YoutubeGamer,9,6
limitless,9,6
PeterHollens,9,2
job,9,8
MLPGaming,9,4
UsefulWebsites,9,6
DanceDanceRevolution,9,6
antira,9,4
nsfwasmr,9,8
goodnightreddit,9,4
saakujaaku,9,1
ProfessorLayton,9,7
GTS,9,2
lovehurts,9,4
GenerousGenealogists,9,1
idea,9,6
ShadowPVP,9,5
FindMeALookAlike,9,3
Pottermore,9,5
traditionalist,9,5
films,9,9
ifeelmyself,9,1
Sockmocracy,9,2
IggerJim,9,1
setx,9,5
queerradical,9,1
PostScarcity,9,3
SRSDisabilities,9,5
DilatedPupils,9,6
r4rwi,9,2
Bachata,9,7
UniversityofVermont,9,9
programminghorror,9,7
kegerators,9,7
manprovement,9,3
WarOfTheRoses,9,6
subreddits,9,6
storage,9,7
budapest,9,6
90sReddit,9,3
McMaster,9,7
UFONation,9,1
indiefilm,9,8
NorwichCity,9,4
tcgcollecting,9,2
filmmakersuk,9,7
KirstenDunst,9,2
Summit,9,4
phillycraftbeer,9,6
husk,9,3
MyLittleChartBot,9,5
MyLittleAdventureTime,9,3
EconomicHistory,9,3
depaul,9,8
IAmInFactScum,9,1
Leica,9,5
plagueinc,9,5
Seductive_girls,9,2
socceroos,9,5
newsing,9,7
herbs,9,8
htconex,9,7
Jikshin,9,2
fakes,9,4
BlowjobGifs,9,3
Jacob,9,5
SRSSex,9,6
UWMilwaukee,9,9
silentcinema,9,4
technicalwriting,9,5
roxbot,9,5
wargamingtables,9,8
theticket,9,5
prosurfing,9,2
fuckinghomepage,9,6
Lightningporn,9,6
DogsWithCatHeads,9,5
Romantic,9,9
girlfriend,9,5
durham,9,6
deathgrips,9,6
bebanned,9,7
NewAgeOutLawsAlliance,9,1
WinterBlues,9,1
Atraxi,9,1
LaTeXNotes,9,2
goodnewsstation,9,3
razorbacks,9,5
fffffffuuuuuuuuuuu,9,4
osdev,9,5
SuicideByBass,9,1
worldsocialism,9,1
dcpu16,9,8
Lawrencesuckscocks,9,3
thingsmykidsaid,9,8
shittyHDR,9,6
Wiesbaden,9,4
vizsla,9,8
gracioso,9,6
Hispanic,9,5
dirtjumping,9,7
Inkscape,9,7
MissedConnections,9,4
imissedsomething,9,7
meninuniform,9,3
hairbra,9,4
olemiss,9,9
bananaboxes,9,3
Construct2,9,9
disneyprincess,9,7
newyorkcity,9,6
oboe,9,7
LambofGod,9,6
Ravaged,9,6
ClanNaGa,9,3
StreetFights,9,5
CraftBeer,9,5
Madoka,9,6
whippetdressup,9,8
VitaminStringQuartet,9,0
akamikeb,9,4
soon,9,8
babyfurs,9,5
UNF,9,6
fsharp,9,6
dartlang,9,6
Reddit_Folder,9,1
PeruvianCuisine,9,1
comradesgonewild,9,4
kinect,9,5
GMAT,9,7
djmixes,9,5
hackerspaces,9,8
ChristmasCats,9,6
American_History,9,0
Skweee,9,7
slackware,9,4
AppleCurrentNews,9,4
swatkats,9,0
Humboldt,9,5
ReadersMilestone,9,5
Pennsylvaniar4r,9,4
electronic_circuits,9,7
TCMakerspace,9,2
Wujcik,9,1
vampires,9,7
MLPArt,9,8
Enzerutomoshibi,9,1
unix,9,5
Taweusandcogmc,9,4
leopardgeckos,9,7
TheDailyMuslimRage,9,4
1960s,9,3
RepublicOfPics,9,2
scottishterriers,9,8
UniformDesign,9,2
appstechnology,9,9
steamgrid,9,5
ColorBlind,9,7
Skullgirls,9,7
PeriodSeries,9,3
WildernessGuardians,9,1
Ligue1,9,4
mrherrproject,9,1
FullShowsOnYoutube,9,7
georgetown,9,5
SC2,9,6
LakeCharles,9,6
321,9,7
libredesign,9,7
Swapnote,9,4
progtrance,9,5
swgemu,9,5
CrunchBang,9,8
fatbittechnologies,9,1
LoLeventVoDs,9,2
paragliding,9,8
roll20LFG,9,6
360gamers,9,3
Heavenforthis,9,2
RootsReggae,9,8
vintagecomputing,9,5
meteorology,9,7
lofi,9,6
dollhouse,9,6
GenderEgalitarian,9,7
boobsanddonuts,9,4
badminton,9,7
Fracking,9,6
montrealjobs,9,5
MotorsportPorn,9,6
twerk,9,7
scotus,9,6
sfbulls,9,2
ldshistory,9,6
AtheistLibertarians,9,4
hematolagnia,9,2
SwissTrees,9,6
storyshare,9,6
papillon,9,5
SelfDrivingCars,9,2
Tagalog,9,7
realoviedo,9,6
r4rMelbourne,9,5
scenekids,9,2
username,9,4
highlyinteresting,9,2
f7u12faces,9,5
cologne,9,7
askmusic,9,4
Loadout,9,5
moetown,9,2
CoderRadio,9,5
DuctTapeStuff,9,2
agile,9,9
lbgt,9,4
kuldeep,9,1
ATC,9,5
Ermahgerd,9,5
VisitMontreal,9,8
Gunnit,9,3
Odysen,9,1
Soils,9,4
Ohior4r,9,2
NordInvasion,9,5
ScumbagSteve,9,6
GiToTronicS,9,3
elliottsmith,9,8
civilengineering,9,6
WWOOF,9,6
WetAndMessy,9,2
nrl,9,8
GirlsInTightShirts,9,2
PathfinderOnline,9,1
masseffectfics,9,7
LENR,9,1
soccerdev,9,3
Zombie,9,7
MemeSpace,9,1
Bocken,9,7
DirecTV,9,7
spam,9,5
Alvega,9,6
Thundercats,9,5
songs,9,5
Ostriches,8,1
ALBERTHA,8,4
JeepMemes,8,5
dogswearingclothes,8,3
uoguelph,8,6
RyanNewman,8,1
LOSCABOS,8,1
Howdotheydothat,8,8
corvallis,8,6
WAStateBusiness,8,1
GaybroReads,8,6
testpost,8,1
WoTbookclub,8,1
sophieturner,8,2
SoShittyItsFunny,8,1
Stormlight_Archive,8,6
awwnime_css_test,8,2
actuallookbook,8,4
TheNewSociety,8,2
CognitiveRevolution,8,1
arenafootball,8,3
dp_porn,8,3
Inception,8,7
Southampton,8,6
Utahpolitics,8,5
24601,8,6
forum,8,8
noise,8,5
waterpolo,8,5
rulesoflondon,8,6
MelissaBenoist,8,5
GothamSeddit,8,4
subredditideas,8,5
obamacare,8,5
ThePutzCast,8,1
FWEPP,8,6
Kyoto,8,8
lolgermany,8,6
KentuckyBeer,8,3
fridaythe13th,8,2
stefbot,8,1
BastropTX,8,2
christinahendricks,8,5
phillycycling,8,6
sharkswithhumanteeth,8,5
mightyboosh,8,7
logcabins,8,2
engaged,8,4
grimm,8,5
Scrolls,8,7
Shazzers,8,2
uninhibited,8,1
Rhetoric,8,7
RedditThroughCulture,8,2
SarinaValentina,8,2
boymeetsworld,8,5
TheAAR,8,2
MineZCirclejerk,8,7
dtox12land,8,0
Subliminal,8,5
ericprydz,8,4
RandomGoodCompanies,8,4
NCIS,8,8
tranarchism,8,2
WhereCanIFind,8,4
PureAnarchism,8,5
GillianJacobs,8,4
Kissing,8,3
BelfastEnts,8,6
myfavourites,8,1
charmed,8,3
CumSwallowing,8,3
clippers,8,5
ogden,8,4
petsincostumes,8,2
chickens,8,6
BigBoobies,8,1
Rotaries,8,6
DigitalPayments,8,3
wompworthy,8,1
circleoflife,8,2
hatch,8,2
mariokart,8,7
karmawhore,8,6
eurekaseven,8,5
Shinto,8,3
flint,8,4
pokemonchallenges,8,7
kauai,8,5
BestOfRChristianity,8,1
microgreens,8,3
ravenhaired,8,2
mathias,8,4
VelvetUnderground,8,3
itmejpcirclejerk,8,0
assholes,8,3
Tentai,8,5
ObservingSRSBrigades,8,3
ChoppedandScrewed,8,4
antivax,8,1
falloutlore,8,7
MilitaryMen,8,3
GrimeInstrumentals,8,5
ThinkAfrica,8,1
bodypaint,8,6
gam,8,2
dsbm,8,6
trekbooks,8,6
ShittyIAmA,8,4
Spliddit,8,6
mk808,8,4
dirtbiking,8,6
mixcd,8,5
ShittyHub,8,7
TARDIS,8,3
audiosurf,8,4
LowBrass,8,6
Toribash,8,6
wolves,8,7
XeroMotivation,8,7
oldmaps,8,6
NonWheels,8,4
psy,8,6
CookieTins,8,3
nycfilmmakers,8,4
Pankakke,8,3
HardcoreHentaiBondage,8,2
OutdoorsGear,8,5
GTAV,8,6
HotPeppers,8,7
TreesSuckingOnThings,8,7
BayAreaSeddit,8,3
ntof,8,2
dgrayman,8,6
CriminalProTips,8,1
veganfitness,8,8
Videolar,8,7
BritPop,8,4
punkrock,8,7
tallfashionadvice,8,6
networkingsecurity,8,7
dunedin,8,5
shortskirts,8,2
napoleondynamite,8,2
ajtexasranger,8,2
horrorlit,8,5
reginaspektor,8,6
IKEA,8,5
trucksim,8,5
SexyButts,8,1
QUTreddit,8,5
qqqqq1,8,2
picsofdavid,8,1
bigbuilds,8,1
gayrelationships,8,3
Pandora,8,7
Finals,8,4
tke,8,7
AncientGreek,8,5
girlsdoingnerdythings,8,6
Menfolio,8,1
TrueInvesting,8,1
gmw,8,1
SF_Videos,8,7
InfUhasselt,8,1
Healthwellness,8,2
latenightmusings,8,2
whales,8,6
gonwild,8,2
AdultLearning,8,0
eclipse,8,7
UKLGBT,8,3
AnimatedPorn,8,3
campusnetwork,8,6
guatsgonewild,8,3
fuuuuuuuuu,8,5
Fabrics,8,8
cheeseburgers,8,6
brum,8,5
K_Lobstah,8,5
Blizzard,8,3
GreaseMonkey,8,4
HENTAI_GIF,8,2
cowards,8,2
NoLimitations,8,1
ChattanoogaEnts,8,3
Mine_imator,8,7
GirlswithPigtails,8,1
GuerrillaGardening,8,3
weakdominance,8,4
PicsOfHorseDicks,8,3
Insulation,8,1
IntroPsych,8,2
farts,8,5
Suomisaundi,8,1
StLouisBeer,8,4
Fluttermac,8,3
Port80,8,5
plymouth,8,1
portfolios,8,4
SRSHappy,8,7
PsychedelicJournal,8,4
WouldYouFuckMyWife,8,3
Artists,8,7
AtomsForPeace,8,5
truebones,8,5
FoolsGold,8,4
Weaves,8,2
union,8,4
horsemaskgw,8,4
pomeranian,8,2
WOW_HR,8,1
TempusRealms,8,3
strawberryflavored,8,2
SofiaVergara,8,3
theGIMP,8,2
FrenchImmersion,8,4
copalibertadores,8,1
IvySnow,8,2
filesharing,8,6
Foogoot,8,3
peeling,8,7
girlswithcats,8,3
mancave,8,6
soapmaking,8,5
RealTlk,8,1
instrumentalmusic,8,5
incubus,8,8
shittyPenmanshipPorn,8,5
oldtimemusic,8,5
Reincarnation,8,3
JordanCarver,8,3
waronwomen,8,5
RandomActsOfWedding,8,2
theonlybandever,8,5
FitnessGirls,8,8
introverts,8,5
OPlevelFaggot,8,1
CarlsJr,8,1
flexi,8,4
bing,8,4
SleepApnea,8,6
portlandbeer,8,4
Diaperbuys,8,1
Disabledsex,8,4
Tivo,8,7
bossanova,8,7
percussion,8,7
bestof_exmormon,8,1
nwi,8,7
ShayMitchell,8,3
LOLscrims,8,6
BCTrans,8,1
Structures,8,3
random_thought,8,2
GnomiesCirclejerk,8,3
DOTA2ARTS,8,3
linuxmemes,8,3
ForeverTheEnd,8,7
MetaKTLJBroke,8,4
Dick,8,3
dailysketch,8,2
legalizemarijuana,8,7
rubberducks,8,1
Hammers,8,7
UVU,8,4
musictosleepto,8,8
pickledballsack,8,4
2044elections,8,1
EQ2,8,5
hownotto,8,4
CisphobiaProject,8,1
DumpsterSluts,8,2
PHXMeetup,8,3
mustelids,8,3
TattooCultureMagazine,8,2
loadingreadyrun,8,3
operationmediawatch,8,1
MagruderHS,8,3
needacoach,8,4
ColbertRally,8,7
goodnews,8,4
EducationON,8,8
NobodyCaresApostolate,8,7
deckbuildingchallenge,8,3
RandomActsOfSong,8,6
phdstudents,8,4
nerdtattoos,8,4
reedcollege,8,4
specific,8,1
freesia,8,3
burnedpizzas,8,1
Zollotech,8,1
LGBTPagan,8,2
INTJs,8,3
MichelleJenneke,8,6
Utrecht,8,4
UNCG,8,7
NEWPOOP,8,4
Wonderland,8,7
survivorzero,8,6
Mylittlemusician,8,4
Webfr,8,1
Homesteading101,8,3
TPOP,8,2
confederacy,8,3
AtheistMusic,8,4
ancapgaming,8,5
sandiegorentals,8,1
TimeLord,8,2
AtlantaCircleJerk,8,4
Roseville,8,5
UltraHardcoreServer,8,6
Mixology,8,8
mcapoc,8,8
blacksburg,8,6
WAGStores,8,4
robots,8,4
zing,8,5
Monterrey,8,7
vancouverwa,8,5
williamandmary,8,4
Pinkamena,8,4
Alot,8,8
askcriminaljustice,8,3
AlanWake,8,5
Griefing,8,3
conceptart,8,6
stocktonca,8,4
cultofharrietpotter,8,1
TranslationStudies,8,5
SmallPenisHumiliation,8,1
NashvilleTV,8,3
Abu_Dhabi,8,4
PennyPaxXXX,8,1
BodyBeast,8,5
FullSkateVideos,8,3
Gonzaga,8,5
trombonesgonewild,8,3
TampaBayLightning,8,2
rheumatoid,8,6
gggggggg,8,5
breakingbadcomics,8,8
Fable,8,5
fromscratch,8,5
wrpg,8,2
MusicCirclejerk,8,5
civfistfighting,8,4
plumberscrack,8,2
Zodiac,8,5
flask,8,5
Wizard101,8,5
MichaelFassbender,8,4
JazzFusion,8,6
CivPolitics,8,7
jacksonmi,8,3
TheLostHer0,8,0
sean,8,3
ShittyArt,8,7
Samplehunters,8,8
ketotrees,8,4
phineasandferb,8,5
nofx,8,5
SimpleReddit,8,0
mylittlewarhammer,8,4
NewParents,8,7
JC2,8,3
shopthisforme,8,2
WTF_GIFs,8,4
AliceInChains,8,4
shopvacporn,8,6
Uberia,8,6
ElizabethHurley,8,1
FFDistantWorlds,8,3
jensenackles,8,5
WaluigiXToadette,8,1
Prometheus,8,5
adhdmeme,8,6
PiCases,8,5
phxjobs,8,5
DartFrog,8,4
sailingcrew,8,4
catswithties,8,1
Dredmor,8,4
greekmusic,8,2
wofcgonewild,8,1
seedstock,8,4
Marquette,8,5
WebComic,8,6
momson,8,7
bandfwp,8,2
52book,8,1
CarrieUnderwood,8,4
MeanJokes,8,6
writingopportunities,8,2
BusinessGuides,8,1
welovejosh,8,1
kitchen,8,7
portal2,8,4
SaoirseRonan,8,0
CannabisNews,8,7
Astrobiology,8,6
respiratorytherapy,8,5
Eau_Claire,8,5
DCSeddit,8,4
malcolminthemiddle,8,5
trueshreddit,8,2
BrassSwap,8,7
CompulsiveSkinPicking,8,6
marilyn_manson,8,3
pansexual,8,3
themarsvolta,8,2
VBB2,8,1
endersgame,8,6
Dirtybomb,8,4
BEST_PORN_VIDS,8,1
NotSafe4Work,8,1
poets,8,5
WAYWT,8,5
PAX,8,7
andjosh,8,4
landofoz,8,4
NattyFTW,8,0
randomactsofamazon,8,3
MaryElizabethWinstead,8,5
downriver,8,4
MetaWebGames,8,6
justcause2,8,6
DayM,8,5
uppsala,8,3
coonrapids,8,2
ellenpage,8,4
UQreddit,8,8
hardscience,8,4
Applebees,8,1
softwarebundles,8,1
jiayuG3,8,1
sigint,8,1
dayztrade,8,6
legendary,8,3
evopsych,8,5
janeausten,8,7
PacificNorthwest,8,3
GetAccountable,8,1
spagett,8,3
mewgenics,8,5
ICanMakeYouCry,8,3
indigo_wanderers,8,1
submarines,8,4
BBYO,8,6
Dyrus,8,8
Phoenixville,8,2
mcserver,8,8
MLG,8,8
BOAT_YogaPants,8,0
utopia,8,3
vi,8,1
pornvillage,8,1
CastleStory,8,5
gw2esports,8,5
FlutterLounge,8,4
AffectTheory,8,4
gpro,8,1
PersonOfInterest,8,6
SoulMusic,8,3
Medabot,8,3
cfnmfetish,8,4
SocialAnxietyAustin,8,7
SquaredCirclejerk,8,6
MortalOnline,8,5
jimmies,8,6
mylittlemagic,8,5
youparklikeanasshole,8,1
WhyWouldYouFuckThat,8,2
stattit,8,7
collegebaseball,8,5
RedditorCrush,8,5
VideoGameCollection,8,5
jacksonms,8,5
sony,8,7
Blalu,8,3
thefuckinganswer,8,6
spacesimgames,8,6
catsplayingvideogames,8,4
makerbot,8,6
manele,8,4
enthouse,8,5
remix,8,3
cutetextfaces,8,6
Caltech,8,6
Girls_galleries,8,2
watch,8,6
craft,8,7
Bullion,8,7
WarhammerRP,8,1
ultimatemarvel,8,1
retouched,8,3
FaBoHo,8,1
BroPAC,8,2
houstonr4r,8,2
InfoArmy,8,4
RATM,8,6
cfbrecruiting,8,5
jenkinsci,8,3
Information_Security,8,8
allthesefeels,8,3
diagnosed,8,4
Immunology,8,4
Trickshotting,8,5
Woodcarving,8,8
economicCollapse,8,1
GaryBurtonImprov,8,4
GtH,8,3
Badass,8,6
damp,8,4
epic,8,7
subdreddit,8,6
NewAgeMusic,8,4
Green_Anarchism,8,6
SickHumor,8,1
FOXNEWS,8,2
spelunky,8,8
entj,8,6
AmericanU,8,2
expats,8,4
marblehornets,8,6
GeoLibertarianism,8,4
undergroundpoppunk,8,4
mobiledtest,8,6
albumlisteners,8,4
crystalcastles,8,5
Imperial,8,7
WomenWithWatches,8,2
treecipes,8,4
OUSimplicity,8,3
Biloxi,8,5
bostonboardgames,8,4
patriciacaprice,8,3
Comparative,8,1
neckbeards,8,6
PimpMyEBook,8,6
thinspocommunity,8,2
CountingModmail,8,4
ent,8,5
NYCtrees,8,7
twincitiesents,8,4
sexxit,8,1
MadMc,8,2
scheme,8,4
RallyPorn,8,4
Longreads,8,5
VolvoRWD,8,6
pointlessdomains,8,2
occultrock,8,1
AtlantaEats,8,4
NZMigrants,8,1
labyrinth,8,7
blackhippy,8,1
Funnyjunk,8,4
jasmineapp,8,7
OhGodWhy,8,6
Epcot,8,4
yahoo,8,6
SEUT,8,2
RootsMusic,8,6
qcsguild,8,3
AgainstTheStream,8,2
WTFMusicVideos,8,4
Waif,8,1
Rhythm,8,3
kennesaw,8,7
pkmntcgcollections,8,6
Kolob,8,4
movieclub,8,1
richbehavior,8,4
leChatonRoux,8,0
contestsgonewild,8,1
Wheatens,8,5
ededdneddy,8,4
highnotes,8,7
Breeding,8,3
Synchronicities,8,2
lacrossewi,8,4
Nikon,8,6
fruit,8,7
2XLookbook,8,5
spitfire,8,3
Bingo,8,3
Ferrari,8,4
civilairpatrol,8,6
OrganicFarming,8,2
AsheronsCall,8,4
Creationist,8,6
SexyAthletes,8,2
maxpayne,8,4
Watch_Me_Ban_You,8,8
Dogfort,8,6
nickelodeon,8,4
swagniggayolo,8,3
rollingstones,8,7
onionheadlines,8,4
WPI,8,4
UpdatesOnMyRoommate,8,1
Scripturalism,8,2
nonsense,8,4
SETI,8,5
freetoplaygames,8,7
Terminator,8,3
product_design,8,6
ColumbusFood,8,5
Athleanx,8,2
Lexus,8,6
asianbodys,8,2
CarlaGugino,8,1
oslo,8,4
BreedMe,8,0
lolbet,8,5
Asterisk,8,7
norwichrpi,8,2
tf2circlejerk,8,3
lisboa,8,6
headshots,8,2
MUSICA,8,7
OnlineMarketing,8,2
dreamscene,8,3
PARODYS,8,1
xartbabes,8,1
Bowyer,8,8
ModHate,8,2
Esperanza_Gomez,8,0
ClassyCast,8,3
PicturesOfAdamWorking,8,2
Spangdahlem,8,2
l5r,8,7
axolotls,8,8
Podiatry,8,5
ciencia,7,4
SampledQuotes,7,1
nanotech,7,7
ExmoLife,7,4
tv6ujeuj,7,1
arachnids,7,4
AskRedditAfterDark,7,4
kickassday,7,6
MilfsAndHousewives,7,3
Nobodylikesonions,7,3
PCOBserve,7,1
SRSScience,7,4
ParentsOfOne,7,1
ASAPmob,7,5
FunnyStockPics,7,3
Botswanit,7,4
tutor,7,4
udk,7,7
MusicForMusicians,7,3
calgarycomedy,7,0
AcousticGuitar,7,5
kinky,7,6
p90xo12,7,3
JudgeDredd,7,4
parent,7,6
crowdfundingprojects,7,3
GabeGoneWild,7,2
nra,7,5
Wrangler,7,5
unity_games,7,5
NintendoTechSupport,7,5
CoDCommunity,7,0
OCC,7,4
instrumental,7,5
DolphinsWithBatWings,7,1
Hannover,7,5
collecting,7,2
2013TeenBlog,7,3
riotgrrrl,7,5
TeamMeli,7,2
metaebene,7,3
galaxynote,7,6
guitarnoise,7,1
FosterThePeople,7,2
ypsi,7,4
gplusnews,7,1
jumpup,7,4
Dayvod,7,4
highdesert,7,6
CTents,7,3
Nicaragua,7,7
Network,7,4
spop,7,4
midland_mi,7,6
Absinthe,7,5
LawCanada,7,5
platooncentral,7,3
HSTrack,7,4
gurps,7,5
postcolonialism,7,3
Atheists,7,4
Real,7,4
ridersofrohan,7,3
cobiesmulders,7,6
captionthis,7,2
Daggerfall,7,6
nicks_test_subreddit,7,1
fuduntu,7,3
numerology,7,6
EroticArt,7,5
hylian,7,6
discogs,7,5
StarcraftFeedback,7,5
Venuscat,7,1
SeriesLandRover,7,4
timdrawsinpaint,7,1
moderatealcoholism,7,2
RoadPorn,7,3
Discussion,7,5
pickling,7,5
ShittyBestof2012,7,4
taijiquan,7,7
classicminis,7,3
ideologicalturingtest,7,2
tycoon,7,7
verse,7,2
Anal_World,7,2
HoopEarrings,7,1
Thritis,7,5
ElectronicIndie,7,1
skinsTV,7,6
psychoticreddit,7,2
ps3trophies,7,7
HiphopWorldwide,7,5
ariel_model,7,2
Tripleh,7,3
BonBon,7,2
WitchDoctor,7,2
TheWalkingDeadBook,7,0
createameme,7,1
VideoGameGuitarCovers,7,1
frogdogs,7,5
longevity,7,4
AtlFilmmakers,7,5
expressionengine,7,6
machining,7,6
dentistphiladelphia,7,1
bears,7,4
earlyphotography,7,1
texasfavors,7,5
MRgAy,7,2
Bastamag,7,2
screaming,7,4
TellReddit,7,5
FelineGoneWild,7,1
megacities,7,1
CrossFitPR,7,6
personalmanagement,7,6
Lesbian_world,7,2
Big_tits_world,7,2
LatinAmerica,7,5
entgamers,7,4
restofhistoryporn,7,3
synchtubejerk,7,2
kilt,7,3
photoediting,7,4
expresspressro,7,1
SgtFrog,7,3
Mr360games,7,2
MySaveButtonIsBroken,7,2
HypnoHookup,7,5
LorenaG,7,1
CRM,7,6
Ladybonerstoners,7,3
mildlyintresting,7,3
animalabusers,7,4
Tunisia,7,5
women_porn,7,2
WidespreadPanic,7,6
TeachMeToBeOffended,7,6
timetravel,7,6
wehavetoomanymlpsubs,7,5
blackgirlgamers,7,3
Giantess,7,2
talesfromthejob,7,6
Minecraftmapmakers,7,5
TWINCITIESHOUSING,7,2
NeptathCircleJerk,7,1
BisexualTeens,7,4
Women_of_the_past,7,2
Our_Ladyboys,7,2
zombiemanic,7,1
nude_flex_girls,7,2
burns,7,1
physicsjokes,7,4
googleglass,7,1
niagara,7,5
Murwillumbah,7,2
lasa,7,4
heartland,7,0
TeamFortress2,7,6
RaisingHope,7,2
hacktivism,7,2
ratemypoetry,7,3
diabetichumor,7,5
trailmeals,7,6
indepthsports,7,5
citystate,7,2
destructionvideos,7,3
worms,7,5
littlebigreddit,7,5
EZLN,7,4
timredmond,7,3
findnewmetal,7,4
dtek,7,6
cannabisreform,7,7
videogamebabes,7,1
gypsyjazz,7,6
Jeopardy,7,3
Viola,7,5
AndroidAppTesters,7,3
NudeHentaiVideos,7,1
Emory,7,5
pyongyangbannedme,7,4
newcars,7,2
wifeshare,7,0
gaycruising,7,0
bikerace,7,4
arkhamcity,7,5
KAP,7,4
UOAHorg,7,1
peterwalker,7,4
tf2west,7,4
RedditDrama,7,0
ElishaCuthbert,7,1
mylittlecmc,7,4
Bambuser,7,1
JobHelp,7,1
Amazing,7,6
SRSTabletop,7,5
SpoilerFreeSC,7,3
LibertyUniversity,7,6
Husbands,7,2
World_of_cum,7,2
Finnceline,7,2
colorizationrequests,7,3
Shamanism,7,3
Jewel,7,4
bigjames,7,2
CARTOON,7,6
hubski,7,3
BritishRadio,7,6
SaintsFC,7,4
BOOM,7,4
freeones,7,1
2016Elections,7,3
GarageRock,7,5
mathisbeautiful,7,4
atmosphericmetal,7,3
accidents,7,5
IntroAncientGreek,7,1
exAdventist,7,2
mildlydepressing,7,5
motoswap,7,3
SyracuseU,7,4
MaddenTournamentsPS3,7,2
FGFS,7,5
Zukiter,7,1
autorepair,7,4
cookbooks,7,7
Gigs,7,4
Ashley_Tisdale,7,4
musicaargentina,7,5
ArcticCombat,7,7
BloodBrothers,7,4
Iam39andthisisserious,7,2
Hegre,7,3
prose,7,5
wetshaving101,7,7
DenverGaymers,7,5
elephantspooge,7,0
NSFWSector,7,3
Shit_To_Watch_Online,7,2
guestblog,7,6
mcserveradmins,7,6
Locksmith,7,3
SRSIvoryTower,7,4
hersheybears,7,2
DearPrudence,7,2
usouthal,7,7
FilmScorePorn,7,5
Gent,7,5
redditores,7,5
CriticalHit,7,4
mathvideos,7,2
JamieChung,7,1
cincinnatisales,7,2
MDG,7,1
satx4satx,7,2
anarchosatanism,7,1
acturnips,7,5
archie,7,3
HentaiPorn,7,4
bboyvideos,7,1
europecirclejerk,7,4
Eddsworld,7,3
soundscape,7,1
Kirby,7,6
warzwishlist,7,2
sanitasi,7,1
sext,7,4
benfrick,7,4
PocketPlanesParts,7,3
IAMX,7,4
somervillenj,7,1
declutter,7,3
Russiandating,7,1
ChuckNorris,7,3
monarchism,7,4
HandySites,7,4
Amazing2,7,6
TeenWolf,7,5
investigations,7,3
RoboLit,7,2
TotalFark,7,1
porcupinetree,7,7
TellMeSomethingGood,7,5
Gypsy_Living,7,4
NeonHair,7,4
SAHP,7,4
ajedrezonline,7,1
oil,7,5
sniffingleather,7,1
carolinabeer,7,3
WarhammerFantasy,7,6
neurology,7,2
MichelleTrachtenberg,7,1
sonos,7,5
legos,7,2
ComedyButton,7,6
solveoneproblem,7,5
unsw,7,1
sameskybookmark,7,1
LesserKnownLadyBoners,7,5
StopGaming,7,4
CanadianCellphoneRage,7,2
LingeriePorn,7,1
AnythingGoesPorn,7,3
NewtownResponse,7,1
LocationSound,7,5
ExtraLife,7,6
Copper,7,5
AlphaOmegaRPG,7,3
WeAreTheLyricWriters,7,4
Scandal,7,6
quickmeme,7,2
utarlington,7,5
CapeBreton,7,5
murfreesboro,7,5
unicorns,7,4
DC801,7,4
thighgaps,7,1
MarianasTrench,7,5
KSPMemes,7,5
jailbreakcirclejerk,7,4
darknet,7,2
Handjob,7,6
skimboarding,7,7
fredericksburg,7,4
dark_ambient,7,4
Yarnswap,7,2
outercourse,7,2
LGBTForeverAlone,7,5
sexanddrugs,7,1
cowtits,7,1
FeliciaDay,7,3
PersonalFinanceCanada,7,5
Gravure,7,4
cmaxhybrid,7,1
Saltwater,7,6
StJohnsNL,7,2
Diary,7,4
PornGifs,7,6
critfailpugs,7,4
comm420together,7,1
ReligionPorn,7,3
trier,7,2
eastenders,7,5
cambridge_uni,7,4
InnerworldExploration,7,1
xcountryskiing,7,5
picsofmenwiththings,7,3
anarchomemes,7,4
theacidtest,7,0
SchooledUp,7,4
beelzebub,7,6
WhatDayOfTheWeekIsIt,7,3
honeybooboo,7,3
uketabs,7,1
SciFiConcepts,7,6
dallascowboys,7,6
CentOS,7,7
DisneyMeetup,7,3
KUTNews,7,1
360Arcadians,7,4
FTLStrikers,7,1
GiftChains,7,5
WareHousePorn,7,1
Historybeingmade,7,6
Psychedelic,7,5
newyorkknicks,7,3
ccnaw,7,1
matheducation,7,6
FullLengthFilms,7,2
justin,7,3
Mankato,7,4
Ashens,7,4
depechemode,7,4
AndroidThermostat,7,4
NoBizLikeGrowBiz,7,1
villanova,7,6
fieldnipples,7,6
standupshorts,7,3
BritishKent,7,1
readitnow,7,5
classicclassicrage,7,3
CNC,7,7
playmates,7,1
VacationMeetup,7,7
palmtrees,7,5
ofwgktbbq,7,2
mongolia,7,4
ethicalfashion,7,1
FortWalton,7,6
TF2Admins,7,4
GreekMythology,7,4
femboy,7,5
adobecq,7,1
Alizee,7,2
LasCruces,7,5
MUN,7,3
Hulu,7,6
UEA,7,5
nerdhq,7,2
longtext,7,4
cfbrealignment,7,1
Dolls,7,5
renfaire,7,5
sonyxheadphones,7,1
LuckyYuri,7,5
fraud,7,6
bdsmdrawings,7,4
shenzhen,7,7
CuckoldPregnancy,7,2
retrogames,7,5
davidmoore,7,5
FremantleFC,7,2
Spotbot,7,1
Update,7,4
CanadaSports,7,0
Manitoba,7,6
Paintings,7,5
Utica,7,5
USD,7,3
simonfraser,7,3
Yemen,7,4
TimeManagement,7,2
vajrayana,7,0
geneseo,7,5
nsfwshoops,7,2
nanotechnology,7,5
SocialSensei,7,1
Gadget,7,6
OgresInc,7,2
NigNogPantyHog,7,1
underwaterphotography,7,7
juke,7,7
OttawaBuySell,7,1
49thsd,7,2
DebateFascism,7,4
filmtheory,7,4
sawthatonreddit,7,1
OTON,7,1
EnginePorn,7,2
ski,7,5
MotorcyclesGoneWild,7,2
DoctorWhumor,7,2
MideastPeace,7,6
EuroGirls,7,1
cider,7,4
Team_Awesome,7,5
r4rPerth,7,1
Hartford,7,4
braveryjerkmodmail,7,4
TFUNIVERSE,7,3
Communications,7,4
SRSFartsAndCrafts,7,4
TheEbonHawk,7,1
boniver,7,5
The_OHM,7,2
jews,7,6
TheCSquad,7,2
OHL,7,1
facebookscum,7,2
StratOMatic,7,1
PlantBasedDiet,7,1
RedditBrigadeEU,7,5
48534243,7,3
pickuplines,7,4
23r,7,1
quantph,7,2
TorontoSeddit,7,5
branding,7,5
guckaynagi,7,1
albumreviews,7,4
garysworld,7,2
Plays,7,7
gumball,7,5
ThunderBay,7,5
edmpbestof,7,2
ShitLoganSays,7,3
HoustonEvents,7,3
texasbeer,7,4
phone,7,5
OffGrid,7,2
SportPsychology,7,1
NotaClock,7,4
FlyFF,7,4
CustomKnifeMakers,7,3
Verzeichnis,7,1
maschine,7,7
kamelot,7,2
MinecraftIRL,7,4
Okami,7,7
Rwanda,7,4
Ghoststories,7,1
comic,7,5
longboardREVIEWS,7,5
TheOffspring,7,3
others,7,4
ElizabethMitchellFans,7,1
AviationandSpaceLaw,7,1
googlecensorship,7,1
p4g,7,6
EliteLinks,7,3
steampony,7,1
Yellowknife,7,5
HomeMaintenance,7,5
baseballcard,7,5
BlackOps2Videos,7,1
badkarma,7,5
PondRule34,7,4
BPRD,7,2
Mices,7,2
Guidestuck,7,5
botwatch,7,3
CumFarting,7,3
rainbowcolorporn,7,1
ljcserver,7,3
altpokeart,7,4
ratterriers,7,5
UUreddit,7,4
Vagabondry,7,2
wax,7,2
ArtTherapy,7,3
hordecraft,7,1
GetInClass,7,2
NMcraftbeer,7,3
FishyCraft,7,2
TheRealPyongyang,7,2
brandeis,7,3
MassiveAggregate,7,1
combatarts,7,3
Ihaterobotevil,7,1
ballsdick,7,3
BIKEPOLO,7,6
LinuxCirclejerk,7,6
HomebrewingRecipes,7,4
historycomealive,7,1
knots,7,6
Hollyweird,7,1
arts,7,6
ShittyFragVideos,7,2
maturepics,7,1
Krautrock,7,3
thebindingofisaac,7,3
ArtSceneChicago,7,6
openpandora,7,5
ketouk,7,6
ponies,7,5
StadiaPorn,7,2
Poem,7,4
BandCamp,7,5
girlsinflannel,7,1
AquariumFish,7,6
sexgifs,7,1
stevens,7,5
luna,7,4
Erie,7,4
benandkate,7,1
PDXchange,7,3
algeria,7,4
GuessWhatThisIs,7,1
puahate,7,2
penguinsCANfly,7,3
cfnf,7,0
Somerville,7,6
Ailee,7,2
bakken,7,2
Pyramid,7,4
atari,7,7
ingressresistance,7,6
automotivetraining,7,6
Nannies,7,2
AlanWatts,7,4
Speedcore,7,2
ns2scrim,7,1
lolphp,7,4
nevirousguild,7,2
erlang,7,6
FaroeIslands,7,2
BrickGang,7,1
ValenciaCollege,7,2
PrimalCarnage,7,5
panamacity,7,5
bumpintracks,7,4
Keo,7,4
sixthworldproblems,7,6
MCrenders,7,4
Miniswap,7,6
Arborus,7,2
p4u,7,4
startup,7,1
electricents,7,6
cardgames,7,7
Foxtrot,7,3
oddworld,7,6
coursera,7,6
Carponthefly,7,2
turntableFM,7,5
RaIn,7,2
unitedstates,7,7
mountaindew,7,4
TrueTrueReddit,7,5
watercooling,7,7
creampiegangbangs,7,1
underwaterbabes,7,3
TomSepardi,7,1
repost,7,4
DeclinetoState,7,4
Clubbing9ine,7,1
Ticos,7,4
rapstep,7,1
pikifeedback,7,5
pokemons,7,3
alternativemetal,7,1
CharlieParker,7,3
EnemyTerritory,7,7
cereal,7,4
pushmodels,7,1
york,7,7
SRSFoodies,7,4
CoffeeWithJesus,7,3
thetron,7,6
circus,7,7
indiepop,7,4
jakanddaxter,7,7
portraits,7,5
pixarcars,7,1
thezombiestory,7,3
lizzysbrother,7,2
BurlingtonON,7,6
retsupurae,7,4
Packaging,7,4
AccomplishedToday,7,4
IAmSelling,7,5
MCgodsyn,7,5
seditiontheory,7,3
slava,7,5
GoldPorn,7,3
musicmakers,7,5
tinycode,7,7
ThreeManDuo,7,3
Watchmen,7,6
enigmacity,7,2
RideitNYC,7,4
GrandSud,7,3
learnfrench,7,2
mtglimited,7,4
notapproved,7,1
DFO,7,5
University,7,2
ApproachingNirvana,7,4
Honduras,7,5
southernillinois,7,3
Yukon,7,4
artshub,7,3
PicsOfJithSleeping,7,1
CoolKidzClub,7,2
FullsizeGM,7,3
FunkVolume,7,4
IzabelGoulart,7,0
pbsdigitalstudios,7,0
DadsDungeon,7,1
GhostRecon,7,3
MusicMods,7,4
helpit,7,5
happiness,7,7
win,7,5
armoredwomen,7,4
Hell_On_Wheels,7,2
amarillo,7,5
shittyparenting,7,7
DurhamNH,7,3
Jamla,7,1
magick,7,6
ComputerCraft,7,5
Gamelan,7,4
Kidrobot,7,3
equalityissues,7,3
mythology,7,6
karezza,7,3
CalgaryFlames,7,5
playboard,7,1
farsi,7,5
MercWithAMouth,7,5
androidappreviews,7,7
Bridgitmendler,7,1
WinGaming,7,3
BioChar,7,4
Bisnis,7,5
apache,7,6
TransSupport,7,6
50hz,7,1
Chengdu,7,5
POV,7,7
montrealhousing,7,4
AstralProjection,7,5
Reviews,7,6
elementary,7,5
Carpentry,7,7
CoralFrags,7,3
USLPRO,7,3
pillreports,7,4
MoY,7,6
standrews,7,4
WritersOfHorror,7,2
KittyPorn,7,1
memrise,7,5
MvMatchup,7,4
royalenfield,7,2
kitties,7,4
FlintLocal432,7,3
catalunya,7,4
SammyServers,7,5
BraveBattleStations,7,3
opensourcehardware,7,5
seaglass,7,4
mylittlecouchsurf,7,3
UnknownTradeCo,7,5
plugged,7,4
Fordham,7,5
fohtohLFG,7,6
LondonMemeClub,7,2
LuhBelleCraft,7,3
CakePorn,7,5
Rage_Room,7,3
LifeAmateurTips,7,4
calculus,7,4
smallerhouses,7,3
MaxMSP,7,6
shredditproject,7,6
KYM,7,2
IowaMennoniteSchool,7,1
Orsimer,7,1
landscaping,7,7
catalan,7,6
BugWars,7,3
Wellspring,7,3
intogeek,7,1
jeans,7,6
SmartThings,7,2
stringcheeseincident,7,4
ITManagers,7,6
fffffffuuuuuuuuuu,7,3
VapePorn,7,6
tips,7,7
bieber,7,5
archlinuxcirclejerk,7,4
penguin,7,4
Aly_Michalka,7,3
SqueeCraft,7,2
lesbians1,7,1
WeasleysWizardWheezes,7,4
BobbyMcFerrin,7,3
CR48,7,3
Forskerlinja,7,2
superlongname,7,1
Spiral,7,1
dundee,7,5
gamegrumping,7,5
StephenFry,7,2
SRSAustralia,7,4
AoNoExorcist,7,4
graphhumor,7,5
WrongPiece,7,3
wetspot,7,5
PythonGUI,7,6
GearedMen,7,1
redwall,7,2
TCCirclejerkSOCIAL,7,6
BikiniBasketball,7,1
gamebooks,7,3
CumInTheAir,7,2
CulturalAnthro,7,4
ShitDennySays,7,2
Salsa,7,5
armstrongandgetty,7,6
ripplers,7,1
CTFxC,7,6
YAwriters,7,4
political,7,6
SixCornersChicago,7,4
Nicki_Minaj,7,4
OldSchoolCoolSports,7,6
breasts,7,5
VancouverJobs,7,5
probabilitytheory,6,2
portfoliocritique,6,3
shitpoloticianssay,6,1
NerfExchange,6,4
MathJokes,6,4
TheBugle,6,3
ShibaInu,6,3
talesfromdesigners,6,4
GAMETHEORY,6,4
SimCityCoOp,6,6
esplounge,6,3
Sambond,6,5
bdahr,6,3
EarPorn,6,5
FightingIsMagic,6,6
Cosmos,6,4
TheWorldOf,6,2
cavestory,6,6
funnybestof,6,2
pittsburghjobs,6,5
tubedresses,6,2
healthytrees,6,6
Animorphs,6,4
SexWorkers,6,3
UniversityofHawaii,6,2
vod,6,1
semanticweb,6,3
Image,6,4
Cochise,6,2
BobbinLace,6,2
WifeProTips,6,1
Miracleofsound,6,2
acidjazz,6,2
rpgresources,6,5
ardrone,6,5
atheistbakesale,6,2
thehomestarmy,6,2
jellyfish,6,5
only10subscribers,6,4
streetlightmanifesto,6,5
GGCPrideAlliance,6,1
HAWP,6,4
DID,6,3
SkillDevelopment,6,6
scoreball,6,4
math_353,6,3
learnandroid,6,3
mediaburn,6,1
NashvilleJobs,6,5
BBQVilleSMP,6,1
schizoaffective,6,2
girlsinyogashorts,6,4
goodjob,6,1
brewing,6,6
Ladders,6,4
Motoracing,6,3
animegifsound,6,4
conspiracies,6,2
getgood,6,2
clearlake,6,3
PersianWorld,6,1
exoplanets,6,4
Ishahapoopstillsingle,6,3
choochalikes,6,2
GunItForward,6,4
galveston,6,3
queensland,6,4
crosswords,6,4
IRS,6,1
Prisonscape,6,1
PHBookClub,6,1
theYearZero,6,1
nakedmodels,6,1
informationsystems,6,1
Neverfin,6,0
SavageNation,6,0
tijuana,6,5
myfajahas400children,6,2
holyship,6,3
Menopause,6,5
Equestralia,6,5
traversecity,6,5
DeKalbArea,6,1
ballarat,6,3
thewisesloth,6,1
Loreena_McKennitt,6,1
geraffesaresodumb,6,3
TNbeer,6,3
deadwood,6,5
mildlyinterestingIAmA,6,4
TerribleOcs,6,1
nonmodproblems,6,4
noonecaresdanarcher,6,4
nightwish,6,5
SigmaBuilding,6,4
DivineAniston,6,1
ouch,6,4
naturephotobomb,6,0
ArchitectsOpinion,6,2
UCA,6,5
TournamentOfMemes,6,1
brianpeppers,6,2
miscgifs,6,0
ivgtech,6,1
AmandaSeyfriend,6,1
TCNJ,6,4
GirlsHoldingDicks,6,0
200Squats,6,4
anarchafeminism,6,5
tpojs,6,1
thorium,6,5
nye,6,1
NOMAAM,6,1
iosboardgames,6,5
dotmancopypasta,6,2
CoquiJerk,6,2
Sat,6,4
AndroidDiscussion,6,1
TSCC,6,3
Darkroom,6,4
foosball,6,5
BayAreaRealEstate,6,1
redditactivism,6,5
shinybondage,6,3
SGU,6,2
timburton,6,6
Parakeets,6,3
lawncare,6,6
concrete5,6,4
December21st,6,3
threeve,6,0
futureworldproblems,6,5
hairpros,6,5
nashua,6,5
feynman,6,4
Kava,6,6
weirdshitithinkabout,6,4
WestHighlandTerriers,6,3
EdeniOS,6,1
KeyandPeele,6,4
sluttyfashionadvice,6,1
Iwillkillyouall,6,0
abuse,6,4
Framebuilding,6,4
softcore_booty,6,2
PennyArcade,6,4
deadhorses,6,3
AtomicEngine,6,2
hookahcirclejerk,6,5
ipadart,6,5
Elyssa,6,0
KINKYWALRUSES,6,2
cactuscooler,6,2
bronx,6,4
CrimsonSquids,6,3
foxvalleywi,6,5
rafaelgarcia3,6,1
CBC_Radio,6,4
Bonn,6,6
yii,6,2
lax4sale,6,3
AttachmentParenting,6,5
odscurtain,6,1
StandUpComedians,6,4
starcraft_central,6,3
Plato,6,6
carnalclass,6,2
svw,6,4
PeteandPete,6,2
nakedit,6,1
CloudPorn,6,5
DenverPics,6,4
peugeot,6,4
Costco,6,5
TWGOK,6,4
onepercentproblems,6,5
mylittlestarcraft,6,4
shittyflashmob,6,1
ParanormalOccult,6,4
AdventureQuest,6,5
SegaCD,6,1
mccountercraft,6,1
election2012,6,2
nsfwanimegifs,6,1
nobodycares,6,4
eastbay,6,6
renoise,6,3
geneva,6,4
brag,6,2
programing,6,4
Teetotal,6,3
OldSkool_RaveAnthems,6,3
tom,6,4
AdoptFA,6,2
unskewednews,6,1
promptoftheday,6,1
scars,6,3
JennaFischer,6,4
CourtroomJustice,6,4
reactionvids,6,4
loveyoulose,6,3
BigIsland,6,4
nihongo,6,3
desserts,6,2
2X_INTJ,6,2
Shitty_Rhymes,6,5
Treespaper,6,2
envirotech,6,3
Towson,6,6
JackDontGiveAFuck,6,3
bicycleculture,6,4
Table1,6,3
doortodoormoney,6,1
FreewareIndex,6,2
MaddenRedditDraft,6,2
DrinkDriving,6,1
Lizards,6,5
dayzscreenshots,6,1
worldbuildingswap_a,6,3
peanut_peanut,6,2
Ithkuil,6,6
laofmoonster,6,1
GoldenGirlsGoneWild,6,3
Vaping,6,3
drake,6,3
ninjaflashlight,6,1
ImageJ,6,1
chirodomus,6,2
dawnofwar,6,5
Billings,6,5
territorialasshole,6,3
AstonMartin,6,5
Modesto,6,5
PokeFake,6,5
alansogd_html_css,6,0
sorryforpartying,6,3
bald,6,4
mishacollins,6,4
glutenfreememes,6,3
chch,6,3
sportsbabes,6,1
emeraldrandomizer,6,3
keys,6,6
seantheories,6,4
androidrom,6,1
MetroHumor,6,4
8tracks,6,4
Dogsinbaskets,6,0
Exotica,6,5
WMU,6,5
MasonChums,6,3
chicagoseddit,6,4
nomorals,6,2
futuristparty,6,2
motocamping,6,4
littlespace,6,3
ichthyosis,6,2
NHSID,6,4
ScienceJokes,6,2
FairladyZ,6,3
allofthebutts,6,1
cobslobbing,6,2
Uniwar,6,6
brotivation,6,2
HouseOfSnoo,6,4
LGBTQQANewsandAdvice,6,1
fitnessplus,6,2
druggardening,6,4
wtfcirclejerk,6,5
Miracleman,6,3
buckyballs,6,5
SpringfieldIL,6,4
standupvideos,6,3
SteamGiftSwap,6,3
Pendulum,6,3
BBAPCT,6,1
VirginiaBeach,6,5
TtownEnts,6,3
daria,6,5
BallState,6,6
audiology,6,4
toaruos,6,1
Bisbee,6,1
AsianMassageParlors,6,3
shortstoryaday,6,1
graphene,6,1
mildlypleasing,6,4
animeworldproblems,6,3
ODU,6,6
SingerSuccess,6,1
sexysocks,6,1
christiananarchism,6,5
whitepeoplegifs,6,4
ArtEd,6,4
deer,6,4
PVPA,6,2
calculators,6,4
MelancholyMusic,6,4
coker,6,2
Dumbfuckistan,6,1
BlackBerry10,6,1
italianlearning,6,4
frugaldining,6,3
Circlebook,6,4
VinylDeals,6,5
iphoneWallpaper,6,5
Coins4Sale,6,4
idiot,6,3
KindleLend,6,1
com,6,2
EatingDisorderHope,6,2
minimalism_music,6,5
weirdal,6,4
metareddit,6,4
civ5,6,5
AnnoyingToday,6,6
Thursdaynightblackout,6,1
shittyTIL,6,3
stupidrandomjunk,6,0
Nsfw_Amateurs,6,4
FreeHugsHalo,6,2
ifakonu,6,1
royals,6,5
Nonviolence,6,4
geekguys,6,1
HairPie,6,0
FPGA,6,5
666ParkAvenue,6,4
lazio,6,2
Soca,6,4
NIKOS,6,1
29C3,6,3
shuffling,6,3
GloriousKnobs,6,2
stormfront,6,2
PoliticsPDFs,6,6
IWantToBeAMod,6,4
AUInternetAccess,6,1
nikefuel,6,5
NSFWart,6,4
modular,6,3
treeinabox,6,3
yvonnestrahovski,6,5
emu,6,3
Essex,6,4
treepunchers,6,4
augmentedreality,6,4
zeldaconspiracies,6,4
LateLateShow,6,1
CameraLenses,6,5
saidnooneever,6,4
ThisDayInHistory,6,6
fatosphere,6,2
ClemsonTigers,6,2
prettygirlproblems,6,1
ApocalypsePorn,6,4
2013NFLDraft,6,1
SouthBayLA,6,6
FormulaE,6,5
trivia,6,4
applescript,6,3
GunnersatGames,6,2
NICHTDIETITANIC,6,3
cissp,6,4
StuffersGoneWild,6,4
GayGoodGuys,6,3
RuinedOrgasms,6,3
i2p,6,6
grandjunction,6,2
band,6,3
beersnobs,6,1
photoshawwp,6,2
geekandsundry,6,4
ebookdeals,6,6
Meshuggah,6,3
mlpgifs,6,2
alameda,6,3
garden,6,3
CURRENTEVENTS,6,3
LucyHale,6,5
komik,6,6
TokyoTranslatorsJapan,6,1
killingrapists,6,1
phxcirclejerk,6,3
econometrics,6,2
future,6,6
mtgfinance,6,5
HoustonBeer,6,3
redletterchristians,6,2
musicindustry,6,3
Newbridge,6,0
halomontages,6,4
karateka,6,1
JanaDefi,6,3
euphonium,6,5
udders,6,1
ebookcovers,6,4
collaborative_economy,6,1
PhysicGarden,6,5
zavdi,6,1
StockAnswer,6,4
Scrollsaw,6,4
OCTrees,6,4
NashvilleRunning,6,3
estim,6,1
sexypantyhose,6,1
Target,6,5
SF_Book_Club,6,3
NoParticipation,6,3
blairmagnet,6,2
Philly_Vapers,6,4
Jekyll,6,2
graphics,6,5
Ryan,6,5
PopularOutcasts,6,4
monolithdigital,6,1
eu,6,3
Intermodal,6,2
MuricaNSFW,6,4
YayaHan,6,4
seedexchange,6,5
le_le_le_le_le,6,5
Broadcast2world,6,2
ChristyMack,6,1
hrm,6,4
truth,6,4
skients,6,3
promotereddit,6,5
birdflash,6,1
KarmicAssemblages,6,1
FreebiesUK,6,5
shacknews,6,4
trailcam,6,4
teamfortress,6,6
falconbms,6,2
Paviljoen,6,4
StoryMaker,6,3
NetworkingPros,6,5
japaneseanimation,6,3
triplemetacirclejerk,6,4
SSX,6,4
event,6,5
Gnomescroll,6,3
mesoamerica,6,5
remixes,6,4
instrumentalmetal,6,5
circlebroken,6,2
everyonesamod,6,4
Iraq,6,3
WedgieGirls,6,3
OccupyTheLounge,6,4
Slayer,6,2
sleepy,6,6
Transformers_Universe,6,1
Catstuffing,6,2
Winchester,6,5
Techpocalypse,6,3
knives_circlejerk,6,4
polycomics,6,2
Hellsing,6,4
CircleMusicThemes,6,2
Lightbars,6,3
Mylittlerape,6,1
metaworldnews,6,1
showtrials,6,4
Transpotting,6,5
Thunderbolts,6,1
GW2,6,4
r4rCanada,6,1
firebird,6,2
traphentai,6,0
korrasami,6,2
somethingstore,6,5
metaIFTA,6,1
ESG,6,5
haiti,6,4
Governors,6,2
artrequests,6,6
woodpushing,6,0
baysideisacult,6,5
Mandalorian,6,5
PollFucking,6,2
friskydingo,6,6
huskies,6,2
TheClutch,6,4
barelyinteresting,6,3
fireworks,6,5
rwb,6,2
Tesla,6,5
dirndls,6,1
realhorror,6,4
limericks,6,4
MtGox,6,3
moldova,6,4
cervezacasera,6,1
SRSAuthors,6,2
OakCliff,6,1
civcirclejerk,6,5
VintageScooters,6,3
LostEpisodePasta,6,2
silverrains,6,3
energy_work,6,3
GermanRap,6,5
allHailKingNoel,6,2
SelfPublishedBooks,6,1
personal,6,6
BasedWorld,6,3
asiangirlsbeingcute,6,4
DarkHumor,6,5
bostonterriers,6,4
CBSE,6,1
grbrew,6,2
RWBY,6,4
teen_crossdressing,6,5
waynestate,6,1
minimix,6,3
legendofzelda,6,5
big_boobies,6,1
Referrals,6,4
harrypotheads,6,4
mlprequests,6,4
metalwallpapers,6,3
AusPol,6,4
WazHack,6,6
AcademicTheology,6,1
calmhands,6,5
twilightimperium,6,4
molecularporn,6,1
GREEK,6,3
ocala,6,5
samus_aran,6,2
rayddit,6,5
AskProgramming,6,4
EroticWriting,6,2
Trotskyism,6,2
TheJAG,6,3
ChineseHistory,6,4
mylittlewhalerace,6,5
nfsw,6,4
endoftheworld,6,3
de_sport,6,1
Madden13,6,5
WinnipegBlueBombers,6,1
VIPS,6,1
docpad,6,2
SOCOM,6,4
Procrastinators,6,4
BloggerIndonesiaTop,6,3
CoD4Promod,6,4
BritishSuccess,6,6
Coaching,6,4
MariahCarey,6,2
Craps,6,2
Ponyfinder,6,4
Comicart,6,6
Aerials,6,4
FagetSquad,6,2
lookatmyprogram,6,5
hiredgoonz,6,1
yoko34,6,5
theratio,6,1
YouKnowWhatTicksMeOff,6,0
cartersville,6,2
Guncel,6,1
rpgoneliners,6,4
breastcancer,6,4
agender,6,4
rickyrozay,6,1
auroraporn,6,3
Fapucational,6,1
americanfootball,6,2
WhereDidTheObamaGo,6,2
SphereTheory,6,1
Legalmarketing,6,3
UpstateSC,6,4
NarutoRP,6,3
seapunk,6,2
SciencePorn,6,4
riddugeitandri,6,3
RemyLaCroix,6,1
GonewildRequest,6,3
groundbud,6,3
ffffuuuuuu,6,2
GRHL,6,1
wft,6,2
EvilGeniusesGaming,6,1
randomshitipost,6,1
johnstown,6,2
secularstudents,6,4
New52TeenTitans,6,3
SurvivalGearExchange,6,2
TrueNFL,6,2
Swingersgw,6,3
badcode,6,4
Setso,6,0
goodsitedesign,6,1
AvaSambora,6,0
AerosHockeyClub,6,4
control,6,1
SarahShahi,6,1
Bad_ass_girlfriends,6,5
nancydrew,6,2
koLabo,6,1
MyLGBTPony,6,5
brass,6,2
RYLOandACHE,6,2
Gilmour67,6,1
ualbany,6,4
thelastresort,6,4
graveyards,6,2
bodylanguage,6,4
Motorsport,6,5
GYM,6,5
bloopcraft,6,1
Smallville,6,5
spiritual,6,6
CarDesign,6,2
dachshunds,6,4
electronicmusicmodlog,6,2
sunshinecoast,6,3
BikingATX,6,5
Mindfuck,6,4
minnesotabeer,6,3
sascorpionsfc,6,1
Kaijudo,6,4
Skohmcraft,6,4
PIL,6,1
SFW_PORN,6,2
shield,6,1
filthstep,6,3
cheesemaking,6,5
dayzplus,6,4
CWU,6,5
libertariancomics,6,6
webwriting,6,2
litecoin,6,5
CSLewis,6,2
gifsoup,6,2
egalitarian,6,2
29er,6,6
MagikarpFTW,6,2
CanonRebel,6,2
Buckethead,6,6
walkingdeadmemes,6,4
Democrat,6,5
FutureLogic,6,0
dysautonomia,6,5
mhealth,6,3
SPG,6,3
print,6,5
MalenaMorgan,6,2
Vonnegut,6,4
rideshare,6,4
ResidentAssistant,6,4
vinylmation,6,5
cocacola,6,4
theroom,6,6
LesbianSex,6,3
SantaFe,6,5
sunypurchase,6,4
haigure,6,1
starfox,6,5
looper,6,5
gamerequests,6,4
catswithopenmouths,6,1
telemark,6,5
Strava,6,6
AppsByReddit,6,4
Fuckcancer,6,4
DIYGear,6,5
lawofattraction,6,3
glbt,6,3
Fertility,6,3
Tradeasub,6,3
Moles,6,1
iphone5price,6,1
corneroids,6,4
FileHostingServices,6,1
MyLittlePlaystation,6,3
foreignpolicy,6,4
changelog,6,4
ITPics,6,5
Predators,6,4
Handball,6,6
pagetoscreen,6,1
Anthropodogs,6,2
MinecraftCreations,6,6
JaredTaylor,6,0
anthrozoology,6,2
bucketlist,6,1
CoveredCalls,6,2
theperfectexcuse,6,5
pornsearch,6,1
GOAT_TRUTH,6,1
GifsOfSex,6,1
NakedMan,6,1
teen_nerdfighters,6,3
nationalparks,6,4
superhexagon,6,5
reversegif,6,4
AmericanPsycho,6,4
solutionscenter,6,1
calgarytrees,6,2
illustrations,6,2
treeharmony,6,2
DakotaFanning,6,2
catsgonewild,6,5
UniversityofArkansas,6,4
che,6,5
ldnetcom,6,2
TCK,6,4
Weight,6,6
Achsenmaechte,6,1
TNA,6,2
LushCosmetics,6,3
grooveshark,6,4
knifemarket,6,1
gunsmithing,6,6
Equus,6,4
groupsex_community,6,2
Actors,6,5
Roseluck,6,4
kof,6,5
Blue,6,2
LAGTV,6,5
fuckbuddies,6,2
DudesInDiapers,6,5
shittyshitredditsays,6,4
personals,6,3
invest,6,3
anysit,6,1
CanadianTV,6,4
aarecovery,6,2
ItalianGreyhounds,6,6
lisawhelchel,6,1
Rainbows,6,5
altcountry,6,6
ArtBattle,6,1
ScriptSwap,6,4
AirBuccaneers,6,3
seasteading,6,3
shittyexplainlikeiama,6,3
Rayman,6,6
CampCult,6,3
westtoo,6,3
Lucious,6,1
GooglyEyes,6,5
altfashionadvice,6,4
funny_screenshot,6,5
Coq,6,2
hamster,6,4
boracay,6,2
Destin,6,3
Lookalikes,6,3
jimandthem,6,2
Nightculture,6,1
HaileeSteinfeld,6,1
SLIDERS,6,2
gssm,6,3
ebonyfeet,6,1
CollegeSports,6,4
FormulaFeeders,6,5
LaptopOnDesk,6,6
osxterminal,6,2
publicaccesstv,6,0
GenderTransformations,6,1
CastleCrashing,6,4
PokemonAww,6,2
modnews,6,3
sadandpathetic,6,2
TorresTorres,6,1
glutenscience,6,2
ClubPenguin,6,3
fiestabowl,6,3
SteelyDan,6,3
Posture,6,4
klobpractice,6,1
TabletopTales,6,5
yachtracing,6,2
BillNye,6,5
WhatsTheDifference,6,1
Sexism,6,4
bravemusic,6,0
DonkoSquad,6,3
LacqueristaGiveaways,6,4
eightysomething,6,1
complaints,6,6
foodfuckers,6,3
JewFro,6,2
VWVans,6,4
planetaryannihilation,6,5
TillSverige,6,6
necroscope,6,1
dailydeals,6,2
makemecry,6,4
FeminismLOL,6,0
Hecklers,6,6
Replacements,6,3
unpatented,6,0
cowsdoingcowthings,6,3
Oshawa,6,5
EGN,6,2
HampshireCollege,6,6
LASG,6,1
TheRealStopGirl,6,2
Nullcraft,6,4
freebord,6,4
VampireDiaries,6,4
usu,6,3
blog,6,2
lightsalot,6,5
orchestra,6,4
badreligion,6,4
Awesome_Shirts,6,3
WMMA,6,3
FleetFoxesDiaspora,6,1
truesurvival,6,0
illusions,6,3
AskingAlexandria,6,1
dataisugly,6,5
lehighvalley,6,5
lesbianfashionadvice,6,4
SaintX,6,3
jonluca,6,0
cubase,6,4
todayiaccomplished,6,2
StratfordCT,6,1
PostYourSinks,6,5
kylepaxton,6,1
CalRupiez,6,1
NFLPlayoffs,6,6
Monologue,6,1
LondonKeyes,6,1
hyderabad,6,5
bioniclelego,6,6
meezocool,6,1
SQUADthegame,6,1
SuperSmashFlash,6,2
NeilPatrickHarris,6,6
RPGMaker,6,3
Lesbients,6,5
RotMGGraveyard,6,4
Minetime,6,2
GilmoreGirls,6,5
canes,6,6
RealEstatePhotography,6,4
broodwar,6,3
NZB,6,6
freelancer,6,6
butthurt,6,6
huehuehue,6,3
musiccognition,6,3
Entrepreneurs,6,6
MIne,6,1
lloydminster,6,4
resumedesign,6,1
OldSchoolChristPunk,6,0
virtualutopia,6,2
race,6,4
filesystems,6,3
CreepiestOf,6,2
Slovakia,6,4
TRinternational,6,1
hashhouseharriers,6,5
BanGawker,6,2
pioneeronetv,6,1
gamesnaughty,6,1
smosh,6,5
sexuality,6,3
mogmonday,6,2
legstache,6,1
qualitycontrol,6,2
nsfw_test,6,1
tentporn,6,5
ipswichuk,6,1
alpharetta,6,3
PlantsVSZombies,6,4
radical,6,2
gachimuchi,6,1
MyLittleLivestream,6,2
MilitaryGear,6,2
CascadianBlackMetal,6,2
GO_ON,6,2
ParanormalX,6,1
NoelFielding,6,2
MedievalPorn,6,3
akron,6,5
soflojobs,6,6
entsy,6,5
MilitaryGoneWild,6,2
cubing,6,4
JETWaterPipes,6,2
paganmusic,6,2
BattleBeasts,6,5
freemigration,6,3
adnd,6,4
Beck,6,5
ATgame,6,2
qigong,6,2
Dads,6,4
exmuslimdating,6,4
WWTLT,6,2
realwritingcritiques,6,2
Polish,6,5
northbay,6,2
jeremysfanclub,6,3
SongLyrics,6,6
Pajamas,6,3
TheRealZachAnner,6,2
RickGenest,6,0
Overgrowth,6,3
OhighO,6,5
CAmmunity,6,1
grilling,6,5
ChristmasCards,6,1
footballstrategy,6,6
roma,6,5
wifi,6,6
OpenHacker,5,2
Troll_face,5,1
douchebag,5,4
MinerApCirclejerk,5,3
ElsaHosk,5,2
PetMice,5,4
SEA_Civcraft,5,4
CuteGayPics,5,2
asimov,5,5
GirlsWithKicks,5,1
PlasticFabrication,5,2
FoodBabies,5,4
montrealbands,5,3
boxee,5,3
tecatos,5,1
Privatebanking,5,1
davematthewsband,5,4
gangamstyle,5,4
AndroidCrib,5,1
vacaville,5,3
tiedye,5,4
Bokeh,5,3
AlbumExperience,5,5
Deptford,5,1
logo,5,5
spaceflippers,5,1
liveindetroit,5,5
RealmOfLumus,5,1
KurokosBasketball,5,1
OhioStateBasketball,5,2
access,5,2
RunForIt,5,1
hacks,5,3
TheMortalInstruments,5,2
GirlsWithUdders,5,1
TooHip,5,2
idahofalls,5,1
bullcity,5,4
ClairvoyantPickEm,5,1
trueplayer,5,1
Updownvotegifs,5,5
AllThingsTumescentPie,5,2
mises,5,2
wowgaymers,5,3
reviewmycode,5,5
ForFucksSake,5,1
ghana,5,4
thebigconspiracy,5,0
webcam,5,4
circlejerkcirclejerk,5,2
reelbigfish,5,3
ParisSG,5,1
LoveHate,5,3
Sexyswag,5,2
PokePasta,5,4
Ps3TechHelp,5,3
2xcBestOf2012,5,1
swtorbountyboard,5,4
mylittleartsandcrafts,5,2
MichaelBuble,5,0
OtherSide,5,5
porcupines,5,4
Erskine,5,3
exhibart,5,1
rotmgguilds,5,5
DrakeandJosh,5,4
Elvis,5,4
Grubby,5,1
BadlyStuffedAnimals,5,3
SpecialNeedsChildren,5,4
TwentyFour,5,2
WatchItForThePlot,5,2
The_Chat,5,2
RedditBomb,5,2
einstein,5,5
WAbeer,5,3
realmasculinity,5,1
paloalto,5,2
rwd,5,2
MarketMonetarism,5,4
VoxelGameDev,5,3
monads,5,1
ArtNouveau,5,2
buttscicles,5,0
KoreanFood,5,4
writingcirclejerk,5,3
FriedRice,5,2
ethicalvegan,5,5
SBtrees,5,3
gamingadvice,5,5
HairyArmpits,5,4
uofdayton,5,3
MassiveCockVids,5,2
EngagementRings,5,3
BeastieBoys,5,4
Mall,5,1
shittybirdswitharms,5,4
queerconlangers,5,1
bdsmhogtied,5,1
jethrotull,5,2
GoHomeYoureDrunk,5,2
shostakovich,5,2
RunningCirclejerk,5,2
scootermagruder,5,1
epicmealtime,5,3
CivcraftCLU,5,1
boobsandbottles,5,5
HardcoreMusic,5,5
Idaho,5,4
Birdswithplanewings,5,4
sweaterpuppies,5,3
uwyo,5,3
assjobs,5,0
karlsruhe,5,1
HistoryReviews,5,4
Naturalhair,5,3
sunrise,5,4
bestof_Minecraft,5,1
AutoMobile,5,4
Nyckelharpa,5,2
CultureSwap,5,3
uicwhatshot,5,3
beardyman,5,1
DepressionBear,5,4
FamilyDinner,5,3
Applebloom,5,2
simivalley,5,4
ToggleGIF,5,0
youtubetreasure,5,2
askedreddit,5,1
Colbert,5,5
relaxation,5,4
emovable_foundation,5,2
Folding,5,4
elonmusk,5,1
cowardlyjerk,5,1
ladybyng,5,1
codpartyup,5,3
SpanishClasses,5,4
jmc2obj,5,5
konradmad,5,2
OffensivePics,5,1
PornContests,5,0
oldastheinternet,5,4
MINIMALTECH,5,3
LandroverDefender,5,4
BonnieWright,5,0
hilarious,5,5
EntTreats,5,5
AZBarCraft,5,2
stormchasing,5,4
USAFA,5,2
Minecraftletsplays,5,3
average,5,2
photoinspiration,5,1
ndp,5,4
WordsWithFriends,5,4
Demotivated,5,5
basement,5,2
WhatTheHelp,5,1
gayrights,5,2
HairStyles,5,2
ANewReddit,5,1
citystreets,5,2
deliverydrivers,5,4
analogy,5,3
c0smic,5,1
toulouse,5,2
tng_s8,5,1
UofO,5,5
Skytits,5,2
lastfm,5,4
indiedance,5,4
CivcraftRoads,5,4
Layer_Zero,5,2
inuyasha,5,2
prettylights,5,4
steinsgate,5,4
NeedToTalk,5,2
giantbomb,5,2
Awwducational,5,2
UMNmed,5,2
upcycling,5,4
kummerspeck,5,3
BadDragon,5,4
neurophilosophy,5,3
chd,5,1
ntnu,5,3
wec,5,3
sergeytitov,5,1
fitnessmarketing,5,2
banananose,5,0
SwingCommunity,5,3
SIUE,5,5
Anarconfederation,5,2
hownottogiveafuck,5,2
LoLSuggestions,5,2
stuttgart,5,4
MaxKeiser,5,2
DrivingRoads,5,4
BSUFootball,5,3
ChineseMedicine,5,4
klaatus_sandbox,5,2
computervision,5,5
coolanimals,5,5
riodejaneiro,5,1
anarchyonline,5,4
PanicParty,5,2
DenverGamers,5,4
SubredditDramaX3,5,3
Arbomedia,5,1
MetricCooking,5,2
harrogate,5,5
revokedmodinvite,5,5
kingcounty,5,2
metanegareddit,5,4
genocide_watch,5,4
Reaper,5,4
livemusic,5,4
EnigmaCraft,5,2
nontradpremed,5,2
synergiesmod,5,2
italianstallion,5,1
tampajobs,5,3
LowcountryProgress,5,1
livestock,5,4
psn,5,3
starparty,5,4
cristianoronaldo,5,4
ffsreddit,5,5
KevinDevine,5,4
ethnomusicology,5,2
Cessna,5,1
CombatEX,5,2
cumshotgifs,5,3
TheLawrenceArms,5,1
Disturbed,5,4
kkkkkk,5,2
Pleasur99_gifs,5,1
nak,5,3
TranslationFail,5,0
NJRestaurants,5,1
Midcyru,5,2
jessicaalba,5,4
Eels,5,2
donkeykong,5,5
FordExplorer,5,3
Museums,5,4
DigitalFreebies,5,3
hotsauce,5,5
TKB,5,2
itookaphoto,5,1
tdot,5,1
Neil_deGrasse_Tyson,5,3
ecclesiology,5,1
GuitarCovers,5,3
staffsuni,5,3
secret,5,4
Jab,5,2
fermentation,5,3
streaming,5,3
MollyCQuinn,5,1
isreal,5,1
entourage,5,5
Hydroponics,5,4
Thunderbird,5,3
omari,5,0
bestamazonbuys,5,1
Skittles,5,1
brain1up,5,3
controllablewebcams,5,3
HealthyFood,5,3
scifigaming,5,2
EnderRun,5,3
Self_Knowledge,5,4
NYCMusiciansNetwork,5,3
Celticheroes,5,2
CRMSoftware,5,2
DenverMeshnet,5,2
MovieRants,5,1
Inventit,5,2
CuriosityCube,5,2
AnimalRescue,5,3
Stencyl,5,1
BiffyClyro,5,3
BuenosAires,5,5
Woerterbuecher,5,1
postyourgf,5,0
GeriatricPorn,5,2
gmc,5,4
rolex,5,3
hotwebcamsex,5,1
adam,5,3
AusBeer,5,3
URochester,5,4
MetalConcerts,5,2
stationery,5,5
Jumpingstilts,5,2
aphextwin,5,3
Artprompt,5,3
pewdro,5,0
objectmanipulation,5,2
Glock,5,3
at_god,5,4
JERB,5,2
codtournament,5,2
UNLV,5,2
RocPy,5,3
hectorwhatifipop,5,2
Opeth,5,4
steak,5,5
TheSmilingMan,5,4
ZeldaOoT,5,1
Rifftrax,5,4
AgnisPhilosophy,5,1
aboutreddit,5,2
TeenNiggers,5,3
gerbil,5,2
JosephDucreux,5,3
frecklefans,5,1
kristenbell,5,3
Toasterovenclub,5,4
Freckled,5,1
biketrials,5,2
designmemes,5,2
Mysticisms,5,3
shadowfist,5,2
SpecialAccess,5,1
EnglishSetter,5,5
surfrock,5,3
ussr,5,2
keyboardporn,5,2
discoverprog,5,3
rip,5,3
beadspritepatterns,5,3
TheBestOfPets,5,1
theeternalwar,5,4
antifa,5,4
JoshHutcherson,5,3
carpediem,5,5
bGV2aWF0aGFuIA,5,1
CSUFoCo,5,4
PresentIdeas,5,3
PSB_Winners,5,1
MsExXxPoSer,5,2
NBAPelicans,5,2
WarhammerCirclejerk,5,4
Chiropractics,5,1
smartphone,5,5
doggrooming,5,4
DDS13,5,3
AmateurFeet,5,1
CherokeeCountyGA,5,1
biomimicry,5,1
the_universe,5,2
Biola,5,1
Salcedites,5,3
fortunecookie,5,4
dandreism,5,3
Colorguard,5,3
starwarscollectibles,5,4
Kenosha,5,3
bca,5,4
ArmyOfSkanks,5,0
HalfLife3Conspiracy,5,2
greenery,5,1
noaccounttest,5,3
stupidpeople,5,3
performancephotos,5,2
austinstartups,5,2
ClearwaterFl,5,2
Marco_Rubio,5,1
PicsOfDeadKids,5,1
RoleCall,5,1
Domaining,5,4
cambridge,5,5
SpaceRock,5,4
photoshopacock,5,3
Impossibilism,5,1
WeddingRingsShowing,5,0
zumba,5,3
pveseneca,5,5
BabeGalleries,5,2
ChicagoGaymers,5,4
LorikeetTribe,5,1
radforduniversity,5,3
FlorenceAl,5,4
WomenofWrestling,5,3
thennnow,5,4
classified,5,2
Primus,5,5
underthemicroscope,5,2
strength_training,5,3
p2p,5,4
Woodshed,5,5
CASTING,5,4
RX7,5,4
gaymerscirclejerk,5,3
ihatelouisville,5,1
Aidan,5,1
Minefanatic,5,2
AspiringPornWriters,5,1
WhyWould,5,2
pmow,5,1
Revit,5,3
cobijas,5,2
UOB,5,4
toyexchange,5,4
forfeiture,5,2
Magfest,5,5
goldenretriever,5,5
edmsurgery,5,1
GunsOfIcarus,5,4
MiddNorth,5,2
SantaMaria,5,2
Plutocracy,5,1
pitchamovie,5,5
Doomtree,5,4
needapaydayloan,5,1
iwork,5,1
livewallpapers,5,3
huntingtonbeach,5,4
Markham,5,4
skidmore,5,2
LucidDreams,5,4
Shoeaddiction,5,5
OMGPogs,5,2
bjork,5,5
Angkor,5,0
worldalpha,5,1
redditbroke,5,3
urbanbushido,5,2
strapon,5,2
supersets,5,1
rorschach,5,1
ReformedMusic,5,4
wowtcg,5,2
invincibleironman,5,2
sciencevideos,5,3
Beardies,5,5
fragworks,5,1
feedme,5,4
Fiestar,5,3
facebookwin,5,2
Gonewildtease,5,0
QQGROUPS,5,1
grumpbros,5,2
SFEDM,5,1
Anglicanism,5,3
electriccars,5,1
Sinfonia,5,3
HyperGaming,5,2
Klipit,5,1
thebeachboys,5,4
Kyzarc,5,2
UniversityofKentucky,5,4
yale,5,5
analbeads,5,0
colum,5,1
gamedevpros,5,1
ponycore,5,1
bookcaseporn,5,2
unimelb,5,2
Aladeen,5,3
VSTi,5,3
socialreport,5,1
myfather,5,3
vww,5,1
PCGameSavings,5,1
ps2,5,4
hugs,5,3
GoRVing,5,4
greencars,5,3
pentax,5,4
ARAN,5,3
Webmaster,5,5
AnalPorn,5,5
IUP,5,4
Creativity,5,4
whoa,5,3
givethemthetrain,5,4
Demoscene,5,3
ERB,5,4
WesterosiProblems,5,5
DeepFunk,5,2
wordsfromthecloset,5,5
tailbait,5,3
CultTrailers,5,1
loves_being_that_guy,5,2
Neopsychedelia,5,5
mainebeer,5,4
imports,5,3
trianglegamers,5,2
fallingpics,5,2
wheeloftime,5,3
CheerleadersGonewild,5,3
Ascension,5,4
Goldfish,5,2
All_Creatures,5,1
stamptramp,5,3
pilates,5,4
steammarines,5,1
AwwStories,5,2
bizarresex,5,1
mopar,5,1
sexyback,5,1
flamevault,5,2
FireFoxOS,5,4
Picsofryanrunning,5,2
fridaynightlights,5,4
letsstream,5,4
psychobilly,5,3
ensenada,5,4
Nevada,5,4
Kitchenfire,5,5
kendrawilkinson,5,2
AdultEducation,5,4
GlobalPorn,5,3
huzzah,5,0
Nightmares,5,5
babby,5,3
plugdj,5,2
Spraypaint,5,3
dietetics,5,5
Jigsawpuzzles,5,5
realnosleep,5,3
GoogleStreetview,5,2
Team_Italian,5,1
Pokemonfusions,5,4
DesktopConfigs,5,0
Entstuck,5,4
ambigrams,5,5
Philologized,5,1
TurtleScripts,5,3
Nightshift,5,4
Jerusalem,5,2
SoapOperas,5,3
Danishsuperliga,5,4
Celtic,5,1
AnimatedGIF,5,2
VicPD,5,1
therealgod,5,1
consciousness,5,4
the_rake,5,3
dfwbike,5,4
redditgetsmspainted,5,2
Zach,5,4
crossword,5,4
RapeSquadKillaz,5,4
GuildWars2Gaymers,5,4
germantrees,5,4
shuffle,5,3
hockeyrefs,5,2
Ebook,5,4
owsla,5,4
ghettodiy,5,3
EDMRemixExchange,5,3
diydrones,5,3
Acoustics,5,5
noisygifs,5,5
Mastery,5,1
Nutritionix,5,1
gleany,5,4
Alexanderschmidt,5,2
BlueJackets,5,4
blogola,5,4
2013TheYearOfBadLuck,5,1
CarbonFiber,5,4
NewLinuxDistros,5,1
BrainTraining,5,3
Quakers,5,2
the6s,5,2
truechildfree,5,4
amandaseyfried,5,4
longtermpaydayloans,5,1
antiforensics,5,3
AgeofMythology,5,5
anonymous123421,5,1
dahouse,5,3
RadioBonobo,5,1
satellite,5,5
guangzhou,5,4
Bend,5,4
NLsimulator,5,2
GameStop,5,1
iFriends,5,1
xfce,5,4
shortSleepers,5,1
gay_bear_lovers,5,2
UTPA,5,5
UWWhitewater,5,2
Question,5,3
BadTats,5,3
OpticalData,5,3
GoLivewire,5,1
Pul5arianFTB,5,2
UtahValley,5,2
rhythmicnoise,5,2
multireddit,5,5
sharpei,5,4
AustralianMFA,5,2
KISS,5,5
europeanmusic,5,1
republicanism,5,3
runningmemes,5,4
CreepyWikipedia,5,3
whitecollar,5,5
littleapple,5,4
atlassian,5,1
StreetSkateboarding,5,2
filemaker,5,5
NightOwl,5,2
ChurchofRammers,5,2
randomadventures,5,4
NewArgoth,5,5
hermitcrabs,5,2
ecok,5,2
Treescomics,5,2
bewelcome,5,2
Surfari,5,5
gattai,5,2
CK2GameOfthrones,5,4
numismatics,5,3
crossfitwod,5,4
BritneySpears,5,2
newsbriefs,5,2
ManhoodAcademy,5,2
Shitty_MSPaint,5,3
GNVents,5,1
Vox,5,1
BillyTalent,5,3
snacking,5,4
404,5,4
oots,5,2
Monarchy,5,3
devtesla,5,2
focus,5,2
market,5,3
androidgames,5,1
ARTIST,5,5
Piratebox,5,3
NAE4,5,2
askmusicians,5,3
HairStyle,5,4
Corporations,5,4
Parkins,5,1
InternetExplorer,5,4
neutralmilkhotel,5,3
MattePainting,5,1
brandonsanderson,5,5
PartialObjects,5,2
WestCoastHipHop,5,1
howtofrape,5,1
shittyasklol,5,4
elsword,5,3
OpinionsOnWriting,5,1
mrhsAZ,5,2
ToyotaSupra,5,2
murakami,5,4
httyd,5,5
Farcraft,5,4
SmallYoutubers,5,3
blackveilbrides,5,3
DistritoFederal,5,3
overtherhine,5,1
boatbuilding,5,2
Gifts4Gamers,5,2
IsItChristmas,5,1
BA50,5,3
Tomorrowland,5,4
creative,5,5
bizarrosnoo,5,2
libertarian_history,5,2
allstars,5,1
DEG,5,2
michigandate,5,2
VasectomyReversals,5,1
NextGenMC,5,4
distributism,5,4
TheSurvivalGuide,5,3
SceneBoys,5,1
TooLateDidntRaid,5,1
TZMLiverpool,5,1
stoners,5,3
poorlounge,5,2
HaveFun,5,4
baramanga,5,2
TatsuNation,5,1
jerseyshore,5,4
differentmusic,5,1
LilyCollins,5,2
RadicalPhilosophy,5,4
DirtyJokes,5,3
ScapeRune,5,5
SRSPolitics,5,3
Renewable,5,4
SacredTreeofLife,5,1
TotallyTennessee,5,1
polo,5,2
ALS,5,3
Vaporwave,5,3
pfi,5,2
PhoenixR4R,5,0
montrealmusic,5,3
corneranimals,5,2
jazzband,5,5
Onesiesgonewild,5,2
HomeBusiness,5,3
MCPEQuestions,5,4
kalbums,5,3
messymike,5,1
Redhair,5,1
DeadOrAlive,5,4
PCC,5,2
preteen_bitches,5,4
MaryPoppins,5,1
Bosmer,5,5
basedgod,5,2
NorthHigh,5,2
CaptainAmerica,5,5
mariculture,5,1
swissholidays,5,1
republicwireless,5,5
randytaylor69,5,2
MontrealBazaar,5,1
ninety,5,1
LAfoodies,5,3
chilidogs,5,4
bitcoinmemes,5,3
punimals,5,2
ArmsandArmor,5,4
Painters,5,5
LadyMRAs,5,2
christianministry,5,3
Cupertino,5,5
code4lib,5,1
prepping,5,3
bigzminecraft,5,1
vego,5,3
m83,5,4
psyprog,5,5
morbidlybeautiful,5,4
gw2community,5,4
internetunder20,5,2
TheoryOfIcons,5,1
ESPN,5,3
JohnnyMarr,5,1
UTMartin,5,4
souprecipes,5,1
pokemonwtf,5,3
BPDSOFFA,5,5
skate,5,1
pirateradio,5,2
LainaNudes,5,1
metasheep,5,3
GODUS,5,4
amateurCompDota2,5,3
Sky,5,4
apljk,5,1
mixtape,5,5
Lilly_A,5,0
Blackandwhiteporn,5,2
megusta,5,4
mildlyinterestingjerk,5,3
TGirlDating,5,3
permissioncontrol,5,0
derby,5,3
Agoraphobia,5,1
Hull,5,4
foreveraloneteens,5,1
Econ,5,1
Troubleshooting,5,5
Puscifer,5,5
unm,5,3
worldbuildingswap_C,5,2
LasingReddit,5,2
AdultTeens,5,5
Minecraftbuilds,5,2
BritishFilms,5,3
talesofminecraft,5,5
edgeofspacegame,5,2
Floorniggers,5,1
TeenDistortion,5,2
truead,5,0
Marathon,5,5
notasnufffilm,5,2
Nantes,5,5
fuuny,5,2
GushingGirls,5,1
blacksmithtooldeals,5,4
yorkshire,5,3
boozeporn,5,2
chado,5,2
boysfucking,5,1
ClarkU,5,3
team_esperanto,5,0
Occupychicago,5,3
r4rParis,5,1
proceduralgeneration,5,3
urbanfarming,5,4
darksim905,5,1
biopunk1,5,1
pacificraft,5,3
makenoise,5,5
HamFighters,5,2
FaithRestored,5,3
CalgaryHousing,5,0
exactly,5,3
Utauloid,5,1
VACCINES,5,4
musicrequests,5,4
bergerbelge,5,4
Team_Korean,5,1
team_french,5,3
McMyAdmin,5,3
Divination,5,3
WorldWar2,5,4
CreepStories,5,3
battlefield4,5,0
HelpfulSites,5,3
scottishfitba,5,4
miracast,5,2
HTCK,5,1
adventism,5,4
USANetwork,5,1
iphonepictures,5,4
Dakimakuras,5,2
CaraDelevigne,5,0
clubintenselystephen,5,1
YatubzGamingCommunity,5,1
Sanibel,5,2
crackers,5,0
jrock,5,2
MSI,5,3
ParanormalScience,5,5
expos,5,1
Crazy,5,5
goingtothemoonforthis,5,3
amateurastronomy,5,1
TheOatmeal,5,4
MusicUK,5,5
redditisfun,5,3
garfield,5,4
KontinentalHL,5,3
TreesGameNight,5,4
toloveru,5,4
Florist,5,4
Trading,5,3
border,5,1
Snikamole,5,1
videoproduction,5,3
statuegropers,5,4
MGsales,5,2
ThatHigh,5,2
MemePiece,5,5
obdexp,5,1
Hort,5,3
QuirksMammailia,5,2
NeonReverbFest,5,1
halt,5,3
cjmodproblems,5,2
imdrunk,5,1
NAC,5,3
TaskSparten,5,3
ViewAskewniverse,5,4
quote,5,4
SouthernSteam,5,1
ccyoutube,5,5
Ceramics,5,3
alcoholstoves,5,2
sexyuniforms,5,4
MinecraftIndia,5,2
ChurchMarquees,5,4
regisphilbin,5,2
thedailyprompt,5,1
SolForge,5,4
pulpfiction,5,2
ElSalvador,5,4
frenchmaid,5,3
Sporcle,5,5
heroscape,5,2
78rpm,5,4
MFOP,5,4
ZombieSurvivalMC,5,0
Discord,5,3
WGU,5,3
cookie,5,5
number27,5,1
sextape_central,5,1
ChineseReddit,5,4
wtfnsfw,5,1
hbo,5,4
NorthwestFront,5,2
ConsumerAdvice,5,2
PokeBuilds,5,5
MotherNature,5,2
GroupOfNudeMILFs,5,3
uiowa,5,3
sophiepotamus,5,1
AnythingGoesTech,5,1
explainitinacomic,5,2
steamsucks,5,2
goopsmcpoo,5,4
nopasaran,5,2
ladybonersplaitnum,5,0
punkjews,5,0
Trackdays,5,4
camhookups,5,2
GreenvilleTech,5,0
kabbalah,5,1
bikeshed,5,4
lostgirl,5,4
lifecrapper,5,3
thousandoaks,5,3
Hoss,5,2
WhiteWonderland,5,1
xcskiing,5,4
RTrequests,5,4
depressionglass,5,1
datbitch,5,2
cigarimages,5,5
AmericanaMusic,5,3
cyberunions,5,1
searchandrescue,5,5
Wesleyan,5,1
linksforkevin,5,3
Awesome_Ties,5,4
UrbanGardening,5,3
scatporn,5,5
Eureka,5,5
neopagan,5,2
StrategicStudies,5,5
iPhoneRaffle,5,0
GayAsian,5,1
amtestatheuz,5,2
KeiraKnightley,5,4
Topper,5,1
vibraphone,5,4
Garlicgonewild,5,1
mathhumor,5,2
ts4albertschweitzer,5,1
Favor,5,1
MonsterSex,5,1
NCTrails,5,3
MajorSpoilers,5,1
NeglectedDiseases,5,1
AshleyBenson,5,3
300zx,5,3
LouisianaTech,5,3
pica,5,0
synth,5,2
tributary,5,3
Yachts,5,2
p90,5,3
batonrougecinephilia,5,1
CircleBrokeTheatre,5,3
josephpfarrell,5,1
MastermindBooks,5,1
nvcc,5,3
womeninboots,5,2
Sullymorland,5,3
Muslim,5,2
TheContinuum,5,1
WomenOver50,5,3
TrueRedditVideos,5,4
Nikita,5,4
colddeadhands,5,0
spermjacking,5,1
MusicCovers,5,3
ATVS,5,4
Jakarta,5,4
freeforallfashion,5,3
rtrees,5,1
newenglandrevolution,5,3
Worcester,5,4
datrecoil,5,1
Arf,5,3
RoadRUNNER,5,1
slotrees,5,3
CATVshow,5,1
Amateur_Reviews,5,0
ScandalBand,5,2
99reddits,5,4
RealJournalism,5,5
IUPUI,5,3
329ButtBuddies,5,2
seedswap,5,4
cummingonfigurines,5,3
riotporn,5,3
CONCEPTCARS,5,3
epigenetics,5,3
gmtc,5,2
ChristinaRicci,5,1
VeryLargeImages,5,3
newenglandbeer,5,3
DarkKnightRises,5,4
SwingMusic,5,3
dadboner,5,4
GameMods,5,3
systems,5,3
CrissyMoran,5,1
Playlist,5,2
Thugnain,5,3
TopHausForever,5,2
SexVideo,5,1
TwinFalls,5,3
GayBoners,5,1
bm_dead,5,1
fragmemphis,5,1
Bahrain,5,4
bcferries,5,1
ThereBeGeeks,5,1
CruiserCulture,5,3
Midwives,5,3
UntitledCraft,5,2
Shitsnoopdoes,5,4
Crashes,5,3
WhiteNationalism,5,2
interactivefiction,5,3
TrueDoTA2,5,2
StarcraftItalia,5,2
thingsnapsays,5,3
childatheart,5,2
TameImpala,5,4
diode,5,5
ARG,5,2
denvermusic,5,4
pastafarianism,5,4
WhiteHousePetitions,5,5
TPB,5,4
seattlents,5,3
Ilearnedtoday,5,2
marvinshares,5,1
wigglegrams,5,3
loltumblr,5,3
clonehigh,5,3
alien_swarm,5,4
monkeysinclothes,5,1
gamesofthrones,5,4
logodesign,5,1
Team_Arabic,5,1
fffuuuuckedup,5,4
yogamusic,5,4
ProEra,5,1
Delightful,5,1
bookbusiness,5,3
LabVIEW,5,4
GhettoHaiku,5,3
buttfumble,5,3
allenedmonds,5,1
fat,5,4
Tacostars,5,4
krise,5,1
Ethiopia,5,3
Red,5,4
BarCraft,5,5
RPDST,5,4
rilakkuma,5,3
OmahaPolitics,5,2
deletemyson,5,0
rTee,5,2
MorganFreeman,5,5
AthleticClub,5,1
KellinQuinn,5,3
anarchocapitalism,5,2
bofh,5,1
macon,5,2
Kairosoft,5,5
AsianParentStories,5,3
folklore,5,4
dudewhatif,5,4
helpmewin,5,3
latincrowdsource,5,5
JamieBeeman,5,1
WindowsB,5,1
datacenter,5,3
Reefcentral,5,1
AVWW,5,3
jhuacm,5,1
seasquirrel,5,4
Slapdick,5,0
aokp,5,5
alternative,5,3
learnpolish,5,4
Flooring,5,5
ProjectEnrichment,5,3
atlbeer,5,4
WatermelonPorn,5,2
roswell,5,5
ColinVandervort,5,3
StopDipping,5,3
awwwww,5,3
Visio,5,2
DogsWithWheels,5,2
AlanPartridge,5,2
chakat,5,1
Ephixa,5,5
mensrightsindia,5,1
localmusichub,5,3
edmontonsocialclub,5,2
RoleplayingForReddit,5,4
oilandgas,5,4
fuckyouTom,5,3
HighRes,5,4
whalewatching,5,4
TriPixel,5,3
Tali,5,3
Keratoconus,5,4
passionpics,5,4
Reaction,5,1
Sillyben,5,2
NoobRescueForce,5,2
NFC,5,5
badmemes,5,2
SouthernBaptist,5,1
Kombucha,5,5
BookofShadows,5,1
clarionclub,5,1
NKU,5,3
klezmer,5,4
UKFunky,5,4
ChineseTV,5,3
EscalatingRevenge,5,2
maggielawson,5,1
Rational_Living,5,2
ShitSRSSays,5,3
Warcraft,5,3
blenderhelp,5,4
crabdancemc,5,2
ChicagoBookClub,5,1
Puggifs,5,1
SRSGreatestHits,5,4
Thoughts,5,4
CalgaryClassifieds,5,2
Runelocus,5,2
effects,5,4
SomeECards,5,4
nonnude,5,1
XYPornVids,5,3
highschoolfootball,5,3
GlassPorn,5,1
BiblicalArchaeology,5,4
CrowTribe,5,1
pickupfootball,5,3
fashionhistory,5,5
shreddit,5,3
b4b,5,1
RetroFuturism,5,5
jazzfunk,5,5
ladiezzz,5,3
foreveralonevancouver,5,4
KatWondergloom,5,1
house_music,5,4
HMpyongyang,5,1
RedditcrackFTB,5,4
wizardofoz,5,3
christianmetal,5,4
socmemarketing,5,4
BorderTerrier,5,3
airsoftF7U12,5,1
HuskyStarcraft,5,4
metaltrade,5,4
alphaphiomega,5,4
alpha,5,1
planetquake,5,4
TaylorSwiftWallpapers,5,3
loveland,5,3
Anarchistcollective,5,1
nagios,5,4
modelrailroads,5,5
magewars,5,1
MacSucks,5,2
VeganSF,5,1
lace,5,1
JaneLevy,5,1
JapaneseFiction,5,3
dip,5,0
ih8,5,1
imaginedragons,5,3
UKhiphop,4,2
geeks,4,2
bloodorgy,4,1
MilitaryTruth,4,4
FukushimaChronicles,4,1
oberlin,4,4
danskrap,4,4
midtownatlanta,4,1
BigBand,4,2
myrrlyn,4,3
Redditproblems,4,3
adultsurvivors,4,2
clocks,4,4
nginx,4,4
wulff,4,1
MusicEssentials,4,4
nfcfunone,4,1
webfiction,4,2
IansGirlfriend,4,3
docproduction,4,4
illuminatedmanuscript,4,2
jobsearch,4,3
BlackOpsDeclassified,4,1
healthcareIT,4,3
honeymoonideas,4,4
warfighter,4,2
latics,4,3
mutemath,4,4
hotsoup,4,1
bestoflol,4,1
gta5,4,2
maydayparade,4,2
Brickfilms,4,4
pottytraining,4,3
entgiftexchange,4,4
Team_Japanese,4,1
TodayImDoing,4,2
team_portuguese,4,2
Cimmeria,4,3
MODELING,4,2
cureaidsnow,4,0
Bretagne,4,3
AirCraftPorn,4,2
whywolves,4,3
Paul_Ryan,4,1
divers,4,4
RimofReality,4,1
salenhfx,4,1
420friends,4,2
publicdefenders,4,4
Case,4,3
MTBTrailBuilding,4,3
startupnl,4,1
atheisteaglescouts,4,1
rollingpaper,4,2
wilco,4,4
Warlight,4,2
vectorart,4,2
hella,4,2
MicrogrowDeathStar,4,0
KillingWomen,4,2
minithings,4,3
hackforge,4,2
musicianfinder,4,3
BloomingtonNormal,4,4
007,4,3
MaureenChen,4,1
vid,4,3
evangelinelilly,4,2
ArtDeco,4,1
icarly,4,1
Brentalfloss,4,0
amifat,4,3
laredo,4,4
dongsonnews,4,1
Holocost,4,1
PercyJackson,4,2
casuallama,4,2
gamingcouples,4,2
SRSIslam,4,1
WeeklyWriter,4,1
srslol,4,1
BangBang,4,2
Soundgarden,4,2
Onion,4,2
LearnGerman,4,3
D1E3C304,4,0
Sum41,4,3
likethis,4,3
sexysuperheroines,4,3
gentlemenlife,4,2
CitizenScience,4,2
casualllama,4,2
HypnoGoneWild,4,1
CateHarrington,4,1
letstrysomethingnew,4,2
CortexCommand,4,4
securityCTF,4,3
JasonMacker,4,1
MikePatton,4,4
Headymind,4,1
freediving,4,3
epicstreetart,4,2
funnypictures,4,3
needloannow,4,1
OlgaKurylenko,4,0
BattleBronies,4,2
TNG,4,2
steampunkforsale,4,4
darkdnb,4,2
realtor_moscow,4,0
Nichijou,4,2
fosdem,4,1
universe,4,4
nostrategyinvolved,4,1
Mediation,4,3
Biophysics,4,4
Tatunka,4,1
SimpsonsTappedOut,4,2
youtubepoop,4,2
bruises,4,2
UCSB4Sale,4,1
Kronk,4,4
AngelesNatlForest,4,2
hudsonvalley,4,3
WorshipLeading,4,4
Ultima,4,4
papi,4,1
cloudcult,4,1
InternAriel,4,0
Pono,4,2
opendata,4,4
HeyArnold,4,4
unca,4,3
TurquoiseJeep,4,1
AtlasGenius,4,1
guysinthebasement,4,2
personalcloud,4,4
BrianButterfield,4,1
OldLadiesBakingPies,4,2
LfBounce,4,1
DungeonLore,4,2
Team_Russian,4,2
Oddbikes,4,4
utab71,4,0
SeemackRailworks,4,4
2040,4,1
EndlessOnline,4,1
shitjuliosays,4,1
dragracing,4,3
VktrPlz,4,1
navyugbharat,4,1
localsonly,4,3
truedocumentaries,4,1
EnglishLearning,4,2
theyearlyproject,4,1
DomesticBirds,4,4
EastAnglia,4,2
doublepenetration,4,3
SteamBegging,4,3
YokoOhNo,4,3
picsofjacobsbed,4,1
genesiscoupe,4,3
workathome,4,3
lkn,4,2
NBARumors,4,1
ETSU,4,3
charts,4,4
PaintRollers,4,1
jeel,4,3
TechRescue,4,2
fortheloveofhorses,4,1
Vasteras,4,2
Indianpolitics,4,4
lafayette,4,3
MAGICALLIGATOR,4,2
ShittyPizza,4,3
twir,4,1
Team_German,4,2
KillWhitey,4,3
AbandonedWebsites,4,2
scpcontainmentbreach,4,4
firstworldalcoholism,4,4
firedeptgo,4,1
Glunten,4,2
Fire,4,4
electronicmusictest,4,0
tf2items,4,2
selfserve,4,2
MikeGoldberg,4,1
SupergiantGames,4,2
GW2EU,4,2
CincinnatiJobs,4,2
fictioncircus,4,3
manifesto,4,3
Sathia,4,2
crazyhair,4,2
Videotest,4,0
ferret,4,2
LunaInSocks,4,2
naps,4,3
smoothjazz,4,3
fintech,4,1
webinarsynergies,4,1
vandwellers,4,3
SRSTrees,4,2
gibberish,4,3
CoopCrowd,4,1
Hipstamatic,4,4
prescriptiondrugabuse,4,1
ShounenAi,4,3
PlymouthMA,4,1
smallvictories,4,3
MLPUK,4,0
glitchthegame,4,3
eggs,4,3
singlewomen,4,3
ISleepTheDayAway,4,1
Grimes,4,3
VTNLFGJN,4,3
AskADoctor,4,3
AndrewOdonnell,4,0
hartofdixie,4,1
computerscience,4,2
behavioralfinance,4,1
PCUSA,4,3
StraightDebate,4,1
LetsTalkElectronica,4,2
Pleasur99,4,1
Team_Mandarin,4,4
IRLShooter,4,3
girlgenius,4,2
cavalierkingcharles,4,3
mildlybeautiful,4,2
Metal_Alberta,4,1
Highcontrast,4,1
Racket,4,2
Hyperion,4,4
airport,4,4
trademarks,4,1
ToriPraver,4,1
LupeFiasco,4,2
NSFW_CD,4,1
Tokusatsu,4,2
terrariaservers,4,3
smile,4,2
freestyles,4,3
NWFL,4,3
lt10k,4,1
MakeMoney,4,2
jDerfandfriends,4,1
AtlantaTrees,4,1
VTCC,4,2
SexWithDogs,4,3
gamerentladies,4,2
slackerrecipes,4,4
TwoDoorCinemaClub,4,2
SophieMonk,4,1
novafactory,4,3
Baroque,4,2
leagueoflegends2,4,1
lucyperkins,4,3
hippos,4,4
openstreetmap,4,2
matttestsubreddit,4,1
ragedreams,4,3
puppetry,4,4
portlandmusic,4,1
spiritualsatanism,4,2
missouristate,4,2
silversunpickups,4,3
ModernJazz,4,3
gamingphotography,4,3
BDS,4,1
Freeporthighschool,4,2
ParentingLite,4,2
askfuneraldirectors,4,3
ManLife,4,4
shirts,4,2
oneworldgovernment,4,2
DemocracyNow,4,3
slumporn,4,1
MildlyOffensiveGamers,4,0
andytuba,4,1
girls_smiling,4,2
bookswap,4,3
shortlandstreet,4,3
Pokemonbreeding,4,4
SeattleTroll,4,3
badcopnodonut,4,1
curvygirls,4,1
travian,4,2
Xenfare,4,0
TokyoMoe,4,1
PhilosphyOfPoop,4,0
CharlotteHornets,4,1
autoimmunity,4,3
teenparents,4,1
treme,4,3
RedboxInstant,4,1
StuffSezzmeLikes,4,1
tangoandcats,4,3
PonyshopBattles,4,2
ThetaTau,4,2
malefashionuk,4,2
Gigacraft,4,1
PapaRoach,4,2
GODDESS,4,0
ComProHupsinia,4,1
kidneystonesurvivors,4,3
sickbeard,4,3
WhatisA858,4,2
VisCulture,4,2
Dawgtown,4,2
transplantpatients,4,1
MiamiMusicScene,4,1
littleface,4,1
Pen_Swap,4,2
Voltron,4,3
openstandards,4,1
THEGOLDSTANDARD,4,1
guildwarsgonewild,4,4
Bhangra,4,4
Noticias,4,3
box5,4,3
FirstWorldConformists,4,4
bookmarklets,4,4
League_Gaming,4,3
calgarygonewild,4,0
bank,4,4
fakenews,4,3
RapeSquadKillas,4,2
ketonz,4,4
Macau,4,2
claymore,4,4
BostonSeddit,4,2
mistakesintomiracles,4,1
MiddleEasternMusic,4,2
morrissey,4,3
selenium,4,4
PennJillette,4,1
SmithAndWesson,4,3
vigilia,4,2
RedditThroughMovies,4,1
POESIA,4,1
AlphaSigmaPhi,4,2
___,4,3
WindowsRT,4,3
EDF,4,1
fffffffuuuuuuuuuuuuuu,4,3
YouTubians,4,3
genital_vegetables,4,4
BayAreaFilmmakers,4,3
kittiesontitties,4,1
EFLcomics,4,2
chairs,4,4
flobots,4,4
zurich,4,3
wfu,4,3
uml,4,3
pianocovers,4,3
MensRightsKerala,4,1
GreENtrepreneur,4,1
pudd,4,2
Mistborn,4,1
UrbanAdventureRaces,4,2
Aruba,4,3
policestate,4,4
bradford,4,2
palmsprings,4,3
northampton,4,1
fullmatch,4,3
girlrock,4,2
swtorsedition,4,2
afrobeat,4,3
internetclassics,4,3
PronePaddling,4,1
AnimeMeta,4,1
anagrams,4,2
rape_roleplay,4,4
WBMT,4,4
NemaususM,4,0
teamawkward,4,1
AWDG,4,2
Newgrounds,4,4
thewhybutton,4,1
Clarksville,4,4
Mommitmeetup,4,3
hackbay,4,2
Goal043Coders,4,1
Repopulatethesegames,4,4
Industrialporn,4,4
uoit,4,3
HARD_BASTERDS,4,0
iminlove,4,1
technews,4,3
castlecrash,4,3
giraffe,4,2
roofs,4,3
awwgifs,4,2
CelebNudes,4,0
basejumping,4,4
CharterCities,4,1
justvent,4,3
JackieChan,4,2
PiKapp,4,4
Aquaman,4,3
TheBlackFish,4,1
SFWporn,4,4
haliketo,4,3
TheBindery,4,1
freecycle,4,2
curb,4,2
tamuc,4,1
desktop,4,4
Freerun,4,2
matey,4,1
SFFood,4,2
texttranscripts,4,1
HomeDepot,4,3
MisesTR,4,1
tzolkin,4,1
LANL_Spanish,4,3
GOHS4evs,4,1
askanything,4,3
Moonshiners,4,1
517Linden,4,1
nerdlass,4,4
skyrimrp,4,3
MyLittleShellbullet17,4,2
dirtybattlestations,4,1
betathetapi,4,4
medievalworldproblems,4,2
Batch,4,3
enfantsdroits,4,1
MEET_DAN,4,0
bestoftalk,4,1
picturesofshittyguns,4,0
ECU,4,3
MimePorn,4,1
MuscleGirls,4,2
PlacesThroughTime,4,4
LSUFootball,4,4
sonora,4,4
erba,4,2
SilverServer,4,2
TheLifeHub,4,1
fatherted,4,4
MLBTheShow,4,3
Veganexchange,4,3
gnufunzt,4,2
universesandbox,4,3
enescu,4,2
Trine,4,4
Braeburn,4,1
nsfwsoftcoreall,4,0
Lineage2,4,3
MetArtBabes,4,1
FloridaPanthers,4,4
brainwalk,4,0
ethoslab,4,3
Berklee,4,3
dorknet,4,4
BAMBOOZLED,4,2
YarnAddicts,4,4
thinlizzy,4,2
AngelBeats,4,3
Picard,4,2
runecasting,4,2
LinksForFun,4,1
CityofSteamOfficial,4,0
kennedyleigh,4,1
UplandBirdDogs,4,2
sindarin,4,3
Ultramarathon,4,2
samuraijack,4,3
Bluerwithme,4,1
khanacademy,4,1
scootergrabesfest,4,3
lowbird,4,0
DCGaymers,4,3
gcsu,4,4
WoWMusic,4,1
IronFront,4,3
gopct,4,3
mangaswap,4,2
catswithoutears,4,3
ChrisWhitley,4,1
Row,4,2
souse,4,1
rpgtrade,4,3
historyboners,4,2
oceanofmiseries,4,1
gun,4,3
Likud,4,4
100dayburpeechallenge,4,2
futbol,4,2
cmnfmix,4,0
yooper,4,3
retroshare,4,3
mylittlekorra,4,2
object_heads,4,2
Circle,4,2
PHBoardGames,4,3
hitchbro,4,1
thechrisgethardshow,4,3
arkansasents,4,2
HealthConspiracy,4,1
SUPERTIMOR,4,2
121212,4,4
hatsunemiku,4,1
NeilDTyson,4,2
shutupandbuildthis,4,3
CraftedSMP,4,1
mormonpolitics,4,4
armatest,4,2
guardiancross,4,2
Sekirei,4,4
medicalimages,4,3
gothsluts,4,2
BayRap,4,4
SimCityV,4,1
FirstGrowOf2013,4,0
contactjuggling,4,2
Colima,4,2
kidsrights,4,3
Pragmatism,4,3
wind,4,4
Concrete,4,3
Newegg,4,2
mildlydisgusting,4,1
kk201,4,2
35plusboltedontits,4,3
AnalogThoughts,4,4
YellyMC,4,1
IntroductoryDFClass,4,1
laravel,4,4
SRSWimmin,4,2
UKStarcraft,4,4
beerpong,4,1
flightattendants,4,4
blimplante,4,2
treesnebraska,4,1
mathpsych,4,2
Composing,4,3
BelleChere,4,2
LeagueofPokemon,4,3
EOD,4,2
skimatalk,4,3
IGotOut,4,3
pilonidalcyst,4,4
MyWeb4Ed,4,1
katamari,4,3
wat,4,3
DesperateGods,4,2
fogwatchers,4,2
BucksCountyPA,4,2
pooplikethis,4,3
TeamRocketPenIS,4,2
GRO,4,2
HamRadio,4,2
palmettotrees,4,3
kidsinthehall,4,3
D0CB697D7551F4CF,4,1
drinkingdollars,4,1
troutism,4,4
IAmAFiction,4,1
misleadingthumbnails,4,3
Sportsbusiness,4,2
WarriorCats,4,4
princesscelestia,4,2
JapanPlaces,4,4
OceanSkys,4,3
bitchinstaches,4,3
mayans,4,4
fringescience,4,3
Seananners,4,1
prostitution,4,3
ItsTheFuture,4,1
acupuncture,4,2
Bugsnthings,4,4
Golfers,4,3
Strongman,4,4
Bugatti,4,2
Meta_Meta_Feminism,4,2
HelpWithYouTube,4,1
SwordOfTruth,4,1
emberjs,4,4
ShittyMapPorn,4,2
tipoftheday,4,3
compsec,4,4
Trustyd,4,1
AskMom,4,2
sanskrit,4,3
seattlebike,4,2
itsoundsbetterlive,4,1
Learn_Rails,4,1
ucdavis4rent,4,2
marioncotillard,4,2
ImJared,4,2
ryangosling,4,4
juvtesting,4,2
neology,4,3
davidduchovny,4,1
YAMS,4,4
M5S,4,2
Diamonds,4,4
CasualMTG,4,3
cloudsaas,4,2
ParanormalHelp,4,1
AlexandriaMN,4,3
tailgating,4,3
90sTrees,4,2
Lazuli,4,1
CitiesXL,4,3
PrickPix,4,0
ThriftyThread,4,2
askahacker,4,4
Funiture,4,3
AndrewBird,4,2
nobra,4,1
fortmac,4,1
CillianMurphy,4,1
Autographs,4,4
DendriticArbor,4,1
d_language,4,4
totalrecoil,4,4
engineeringtechnology,4,4
OneShotWarriors,4,0
Cardiology,4,3
girlsday,4,3
shittysuboftheweek,4,4
moba,4,2
AdamandJoe,4,3
VideoGamemes,4,0
loopylizards,4,4
Evanduffy,4,2
Bad_Christian_No_Halo,4,2
awolnation,4,3
anarchocirclejerk,4,2
Lighter,4,2
aperfectcircle,4,2
penismeasured,4,2
videogamemetal,4,3
lakecounty,4,1
sounddesign,4,4
twentyonepilots,4,3
BlueCollarWomen,4,1
PastSins,4,0
hip_hop,4,3
punsr,4,1
ArtistsOfTheStars,4,4
Ichiro,4,0
Barbie,4,3
AverageHeight,4,2
wtfindia,4,2
Higurashinonakakoroni,4,3
Minepoop,4,2
circlejerknyc,4,3
bronies,4,3
sweethoney,4,3
pornstar,4,3
CULITOS_LINDOS,4,1
LipReadableGifs,4,1
CatsInSinks,4,4
Cephalopods,4,2
trancemasta,4,4
sudoku,4,3
groovy,4,3
romaniangirls,4,1
virtualization,4,4
ottawasusedstuff,4,1
movieswap,4,3
championsofthemap,4,2
drummers,4,1
caloriecount,4,3
tortoise,4,4
Integral,4,2
FaceBomb,4,3
Marketing_Made_Easy,4,1
SFWpaintporn,4,2
Allio567,4,2
traditionaltattoos,4,1
isthislegal,4,2
GetItGoing,4,3
blur,4,4
TheInternetBabes,4,1
ExtrabiomesXL,4,0
bih,4,2
humanitarian,4,2
hate,4,2
frugalboner,4,1
OfficialFreeOnes,4,1
xna,4,3
freetalklive,4,2
laos,4,2
tgspodcast,4,1
HPC,4,4
companion,4,4
reddit_notifier,4,3
Radioresepsjonen,4,3
SRSBroke,4,4
tellusofyourgods,4,2
CheesyDnB,4,2
HMP4ALL,4,1
ArizonaBeer,4,3
Winniethepooh,4,2
Caribbean,4,4
koolkidsklub,4,2
cluj,4,1
cleftlip,4,1
MBAGMAT,4,1
MarineLorphelin,4,1
MMOHunter,4,2
CSEducation,4,4
Visualinspiration,4,3
jonesboro,4,3
woody,4,4
predator,4,4
Romney,4,3
SlamMetal,4,2
Slybacongaming,4,1
minimalist,4,2
exalted,4,3
SelectiveColoring,4,1
gooby,4,2
grandtheftauto,4,1
TMJ,4,2
RideAlongDisciple,4,1
googlemusic,4,2
deerhunting,4,3
retrobikes,4,2
creesch,4,1
Cliodynamics,4,1
knifes,4,2
HelloIDrinkKThxBai,4,3
subway,4,4
nudeamateurporn,4,4
SmallNipples,4,1
aircooled,4,3
occupychi,4,4
PhotoBlog,4,2
AltavozDistroCo,4,1
OldPeople,4,2
LibertarianMarxist,4,2
missingstars,4,3
zoophilia,4,3
EIU,4,4
sensiblewashington,4,1
guyjc,4,2
cutcopy,4,2
Hmong,4,3
Vanderbilt,4,3
SwoleIndifference,4,3
classywomen,4,1
mambajamba826,4,1
NDSU,4,2
Multicopter,4,4
crack_addict,4,1
suspension,4,3
gome,4,1
spacecraft,4,2
helsingborg,4,2
negritude,4,1
RedditLabs,4,3
Downloads,4,2
rosshalpenny,4,0
APLit,4,3
realdubstest,4,1
MelanieIglesias,4,2
nhocgreen,4,1
Mylittleforza,4,3
UWindsor,4,2
guyskissing,4,2
aetheism,4,2
storiestogether,4,0
mentalmodels,4,1
black_metal,4,3
Tehurn,4,2
facecat,4,1
PinkyMikeReece,4,2
LifeHacker,4,3
PeePeeMonsters,4,3
CanadianFilm,4,2
SAIT,4,3
mylittlegaming,4,2
futurestuff,4,2
winnipegjets,4,3
Slycooper,4,2
evansville,4,4
snowgirls,4,3
travelwriting,4,2
TE12E,4,1
audiodev,4,1
africans,4,4
saveon,4,3
niwot,4,1
Bungie,4,3
SEOsoda,4,2
Xenoblade_Chronicles,4,3
internal_arts,4,1
Deming,4,1
License_Plates,4,2
altmer,4,1
Logan,4,3
sportmemes,4,3
Footwear,4,1
mildlyannoying,4,2
Retro,4,3
latinaporn,4,2
found_femdom,4,1
khabele,4,1
youtubedoubler,4,0
damageinc,4,2
techsupporthaikus,4,2
TragicallyHip,4,4
ting,4,2
techrecycle,4,4
tdu2,4,2
shrinkingwomen,4,3
TMDRS,4,2
kannada,4,2
fotc,4,3
Muncie,4,4
KnowHow,4,1
benspersonalarmy,4,1
HASHTAG_DANKRAFT,4,2
polevaulting,4,2
Gliding,4,4
SCT,4,2
truerainbow,4,1
joi,4,4
StartupsCroatia,4,1
Library,4,2
Teamecophagy,4,1
pueblo,4,2
lipbite,4,4
DailyDisappointments,4,1
ReBoot,4,4
8string,4,4
bradleymanning,4,4
JLH,4,3
pickup4dykes,4,2
Nztv,4,1
HumanBarbie,4,1
MechanicalEngineering,4,2
SixFeetUnder,4,3
unjustanarchism,4,1
memorization,4,3
avr,4,3
mylittleI_EAT_PONIES,4,1
Ease,4,1
Backtoafrica,4,0
nypd,4,3
2MLG4U,4,3
Reddit101,4,2
soad,4,2
neoclassicalmusic,4,1
WTFJapan,4,4
elca,4,1
monetary,4,2
CyberNations,4,3
DailyMementos,4,1
FakeCum,4,1
okinawa,4,3
thatmomentwhen,4,1
DCdump,4,2
russellcrowe,4,1
OldEnglish,4,3
BritishJewishPower,4,3
EleanorBoners,4,2
SRSDiscussionSucks,4,1
RockClimbing,4,1
productionstills,4,4
change,4,2
Whataburger,4,3
kuruaku,4,0
fuckyascience,4,1
dateyourself,4,2
Brutalist,4,3
NaughtyAlysha,4,1
PandaBoners,4,2
izzard,4,2
healthateverysize,4,3
readmore,4,3
NSFWSpacePorn,4,2
TVnewsbabes,4,2
BritishEmpire,4,1
StAugustine,4,3
steamgreenlight,4,3
CSUC,4,3
TechEducation,4,2
savetheworldpls,4,2
3point5blackcompany,4,2
nakedcelebs,4,3
CaravanPalace,4,3
LasVegasGaymers,4,1
ThisKidWyatt,4,1
Salvia,4,2
gepwnage,4,1
Fingerboard,4,2
corsetry,4,4
snoopdoggiama,4,0
AnnuitCoeptis,4,4
Lyme,4,3
highlander,4,2
Shat,4,1
ava,4,3
Maserati_Cars,4,1
The_Herd,4,2
burgerkingsucks,4,3
RubberNeckers,4,3
dcrideit,4,3
KidNinja,4,2
Landlord,4,1
reportthetrolls,4,3
chords,4,3
dokha,4,3
ThatIsMahogany,4,2
Fahrvergnugen,4,2
Decorah,4,3
itslegalinsomalia,4,2
Risk,4,4
SalemMMO,4,4
girlsfarting,4,2
beasts,4,3
loansforlowincome,4,1
skramz,4,4
knees,4,1
SexyHalfAsians,4,2
crysis3,4,4
cekc,4,1
ausmetal,4,1
bikedc,4,4
henna,4,1
swinburne,4,1
AdultAtlanta,4,2
tf2developers,4,4
hardtrance,4,3
Newbraunfels,4,3
AmyPage,4,1
CeilingBread,4,2
funnu,4,2
hypermile,4,1
Sumerian,4,2
RollerRinkDj,4,1
beautiful,4,2
dutch,4,4
tradingfaces,4,3
highentology,4,1
BowlofLemons,4,4
xss,4,1
Balls,4,3
csbooks,4,2
service_dogs,4,4
directdepositloans,4,1
EarthDisaster,4,1
realmotorcycles,4,0
PSO,4,3
nmt,4,4
SexySluts,4,1
braunton,4,2
SexyYoga,4,1
comedians,4,2
CorpCorp,4,2
eu4,4,2
alphas,4,3
GSP_Photos,4,3
empathhsp,4,1
TESfashionadvice,4,2
socks,4,2
SlimmingWorld,4,3
mythsandlegends,4,4
Metanet,4,3
mongodb,4,3
craigferguson,4,2
SDGaymers,4,2
iphonecases,4,2
SantaMonica,4,4
FLIBBITYFLOOP,4,2
DarwinAustralia,4,4
web_dev_help,4,4
Accessories,4,4
moldysandbox,4,1
conflicts,4,1
TheCulture,4,3
gainesvillemugshots,4,1
TalesFromTheKitchen,4,4
squatting,4,2
Qix,4,2
bravetheism,4,1
albanyfood,4,2
Owsley,4,1
MyLittleSH,4,0
brokengifs,4,4
sesexan,4,2
vpop,4,2
SoloPokes,4,3
TheCure,4,2
recovery,4,4
GypsyPunk,4,4
circlecringe,4,1
emoticons,4,2
woocommerce,4,0
3_D,4,1
bassethounds,4,4
diamondring,4,2
maia,4,2
stroke,4,4
ObjectiveC,4,2
vdealbox,4,1
MitchellLensselink,4,3
moneynhoes247,4,4
EldridgefinancialBlog,4,4
KITH,4,1
Venues,4,1
carlsagan,4,4
childneuro,4,1
Christians,4,3
RosieJones,4,1
UnionCity,4,2
death_metal,4,1
billikens,4,3
slutwives,4,1
gaminglaptopsdeals,4,2
maxisgay,4,3
Blind,4,3
Agra,4,2
ECEComponentExchange,4,2
tuckersleeps,4,1
ilovetheusa,4,3
love2d,4,3
apinasaari,4,2
GoodKings,4,1
arcscraft,4,3
KetoMeatUp,4,4
IslamicStudies,4,2
Acid,4,4
airbrush,4,3
loansselfemployed,4,1
placelearning,4,3
campbellriver,4,2
spelling,4,1
BestOfText,4,4
screenshot,4,1
Prank,4,4
DevonUK,4,1
all_of_fucking_reddit,4,3
bitsters,4,2
ReviewThis,4,3
50ShadesOfRay,4,0
leaninbreakfast,4,1
Smokin,4,1
FifaCareers,4,3
macalester,4,4
Uncomfortable,4,0
ArizonaAutoFinancing,4,1
mylittlekatawashoujo,4,2
EarlyMusic,4,2
liveaction,4,2
TheShins,4,3
mediumformat,4,1
FIFA12,4,3
cryinggirls,4,0
menshealth,4,1
FuckingFish,4,1
DetectiveConan,4,4
WOL4EVA,4,1
alienth,4,1
SicurezzaDigitale,4,1
UnitarianUniversalist,4,2
forfuture,4,1
graph,4,2
LilyC,4,3
Raves,4,3
OnesieBallers,4,1
teksavvy,4,1
gaidhlig,4,2
Dofus,4,4
ElevationGamingMc,4,2
ExtinctionClan,4,0
e_lucas,4,1
indierockplaylist,4,1
plasma,4,3
MovieMistakes,4,2
Crystals,4,3
oneminutepaydayloans,4,1
grapedrank,4,3
quiz,4,4
lookatmycat,4,2
FuckThis,4,3
QuestForMeaning,4,1
Brotega,4,1
7thFloor,4,1
faceswaps,4,3
drseuss,4,2
TidalWaveEnergy,4,1
GMOFacts,4,1
TamilNadu,4,2
donttellserge,4,2
sims,4,2
heterodoxeconomics,4,3
twoupvotes,4,1
AtheistHavens,4,4
tearporn,4,1
r4rSeattle,4,1
thesmiths,4,4
celeb,4,4
Breakdancing,4,3
otaku,4,4
coded_boxes,4,1
QualityAssurance,4,4
its42,4,1
TwistorSpace,4,2
coffeescript,4,4
TinaFey,4,2
loseweight,4,2
forums,4,3
princessbride,4,3
stare_dad,4,1
BlackOps,4,1
videogamedunkey,4,4
Obesity,4,4
Brands,4,4
bookmark,4,1
OrganizingTips,4,3
Banknotes,4,4
gaypornnsfw,4,3
HotEmos,4,1
Mele,4,2
eyelashgrowth,4,2
SeaCreaturePorn,4,3
videogameslimes,4,3
e17,4,2
psychonauts,4,2
Indigenous_languages,4,2
CanadianNetflixBestOf,4,2
churchillsgonewild,4,4
TomatoCo,4,3
DayZBounty,4,1
bloodcrystal,4,1
BeatDrops,4,1
antipiracy,4,0
TribalWarsRTS,4,1
realestatenoida,4,1
steampunk_wallpapers,4,3
TrueSocialism,4,1
newmyspace,4,3
foraging,4,4
Automator,4,4
anarchismsubreddits,4,2
ConspiracyMemes,4,3
asiandrama,4,3
r4rHamptonRoads,4,1
smartpeopletalking,4,1
daschund,4,3
Glencoe,4,2
hippie,4,1
dumondeaubalcon,4,1
IsThereAnyDeal,4,2
literalmemes,4,0
rollerblades,4,1
rightHUGS,4,2
HealthyRecipe,4,2
ragefaces,4,3
lenny,4,1
rocketjump,4,2
Bittorrent,4,3
audiobook,4,3
hajimenoippo,4,4
Busty,4,2
Rania,4,2
santacruzlocals,4,3
mexicogonewild,4,0
wordnews,4,1
MacUni,4,3
FlatheadHighSchool,4,3
autoit,4,3
MarinaAndTheDiamonds,4,4
gayfootfetish,4,3
IBM,4,4
IHadABadDay,4,2
helpmejackit,4,1
SteveJobs,4,2
vancouverdating,4,2
terrariamods,4,1
NSFW_GAY,4,3
BCIT,4,3
SlowMotion,4,3
Wattpad,4,2
victorious,4,3
GivingTree,4,1
juice,4,3
postsecret,4,3
vismay,4,2
AboveandBeyond,4,2
historywitness,4,2
Awsome,4,1
EMed,4,1
poopanuker,4,3
Santiago,4,2
Board,4,4
bf3pc,4,4
dfwgaymers,4,3
TUNES,4,3
milliondollarextreme,4,0
HopeBC,4,1
FunnyYahooAnswers,4,1
biertaucherpodcast,4,1
theatrememes,4,3
NeedVocals,4,3
SLCC,4,2
GameswapAustralia,4,3
Summer,4,4
boysgonewild,4,1
WvWKarma,4,3
science_jokes,4,4
devo,4,3
pokemonrapbattles,4,2
Alicornradio,4,1
PathfinderRPG,4,4
MikeLee,4,1
Catahoula,4,3
Football_gifs,4,2
KeyWest,4,3
Buddha,4,2
cashadvanceloansus,4,1
PAFC,4,2
SalemState,4,2
MetaLog,4,1
penisgore,4,3
evejobs,4,2
culturalfolkrock,4,2
mozilla,4,4
origin,4,2
Anatomy,4,4
Manitowoc,4,4
normanok,4,2
girlpov,4,2
ucmerced,4,2
Deadlands,4,3
SandBoxxit,4,3
pissbanditnation,4,1
Development,4,4
teezan,4,1
beautyreview,4,3
MSUcats,4,4
unity,4,2
WilmingtonDE,4,1
Damages,4,3
46thCorgisMRD,4,0
HeyGuysKevinHere,4,2
CUNY,4,1
StockOptions,4,1
truesarcasm,4,3
uofi,4,3
MIT2017,4,1
delorean,4,3
biodynamic,4,1
missingunidentified,4,1
Vorarlberg,4,2
mylittlespecialeyes,4,3
Delraybeach,4,4
WritersAnonymous,4,2
comfy_chairs,4,0
bbwdatefinder,4,2
diylabels,4,3
FallingSkies,4,3
BarBattlestations,4,3
uhlc,4,1
SaraUnderwood,4,3
llama,4,4
HomemadeVids,4,1
LeagueGiveaway,4,2
soccergaming,4,2
CedarWolf,4,1
Civcraftruins,4,2
metametacanada,4,2
haloforgers,4,1
theweakerthans,4,3
Halestorm,4,1
Santaclaritavalley,4,3
redditbot,4,0
LOLIDK,4,1
SCU,4,0
real_big_ones,4,1
hadoop,4,4
GoneWildPublic,4,0
caffeine,4,3
Lifeguards,4,4
Lasertime,4,1
NickCave,4,1
nowthisisastory,4,1
voyager,4,1
Aerosmith,4,2
tradenudepics,4,2
gamingkickstarter,4,2
orgasm,4,4
MNBarcraft,4,4
euro,4,2
PoliticallyAware,4,2
ventura,4,3
Jung,4,4
Sciatica,4,3
MeanGirls,4,3
bestofdolan,4,1
sciencey,4,1
pixrequests,4,2
MNJobs,4,2
MisleadingTitles,4,2
pune,4,1
NonverbalComm,4,2
Monomythology,4,2
pineappleaeofut,4,1
fiftyshadesofreddit,4,4
AreYouSerious,4,0
rplaylister,4,3
selfgrowth,4,3
Kesehatan,4,3
Scruffyandthelostboys,4,1
AnCap_Investing,4,3
whyredditwouldhateme,4,1
GothicDecor,4,2
Swagg,4,0
Eurodance,4,1
didnothappen,4,2
dripping,4,0
hazmat,4,2
Foxbody,4,2
azerbaijan,4,3
ThePotsGirl,4,1
Bollywoodgirls,4,1
PrivateEye,4,2
suddenly_spiderman,4,1
gridironcoaches,4,1
sharewebsite,4,1
collaborativeliving,4,2
RPGClock,4,0
10guy,4,2
BRAww,4,2
OliviaHolt,4,0
DragonageNSFW,4,2
mGGcirclejerk,4,0
petpeeve,4,1
JetSetRadio,4,4
gainitmeals,4,2
Buyingforbaby,4,3
breadboard,4,3
pangus,4,2
maxpayne3,4,3
baspingo,4,1
MichaelJackson,4,2
DanceTranceDnBMusic,4,1
HWS,4,2
Thruit,4,2
ottawapondhockey,4,3
historyteachers,4,3
dailyprogrammer,4,2
selfteaching,4,1
filmfashion,4,3
FenerbahceSK,4,1
milsurp,4,2
Nomad,4,2
GirlMeetsWorld,4,2
Tyzula,4,1
Jojo,4,3
Poopz,4,1
MenWearingShorts,4,2
SaraJay,4,1
OfMonstersAndMen,4,3
yellowstone,4,3
EllaPurnell,4,0
Fez,4,3
MicroFishing,4,3
machinefunk,4,1
mylittleprogramming,4,4
CalgarySocialClub,4,3
mountains,4,2
Lighting,4,3
helmetporn,4,4
bo2,4,4
mindstorms,4,3
buildaboat,4,2
mypornbdsmlover,4,1
SamanthaBarks,4,3
Prospecting,4,4
UserSupport,4,2
CrestedGecko,4,3
holocaust,4,4
LondonBloggers,4,3
RadicalFeminism,4,1
Norwegianents,4,2
zPocalypse,4,1
Todaysucked,4,3
Reactionjpegs,4,3
thenogirl,4,1
narwhals,4,3
GriffinHouse,4,1
hpbookclub,4,1
hospitalityIndia,4,1
Adult_Webmasters,4,3
FunnyPhotos,4,2
progpower,4,1
Lollapalooza,4,2
caregiving,4,3
photographes,4,1
MassageEnvyCorp,4,1
projectors,4,4
FigureSkating,4,2
formylover,4,2
evo3d,4,4
ToeSucking,4,1
jamcruise,4,2
wcupa,4,4
torontobiking,4,4
freethinkers,4,3
CircuitBending,4,2
GetPumped,4,2
awildzubatappears,4,2
LEGOreviews,4,2
iLoL,4,4
dayzbanditforce,4,3
knightsofnew,4,3
WTFNews,4,3
RfmdBaptChchGod1879,4,3
phillycirclejerk,4,3
Limmy,4,0
locklegion,4,3
thanksmorkle13,4,2
Sneakerz,4,2
snowporn,4,3
SurveyJerk,4,3
Gamera,4,2
Egomods,4,3
metin2saphira,4,4
CultofNihil,4,0
narutosd,4,1
backstage,4,3
1500LoanToday,4,1
adv,4,1
EffectiveAltruism,4,3
thelostcolony,4,2
SomeoneStoleMyShit,4,3
KLeague,4,1
lesbianhair,4,3
ELI50,4,2
CFLconspiracy,4,2
scientists,4,2
CalBarExam,4,2
Earwolf,4,1
maradonia,4,1
AscenionOmaha,4,0
Criminology,4,4
umea,4,2
EdgarAllanPoe,4,2
MinecraftPE,4,3
michellevawer,4,2
bookexcerpts,4,1
bitethatlip,4,1
minecraftclients,4,1
Sugru,4,2
torchdevelopment,4,3
5by5craft,4,1
traingames,4,1
ismyshowcancelled,4,1
PsiUEI,4,2
BackpackColorado,4,3
stapleshigh,4,2
symphonicblackmetal,4,1
foodscience,4,3
Real_Estate,4,1
tripreports,4,3
Pagani,4,1
LGBTreesGoneWild,4,2
thinkyourself,4,1
BlackHistoryPhotos,4,3
sna,4,1
SoundOfTheEnts,4,3
ButtSluts,4,1
malespandex,4,0
BookofBrodin,4,1
Self_Employed,4,1
MichelleMarlatt,4,1
Urbanism,4,4
LeftHandProblems,4,3
wlu,4,1
olineporn,4,1
sipansmommadethis,4,1
NathanFillion,4,2
theflash,4,4
shittyconspiracy,4,4
ammodeals,4,0
BoatGirls,4,2
musicbabble,4,4
Hellavated,4,4
textart,4,1
BiPolarBonechewer,4,3
gayming,4,4
redstatereds,4,3
Algebra,4,3
kevin_smith,4,2
youregonnaloveme,4,1
treesgaming,4,3
gamingforleisure,4,3
tvadicto,4,2
Stoyaxxx,4,4
revolutionNBC,4,1
BroTeamPill,4,0
1minutebadcreditloans,4,1
Shapes,4,3
titler,4,4
karaoke,4,3
DVC,4,3
sexygirlvideos,4,1
armchaireconomics,4,1
urmum69,4,2
VehiclePerformance,4,1
financial,4,4
blasphemy,4,3
acronyms,4,1
FizGaming,4,0
PreWarBlues,4,1
KaliHawk,4,0
newreddit,4,2
humboldtstate,4,2
Antipsychiatry,4,3
Poststructuralism,4,2
pygame,4,2
Mini14,4,3
Sex3PointZero,4,1
ArtSphere,4,4
sblock,4,3
auscomics,4,2
MitchHedberg,4,3
ClassicBabes,4,2
BOINC,4,2
fre6123,4,4
thirdworldproblems,4,2
klr650,4,3
nihon,4,1
AirTight,4,2
whofanfiction,4,2
thatiscool,4,1
pdf,4,4
Basenji,4,2
WorldofWarplanes,4,2
basis,4,2
fantasymma,4,2
realhiphop,4,3
Nasus,4,0
The_Great_Outdoors,4,1
chicagohouse,4,1
SmartBets,4,1
fortran,4,3
parkinsonsdisease,4,2
nflspeechanddebate,4,1
veterinarian,4,2
picsforants,4,2
magictrade,4,2
MinasGerais,4,0
latina,4,2
albury,4,2
publicnakedness,4,1
xanieth,4,1
ComeUndone,4,1
TheMassive,4,4
ComposeThis,4,2
brickfilmers,4,3
unswap,4,3
ants,3,2
MedievalRP,3,1
Judaismo,3,1
strikedebt,3,3
t:heatdeathoftheuniverse,3,3
Random_Acts_Of_Sex,3,1
Gnostic,3,3
JustSayin,3,1
ffffagtest,3,1
Footpaws,3,1
spyparty,3,1
deadmanwonderland,3,2
quant,3,2
kittenpidgin,3,2
heman,3,3
LGBTireland,3,2
ShadowWalk,3,2
sebastopol,3,2
Chicken,3,1
TwoStepsFromHell,3,1
springhillcare,3,2
24hSC2,3,3
SpaceBUild,3,2
sonen,3,0
zeuhl,3,3
southcampus,3,2
MovieQuotes,3,0
Draven,3,3
Earthrise,3,1
premeduk,3,3
Lucasgordon,3,2
Curry,3,3
zaftig,3,3
TodayIBeatTheSystem,3,2
Drift,3,1
BackwardsTidder,3,1
Teeth,3,3
twogirlsonecat,3,2
menslegs,3,2
OverlyManlyMan,3,2
nogangs,3,2
PriceChopper,3,1
SuddenlySong,3,1
gentlemenscirclejerk,3,3
dmgice,3,1
shetland,3,2
FoodPick,3,1
JillensLetsPlay,3,2
NSU,3,1
racecrashes,3,3
Selfjerk,3,1
trichotillomania,3,1
freakazoid,3,2
youngadultbooks,3,3
LeagueOfTryHards,3,1
Anarchosillies,3,2
ragnacraft,3,1
Parenthood,3,2
cardhunter,3,1
QueensCollege,3,2
maru,3,1
leoc,3,1
etro,3,3
testpac,3,3
GoneMild,3,1
SRSasoiaf,3,3
ffffuuuuuuuuuuu,3,2
dolanjerk,3,2
FAAF,3,1
UkuleleTabs,3,1
HotPoonTube,3,1
alphaandomega,3,1
Nelsonnz,3,3
GirlsWithBuzzCuts,3,1
xoom,3,2
legotrade,3,1
Hobbits,3,1
ArmedBirds,3,2
Assyria,3,2
penaddict,3,2
biggreenegg,3,2
reddithelp,3,2
xmonad,3,3
jwproblems,3,3
lilwayneskateboarding,3,1
UniverseProject,3,1
fantasyrpg,3,0
Nailpolish,3,1
cpx3,3,2
bengalcats,3,3
geologygonewild,3,3
Gatineau,3,3
jonnygreenwood,3,1
Underwear,3,1
planescape,3,2
LeagueofNations,3,2
BrotherCousins,3,1
IdMcServer,3,2
BoiseShows,3,2
lyraandbonbon,3,3
whatwouldyoudoif,3,2
TDSMyself,3,0
Daihatsu,3,2
ThisAmericanLife,3,2
AlysonHannigan,3,1
holistic,3,3
AskRedditGaming,3,1
CallMeMaybe,3,2
Intertainment,3,3
SurfSD,3,2
Viaggi,3,3
ShittyMachinePorn,3,3
laundryview,3,3
LearnANewLanguage,3,2
jockmar,3,1
monacoismine,3,3
ketogonewild,3,1
DoomMods,3,1
SadiePuchus,3,1
batenkaitos,3,0
4X_Academy,3,1
MonmouthUniversity,3,2
Fightingandshit,3,1
Infographs,3,2
politicsdebate,3,2
themes,3,3
mutualbenefit,3,2
C_Realm,3,1
3rb,3,2
TheDearHunter,3,3
bonus,3,1
pnwriders,3,2
freebiesandsamples,3,1
pharmacyreviews,3,1
naytown,3,2
dp_dr,3,1
Hairy,3,2
DMTMH,3,3
nzgonewild,3,3
CelebsWithoutMakeup,3,1
mlbtheshowleague,3,2
kinkysmartporn,3,3
MarilynMonroe,3,0
BaconitTestingReddit,3,1
OffTheGrid,3,1
mrmemes,3,0
chaphop,3,3
desiads,3,3
Shooping,3,3
vforvoluntary,3,2
NAIT,3,3
jennahaze,3,2
dyingsub,3,3
SHINee,3,3
HTCEVO,3,2
salmahayek,3,2
Hardboiled,3,3
Betaworld,3,2
alpaca,3,3
DiabloRu,3,0
datamining,3,2
doctorswithoutborders,3,2
Tennesseer4r,3,2
notafakesubreddit,3,3
tlhInganHol,3,3
Farlandsorbust,3,2
Wasteland,3,2
GoT2DayZ,3,1
medicalprogramming,3,3
WinstonJerk,3,2
OutdoorFitness,3,1
Cool_Cats,3,1
Wayward,3,1
japanrock,3,2
MotivationalVids,3,2
Somalia,3,0
thepeachtree,3,2
JoshRitter,3,2
JuggaloBronies,3,2
systema,3,2
DreamJournal,3,1
Juneau,3,3
Gentoo,3,3
WhatIJustJerkedTo,3,1
Salisbury,3,1
schweden,3,1
GoodPersonism,3,1
ranma,3,2
Psychedelics,3,2
karmacidewatch,3,2
HowsYourJob,3,2
reactionGIF,3,1
gamification,3,3
Dragon,3,1
calupa,3,3
JohnMayer,3,3
THATISFUCKINGAWESOME,3,3
skin,3,3
traumatheory,3,2
crafting,3,2
Zacatecas,3,1
fceyn,3,3
picsofreggie,3,0
Jelqing,3,1
GayForReddit,3,2
UrbanSurvivalism,3,2
MTGTournaments,3,1
WriteToYourMP,3,2
Childhood,3,1
Ocala_Florida,3,1
tir,3,2
macsysadmin,3,3
avatargifs,3,1
Skullcandy,3,2
Shenmue_,3,2
WeirdSubreddits,3,3
powerpoint,3,2
SoftwareEngineering,3,2
Concertpics,3,2
ragelationships,3,2
nihilist,3,0
asd,3,2
DesignCirclejerk,3,2
woot,3,3
coloradohikers,3,3
physicsbooks,3,3
PartyAnimalz,3,0
Auir,3,1
eyepics,3,1
CashSurveys,3,0
Scentsy,3,1
Foxmemes,3,1
VGHS,3,3
Putin,3,2
FreeHugsGaming,3,3
CALLISONPORN,3,2
Mia_Sollis,3,2
learntodraw,3,0
Shenmue,3,3
Deliberative,3,3
BobMarley,3,2
airjordans,3,2
Beyblade,3,2
kokomo,3,1
ottawapathfinder,3,2
RAWRWAFL,3,2
squidsgonewild,3,1
SeattleMusicScene,3,3
DarkPsy,3,1
carnival,3,3
PhotoshopCreatures,3,1
Austrian,3,3
IndieGo,3,1
ucfdiah,3,1
musiciwouldbuy,3,1
iApple,3,1
toonmusic,3,1
PremiumAccounts,3,1
nevermindthebuzzcocks,3,2
inthegroove,3,2
TextingAdvice,3,2
Nomeansno,3,1
captchacomics,3,2
CircleJerkArizona,3,1
fitnesssrs,3,1
jptjaaaa,3,1
Christchurch,3,1
askmedicine,3,2
RanksUrLawls,3,2
RestOf,3,3
AdviceForTeens,3,2
stephenbailey,3,2
punkvinyl,3,3
treesactivists,3,1
sly,3,1
demsocialist,3,3
JudgeMyAccent,3,3
Superbowl,3,2
options,3,1
seashanties,3,2
tenchi,3,2
Catrap0,3,1
nohoverhands,3,0
TelexFree_Vivi,3,2
neoprogs,3,2
HowDoISound,3,0
AquaTeenHungerForce,3,3
EmilieAutumn,3,3
SurfacePorn,3,2
JamesSharpe,3,3
imvu,3,3
virginients,3,3
securityseals,3,1
70s,3,2
genewolfe,3,2
NewPortNotch,3,1
quickloansnocredit,3,1
Mints59,3,1
Ellen,3,3
Jazzmaster,3,0
Noobtube,3,3
numberwang,3,2
theunheard,3,2
Pope,3,3
Orangeporn,3,1
edeneternal,3,2
UrbanRivals,3,2
GalaxyTab,3,3
aal,3,2
cranes,3,2
JohnLennon,3,3
Z3F,3,0
DungeonDefendersV,3,1
LaTrobe,3,2
Mylittlebookclub,3,1
knuspermagier,3,3
BestOfPedantry,3,2
battlemaps,3,3
stcatharinesON,3,2
alcoholicacceptance,3,3
NationalAnthems,3,1
lionking,3,3
DvilleGA,3,2
MyLittleFighters,3,2
Iamagiantfaggot,3,1
Toastmasters,3,3
xbox360games,3,2
VIWA,3,1
Pillows,3,2
burnouts,3,0
checkthisout,3,3
PieCharts,3,2
NoMusic,3,2
blackrockshooter,3,3
SeeingUFOs,3,1
csssuxxx,3,1
OuyaITALIA,3,1
jesselablog,3,1
junkfood,3,3
menstruation,3,2
U2Fanpage,3,1
Freeskiing,3,2
Requian,3,2
SmarterEveryDay,3,2
memphisgrizzlies,3,1
piratetalk,3,3
jimihendrix,3,2
Partytricks,3,3
SecurityCirclejerk,3,3
matthewgraygubler,3,2
YouMeAtSix,3,1
CruderMax,3,1
CouchSurfingEnts,3,2
Osteology,3,2
CSpromod,3,1
RyanLochte,3,0
mensa,3,2
6degreesofsocceration,3,3
fffffffuuuuuuu,3,1
infiniteapples,3,2
w36tw,3,2
timmins,3,2
Rothschild,3,1
swimbaitfishing,3,1
truebits,3,1
marathi,3,3
White_Pride,3,2
earlymusicalnotation,3,1
inmemoryof,3,1
guitarplayers,3,2
Whittier,3,1
japanese_adult_idols,3,2
types,3,3
UNAM,3,1
anticreationism,3,0
beeriadolia,3,3
PhoenixSuns,3,3
shorttermloansus,3,1
reddicacsstest,3,2
gospel,3,3
ShadowCreed,3,1
wallawalla,3,1
absurdity,3,1
Jeeps,3,3
antiqueappraisal,3,1
mmgs,3,0
MRI,3,3
cuteguyswithcats,3,2
WhatsNew_NSFW,3,1
chaplaincy,3,1
slavs_squatting,3,0
Dust,3,2
tickling,3,2
GT5graphy,3,3
kaiju,3,3
Popular,3,1
chennaicity,3,1
personalloansus,3,1
lemonkeyface,3,1
biologygifs,3,2
NFLOffTopic,3,1
Passwords,3,1
PRINCE,3,2
Regulartrees,3,1
homebrewingpics,3,3
antigravity,3,2
wearethelightmakers,3,3
sixflagsovertexas,3,1
SubscriptionBoxes,3,1
360training,3,1
FiveDollarGigs,3,0
SaintSeiya,3,3
MaleStudies,3,2
SMH,3,2
bellevue,3,3
classics,3,1
hhhhhhhhhh,3,3
TVTheFarm,3,2
VancouverIsland,3,3
PencilsGoneWild,3,2
circlejerkDC,3,1
textadventure,3,3
offensive,3,0
trueleague,3,0
TurtleTonguePorn,3,3
Striptease,3,3
SingleLesbians,3,0
TeaseAndDenial,3,2
Simtages,3,2
quickjobdone,3,2
FreeEnergy,3,1
armoredcore,3,2
4WordAlbumReviews,3,2
advancedmg,3,1
lamborghini,3,1
UWEauClaire,3,2
binaural,3,3
FirstAidCourse,3,2
diabeats,3,3
fiji,3,2
mymorningjacket,3,3
blackfriday,3,1
horrorfilmfans,3,2
FOI,3,1
warpedtour,3,1
GradeMe,3,2
aigilas,3,1
furlounge,3,2
ShittyIFTA,3,1
Chitarra,3,1
eroge,3,3
fuckthepolice,3,3
WhatTheFrog,3,2
llamapicrequest,3,3
LazyStudents,3,3
stuff4sale,3,1
GreedMonger,3,2
LongTermLoans,3,1
Jericho,3,3
bike,3,1
youtubegaming,3,3
PollSpamming,3,3
Proto,3,0
boudoir,3,2
Douggins,3,2
EposSystems,3,1
Wakeboarding,3,3
prestashop,3,2
ows,3,3
uavs,3,1
classiccartoons,3,2
management,3,3
artgasm,3,1
bebop,3,3
womenincapes,3,1
shill,3,2
Xenuria,3,1
Pelicans,3,1
DEADB33F,3,1
ClannadDiscussion,3,0
potatoworldproblems,3,1
vgdc,3,2
watchthis,3,2
TrulyOffbeat,3,1
egestion,3,1
DrWhoRage,3,1
canvasrider,3,3
rhino,3,3
r4rOntario,3,0
phonerepair,3,3
thebiglebowski,3,0
Minarchy,3,2
LightNovels,3,3
AppleValley,3,3
GlobalDevelopment,3,1
ovh,3,2
awkwardislipkids,3,1
niggas,3,3
FallenLeafCommunity,3,1
InternetRaceWar,3,1
northamptonians,3,2
heelys,3,1
NBCredditTV,3,2
paurav,3,0
UMiami,3,3
studying,3,3
Cinema,3,3
Buffalostate,3,1
vancouvercycling,3,2
JohnnyCash,3,2
Cursive,3,1
winterdrivingporn,3,2
PS3F1,3,1
VoicesofCOCO,3,3
Fascism,3,3
Converse,3,3
worldcup,3,1
Throatfucking,3,1
Explosiongifs,3,2
fuck_kjoneslol,3,2
rdio,3,3
funnygaming,3,1
UWBA_EL,3,1
internetdefense,3,3
EdwardsBModelCongress,3,2
SFA,3,3
hispanicmusic,3,3
RadiolabPodcast,3,1
chat,3,3
somethingforkate,3,1
onejob,3,3
BOAT_SelfShots,3,0
napa,3,2
samp,3,3
DMA,3,2
DankMusic,3,2
baseballstats,3,3
Skeptitard,3,1
beinghuman,3,3
Seafood,3,2
doesanyoneelse,3,2
Raccoons,3,2
richarddawkins,3,2
99gamers,3,1
LiveMusicCapital,3,3
bikehouston,3,1
DirtyFranks,3,2
CharlotteMusic,3,2
gayfacebookfights,3,0
redkosmos,3,1
KylieJenner,3,1
ayreonauts,3,2
gamingreviews,3,3
christianhiphop,3,1
exetercityfc,3,2
AlanKeyes,3,2
meh,3,2
research,3,2
scifi_bookclub,3,2
officetrivia,3,3
christianmazur,3,2
Outerra,3,1
TYT,3,3
MUUUUUUUY,3,2
Invisible,3,2
utulsa,3,2
selfpics,3,1
FCInter,3,2
misusedmemes,3,2
stackers,3,1
shitshitshit,3,2
Wintersun,3,2
Parabellum,3,1
AlbanyGA,3,1
alphacentauri,3,2
hypotheticals,3,2
FemjoyBabes,3,1
Kevin,3,3
pawwlitics,3,1
VictoriaRaeBlack,3,3
NFLFilms,3,3
MexicoCity,3,2
anarchocommunism,3,1
thesingleinsight,3,1
adaytoremember,3,2
digitalanthro,3,2
MusicEd,3,2
asianskicking,3,1
ThugLifeLivin,3,2
NUIM,3,3
bmovies,3,1
paydayloansinstant,3,1
neweconomy,3,1
PacificRim,3,1
loanstodaynofees,3,1
ereader,3,3
BitcoinWitnesses,3,2
IngressPL,3,0
haloEU,3,2
CyclePDX,3,3
perfectworld,3,1
ukbass,3,3
Umbrella,3,0
SanDiegoSeddit,3,2
shittyredditmovies,3,3
leafssuck,3,1
CSULA,3,2
gothiccountry,3,1
cripplingorgasm,3,1
GirlswithPubes,3,1
ima,3,2
Chicago_Burbs_Punk,3,1
dickpickles,3,1
couchcraft,3,1
AskSciTech,3,3
Yakima,3,1
amherst,3,2
RDDT7,3,3
paydayinstallmentloan,3,1
adwords,3,3
Devine,3,2
Kyle,3,3
Chodetown,3,1
peasants,3,0
BrowncoatsGuild,3,2
sheandhim,3,2
ActualJailbait,3,2
SRSPets,3,3
monthlyloansnocredit,3,1
AirsoftSocietyCJ,3,2
repair,3,3
Nevergrind,3,1
InfectedMushroom,3,2
CoolStoryBro,3,3
PrinceOfPersia,3,3
lifeprotip,3,3
power,3,3
jeuxvideo,3,3
NERD,3,2
AmateurWriting,3,2
MoreheadState,3,2
bandslikethis,3,3
giffgaff,3,2
SRSReallySucks,3,2
TrayvonMartin,3,1
LessWrong,3,3
MassEffectmeme,3,3
dearpenthouseregrets,3,1
alternative_right,3,2
slapbass,3,1
Scoobydoo,3,3
Keller,3,2
Arousing,3,1
gameplayvideos,3,2
KNEX,3,3
metasploit,3,1
Mobile_Marketing,3,1
NewPaltz,3,2
reformstorm,3,3
theleague,3,3
mystery,3,3
technologie,3,2
gamecasters,3,0
anvilporn,3,2
legionsoverdrive,3,3
tearbending,3,2
bulkmail,3,3
coolpicturesoflava,3,1
XFactorUK,3,2
ProjectReddit,3,2
RoTinHell,3,2
IsabelleFuhrman,3,0
nonnudehotties,3,0
casualcitrus,3,1
YouTubeGamers,3,3
toc,3,3
BrowserGames,3,2
realizations,3,2
Poleriders,3,3
Villas,3,2
vancouverents,3,2
MeatGoat,3,1
LeagueOfGiveaways,3,1
foreignservice,3,3
GodIFuckingHateRTrees,3,1
valdostastate,3,1
rockstar,3,3
Falloutart,3,1
mylittlehomestuck,3,2
MorgantownWV,3,3
designcritique,3,1
complexsystems,3,2
LLVM,3,1
hiphopfightsback,3,2
ukgarage,3,3
RidiculousHS,3,1
Camarilla,3,3
todayifoundout,3,1
WestTN,3,3
Schranz,3,1
emusagdev,3,2
bladeandsoul,3,2
SRSkink,3,2
CopperFlurry,3,1
mwotactics,3,2
moderatelyinteresting,3,2
DennisQuaid,3,1
Coil,3,1
StallionStuffers,3,1
Tragedy,3,2
wwww,3,3
habbo,3,2
Zoids,3,2
ukcirclejerk,3,3
RiddlesForRedditors,3,1
AIcar,3,2
YODO,3,2
Charvel,3,2
skryim,3,0
AnalWreakage,3,3
Juventus,3,1
LocalNews,3,2
SFMwithPaul,3,1
healthcareloans,3,1
redacted,3,3
PaulMcGann,3,2
consumerhacks,3,3
pigeon,3,3
Ebony_BBW,3,2
mirainikki,3,2
Busstopporn,3,3
SilkyTerriers,3,1
Redditpitboss,3,3
RideitRelay,3,2
lazynews,3,1
GoodGuysWithGuns,3,0
12monthcashloans,3,1
poketheism,3,2
gonewildflicks,3,0
randomactsofbicycle,3,2
csusm,3,2
takeSomeCrime,3,1
Jiwoo,3,2
studymotivation,3,1
RedditForGrownups,3,2
bob,3,2
ButlerU,3,2
AGENDA21,3,2
needcashnownojob,3,1
Cytherea,3,1
boobstrap,3,1
teachersofhistory,3,1
BaguettesInButts,3,3
ArtBlogs,3,3
Shropshire,3,3
modrunk,3,2
monthlyinstallment,3,1
srsdolan,3,3
DeadDoves,3,3
gsgis,3,1
MusicStreaming,3,2
ECON125,3,0
thingsonmydesk,3,1
Rapverses,3,1
UMSL,3,1
bench,3,3
timetravelpragmatism,3,1
bushido,3,3
atmosmusic,3,2
mutetheleft,3,0
shitrobloxsays,3,3
GameswapEurope,3,1
gender,3,3
ColumbusGA,3,2
Cebu,3,2
Miyazaki,3,3
Italianswithfood,3,2
sitngo,3,0
BiteMyTorrent,3,1
STLr4r,3,3
HetaOni,3,1
RTX,3,3
imgtest,3,1
hiphop101,3,3
ScaredToDeath,3,3
scad,3,2
Pies,3,3
ontrees,3,1
HelloVenus,3,2
killalltheniggers,3,2
journey,3,3
bradenton,3,3
askreddi,3,1
throwing,3,2
TF2replay,3,2
orsonscottcard,3,2
Woah,3,1
IllinoisAutoFinancing,3,1
uwf,3,3
UKGaymers,3,2
BFBC2,3,1
ambientgifs,3,1
tlyr,3,2
teleglitch,3,1
Dimmy,3,2
BigBreasts,3,2
fogporn,3,2
DoubleliftSays,3,1
OnlineShopping,3,2
Aircraft_History,3,3
jessVSmoonflower,3,2
GreenGrass,3,1
mfdoom,3,2
cantsleep,3,2
ProGMO,3,1
BroJesus,3,1
chicagobears,3,0
tanks,3,2
DoubleTitfuck,3,2
darkjazz,3,2
NapExile,3,2
laaabaseball,3,1
bridge,3,3
Guyshots,3,1
ihatecats,3,3
Honolulu,3,1
fxKorea,3,3
CricketDesign,3,1
talesofretail,3,3
artistmeetup,3,2
revelations2012,3,1
atp,3,1
installmentloans1,3,1
Idoser,3,2
trancemeta,3,1
Drunkgaming,3,3
dogspeak,3,1
subreddit_theming,3,1
PhotoshopRequest,3,2
notinterestingatall,3,1
ronswanson,3,2
companies,3,3
ThisGameOrThatGame,3,3
rugc_dirtysouth,3,3
authors,3,3
T3D,3,2
Floydism,3,1
sinterklaas,3,0
LexiBelle,3,0
linksforpatrick,3,2
AustinCSS,3,1
Newbwriters,3,3
Gaynime,3,3
Kidcrab,3,1
devilsdictionary,3,1
chubbyshemale,3,0
AmateurFoodPorn,3,2
Iworkatarestaurant,3,1
MinnesotaBurns,3,2
lgbtHavens,3,3
PixelBeauty,3,1
PLoungeCraft,3,2
converts,3,3
Stratocaster,3,3
Boners,3,1
gamewallpaper,3,2
futurespike,3,3
achron,3,1
im12andwhatisthis,3,1
PeopleEatingFruit,3,0
MsPaintComic,3,2
DayOfDefeat,3,2
worldnews2,3,3
pleasanton,3,3
Blackrats,3,1
fanshawe,3,0
Blackbelt,3,1
funnycomments,3,2
GunsNRoses,3,2
musicplaylists,3,3
CivilRightsIssues,3,1
Secguards,3,3
Creepaloo,3,1
beemsum,3,2
ActiveWorlds,3,2
PTcirclejerk,3,2
antipedophilebigotry,3,1
ResearchinMotion,3,3
inessentials,3,2
500BlocksServer,3,1
TheThesisProject,3,1
AnthroJessPics,3,1
Redditting,3,1
dci,3,3
scaley,3,2
mathjerk,3,1
caroftheday,3,2
superfurryanimals,3,1
LetItOut,3,2
familyguygifs,3,1
cratart,3,1
mobilesec,3,3
BookWallpapers,3,2
AskReligion,3,2
AustralianTV,3,1
inventors,3,2
Booze,3,3
dieting,3,2
dreamjobs,3,1
kingofqueens,3,2
sharestuff,3,2
AnzaBorrego,3,1
CrackRock,3,1
stickfigure,3,1
exam,3,1
Conflictted,3,3
shezow,3,2
cleanrage,3,2
AjaxAmsterdam,3,3
toffeecircus,3,1
Grokr,3,0
zalgo,3,3
Redbox,3,2
maroon5,3,3
teapotfetish,3,2
rickroll,3,2
SmallTimeFilms,3,1
NxD,3,1
randomgifts,3,0
jncojeans,3,1
Shittychatuplines,3,2
kimtaeyeon,3,3
ukpaydayloans,3,1
Cuttershy,3,1
gamers,3,2
interracial,3,1
CommunityManager,3,2
clonepics,3,1
treeplanting,3,2
COBike,3,2
melbournemusic,3,2
floorpics,3,2
CountrysidePorn,3,1
truesteampunk,3,2
BroadSoft,3,1
uxbridge,3,3
bootybounce,3,1
fatpeoplewithswords,3,1
FeMRA,3,1
Diecast_model,3,1
forever_a_steve,3,2
Reposts,3,2
pocketknives,3,3
Longmont,3,2
UKConservative,3,1
gameai,3,3
vegproblems,3,3
marilynmanson,3,2
frenchrap,3,3
MetaChina,3,1
fcporto,3,1
theholdsteady,3,1
groezrock,3,1
JacksFilms,3,3
UQAM,3,1
chromeapps,3,1
masspirates,3,1
CargoCommander,3,1
howlook,3,1
non_unique_grow,3,1
fiero,3,1
KiDIcaruS,3,3
NZOutdoors,3,2
Naso,3,3
MC_Terraforming,3,1
NoCredit,3,1
AgingRedditors,3,3
nerdstalgia,3,3
PrivateArtCollections,3,0
rmit,3,3
wicked_pubes,3,1
RedditWallpapers,3,1
EmmaTheComic,3,2
vvx,3,2
SL61,3,0
mixedrace,3,2
nightlife,3,3
gonewildarduino,3,1
TheFriendlyGreek,3,1
protest,3,2
onlyeverwhensky,3,0
deviants,3,1
LynnwoodWA,3,3
SnazzyGaming,3,1
Critique,3,2
virginmobile,3,3
Jesusinsandals,3,2
Wta,3,1
TheStrokes,3,3
Benefits,3,1
gamingachievements,3,1
starcitizenaustralia,3,2
ucfDigitalMedia,3,2
conversation,3,1
SocialNetworkHotels,3,1
Erasmus,3,2
PokemonConquest,3,2
Lions,3,2
UCL,3,3
HeroesofGalderon,3,0
Codecademy,3,2
JoeyDiaz,3,2
TodayIFelt,3,2
TrueInternetAMA,3,1
XenoGears,3,2
lastallianceuofa,3,2
apatheism,3,3
AceAttorney,3,3
SoupClub,3,2
i3wm,3,3
eastboundanddown,3,3
Sissy,3,2
Shit_My_Toilet_Says,3,1
t:1990s,3,3
landscape,3,3
TANcast,3,1
PowerElectronics,3,2
painbow,3,2
CartoonLogic,3,2
phillyr4r,3,0
freetherapy,3,3
NekoArc,3,1
googleplay,3,2
thomyorke,3,1
RetailRage,3,0
sitecoredev,3,1
Hemophilia,3,3
yourreddit,3,1
ConcordiaNebraska,3,2
Gone,3,0
unatheism,3,2
yonkers,3,2
BalloonSex,3,1
hack,3,2
TheAgora,3,2
imagelair,3,2
Candalf,3,1
TwiShy,3,2
ItsNeverLupus,3,2
tearjerking,3,2
FSAE,3,3
zeddit,3,3
yuma,3,1
BDSMelectrical,3,0
salesforce,3,1
CatHaters,3,3
arcadefire,3,2
mylittlecrossover,3,3
LookAtYourKids,3,1
RASalvatore,3,3
moviereview,3,1
gemmaatkinson,3,1
ReZound,3,3
aparttheblue,3,1
WeeklyWrapUp,3,1
snacks,3,0
chi,3,1
marvelheroes,3,2
Hollerado,3,2
intel,3,2
LivingDeadDolls,3,0
SupercarPorn,3,1
boisetrees,3,2
ZionistShill,3,1
de_comedy,3,1
wiki,3,2
harshtruth,3,2
patentexaminer,3,2
Sketch,3,2
MoonLightened,3,1
buns,3,3
themaine,3,1
joke_away,3,1
endangeredlanguages,3,2
beardacceptance,3,2
MarkRuffalo,3,2
nonprofitproblems,3,3
Montessori,3,1
Regensburg,3,1
foodworld,3,1
Livermore,3,2
Athiens,3,2
glutenfreeveg,3,2
opiesucks,3,2
kites,3,2
FunnyAndIntelligent,3,3
TreeConnoisseurs,3,2
waypointserver,3,2
charities,3,3
CNU,3,3
pghthrowawaytest,3,1
soviet,3,3
Guadalajara,3,1
RandomActsofGiving,3,0
metalgearrising,3,3
RedditTaxiForce,3,2
eschatology,3,2
gizmobay,3,2
d3js,3,1
uktreesmeets,3,3
ChainStories,3,3
IrelandGames,3,1
SodaStream,3,2
Shimer,3,3
brooksfillipin,3,2
juliusaurus,3,2
ConcretePorn,3,2
bestofcraigslist,3,1
storiesofdreams,3,1
vinyljerk,3,3
Tambourhinoceros,3,1
poor,3,2
IceHogs,3,1
tutordynasty,3,2
solaris,3,2
shiterarycriticism,3,2
DirtyCornography,3,1
azores,3,1
asktheidiots,3,1
baconwest,3,1
ObscureReddit,3,1
henryottemp,3,1
LovingReddit,3,0
ypp,3,3
UAH,3,2
hishamtemmar,3,2
postgrunge,3,1
Flygon,3,1
latinos,3,2
DannyBoy,3,1
alexpaulitorium,3,1
NDE,3,1
Undergroundsound,3,1
SingularityNetwork,3,1
skateboardcirclejerk,3,3
Transex,3,1
IrishTenorBanjos,3,1
PatrickWolf,3,1
zzzz,3,2
unboxing,3,3
radelectrical,3,1
Arbiterlegion,3,1
Raceit,3,3
publicmodlog,3,2
kardashian,3,3
single,3,3
Timberwolvespractice,3,2
lapeer,3,1
abbottandcostello,3,2
telecom,3,2
Fukushima,3,2
kinbaku,3,2
kilteddrummers,3,2
modtools,3,2
rittering,3,3
wegmans,3,3
TattooWatch,3,2
MeditativeSelfM,3,1
dustinhayes,3,1
Hue,3,3
WorldGolfTour,3,1
AVGN,3,3
brighteyes,3,2
cine,3,2
picswithoutcontext,3,1
genetic_algorithms,3,2
kyarypamyupamyu,3,2
500smallloansus,3,1
animatedragecomics,3,1
Redlands,3,1
Chevelle,3,2
EvilDead,3,2
dalmatians,3,2
Jerry,3,3
stevenwilson,3,2
VRCSS,3,1
Robzombie,3,1
csgoworldTV,3,1
fellatio,3,1
Smashing,3,3
ballparks,3,3
assasinscreed,3,3
LoomKnitting,3,2
UTFootball,3,2
HawaiiJobs,3,1
shorttermloans,3,1
CCAD,3,1
margot,3,3
holdthehead,3,0
LittleDigPlanet,3,2
PrimeFreebies,3,3
dfafsdfasdfasdfsad,3,0
ComputerClassWithMrH,3,1
RNBA2KFantasy,3,1
AmanitaDesign,3,1
optionstrading,3,1
Derailed,3,1
jalapenos,3,1
StLouisBiking,3,3
rGamingLogo,3,3
fordhamprep,3,2
greenland,3,2
bismarck,3,0
Maltese,3,1
moddingsandbox,3,2
ShittyVideos,3,1
drumfunk,3,2
bmxracing,3,3
MortalEngines,3,1
Puke,3,2
area51,3,3
OnyxBlade,3,2
swagga,3,0
Danisnotonfire,3,2
Disgaea,3,1
LadyCreepshots,3,1
AMTTWPSAMBCO,3,1
xcalizorz,3,1
YSU,3,2
eureka7ao,3,3
onmychest,3,2
Planespotting,3,2
lpmc,3,2
SydneyTrees,3,1
HighSchoolBasketball,3,1
BJJSeminars,3,1
performer,3,2
haxball,3,1
Ollerus,3,2
AmayaAintPlayinYo,3,0
Holly_Willoughby,3,2
DetroitSports,3,2
funnyfartstories,3,3
safc,3,2
AskIndia,3,3
living,3,2
PicsOfCanineVaginas,3,1
investment,3,3
1care,3,1
FreeGaming,3,1
weddingsover10k,3,2
Compilers,3,1
bitrary,3,0
dustycomputers,3,0
classyanddrunk,3,3
UAB,3,3
PartialBundleSwap,3,2
apptivo,3,2
festivus,3,2
GavinQuotes,3,1
MexicoIAMA,3,2
StSimonsIsland,3,3
beemers,3,1
usefulscripts,3,2
zerocarb,3,1
lemonz,3,0
catsfalling,3,2
Campaigns,3,2
CollegeAcademics,3,1
AlexogRasmus,3,2
horsebackriding,3,3
bbwbikinis,3,3
injuries,3,1
gentlemanbonergifs,3,3
nonprofits,3,1
LANL_Arabic,3,1
Decor,3,3
youtubebabes,3,2
ChicagoStandUp,3,3
lusciousladies,3,2
ROIO,3,1
FishingAustralia,3,1
glastonbury_festival,3,1
Hitchcock,3,2
sciencepolicy,3,3
drawaday,3,1
tokipona,3,2
JamesBond007,3,3
AeonMagazine,3,1
sexybatpics,3,3
WTFGAMING,3,2
CulturalHeritage,3,2
HopeForTheHumanRace,3,2
FacesOfDisgrntld,3,2
TaleoftheRobotWizard,3,2
austinchampine,3,3
areyouYOLO,3,1
vanguard,3,2
ConservativeLadies,3,3
DreamAnalysis,3,2
pirates,3,3
Militaryraging,3,3
Perreo,3,2
NONSENSE_MATH,3,1
affirmations,3,1
MyLittleHalo,3,2
Streamzoo,3,1
BattleForge,3,1
mclps,3,2
NSRP,3,3
HeroesOfOrderAndChaos,3,3
3000loan,3,1
AverageJoesGamer,3,2
1500doorsteploans,3,1
chivasusa,3,2
Tuebingen,3,3
GenericOreos,3,2
aubron,3,2
GlowTribePA,3,2
gokillyourselfcunt,3,1
TrueCrime,3,2
NewWaterLaw,3,1
ThePvpzone,3,1
CatsInBusinessAttire,3,3
Amicute,3,1
OmegleQuest,3,3
Reignfc,3,2
BonafideCringe,3,1
FIFAUT,3,2
Seacreatures,3,2
earthpornvids,3,2
walkingclub,3,1
wagoon,3,2
redmond,3,2
FGRequests,3,1
tasksforcash,3,3
BobNewhart,3,2
Soap,3,3
autocorrect,3,3
valencia,3,2
dealy,3,1
VTC,3,2
lolwut,3,2
wshs,3,2
Stone,3,3
labradoodles,3,3
Noncohesive,3,1
OrangeJuice,3,3
animaniacs,3,3
oddtime,3,2
losgatos,3,1
DotHack,3,2
duckface,3,2
Minetest_c55,3,2
philmont,3,3
Kalmos,3,2
casemods,3,3
SoulLaugh,3,1
WTF_For_Real,3,3
Colemak,3,2
Marching_Arts,3,2
3dxxx,3,3
Bens,3,2
slomosportsgifs,3,2
Lamia,3,0
soundstuds,3,2
Parasitology,3,1
kia,3,1
mylittlereactiongifs,3,3
codenews,3,1
apprenticeneed,3,1
SCP_Game,3,3
play,3,1
r4rEdmonton,3,1
Asexual,3,3
PBS,3,2
RIPPimpC,3,2
Eat,3,1
lacqueristasmeetups,3,2
FighterJets,3,3
testprofessors,3,3
swole,3,1
webarch,3,1
tenordrums,3,2
FoodDev,3,2
sextingforall,3,1
yaar,3,2
videoart,3,3
MinecraftPI,3,2
Juniel,3,1
SoundShapes,3,3
Gothic,3,2
DanBull,3,2
mailfashionadvice,3,3
wasiwrong,3,1
body,3,2
medicinehat,3,2
SexyTeen,3,2
terrorism,3,3
araragi,3,1
TgirlGIFS,3,1
newtube,3,0
dribbble,3,1
goldrush,3,2
poisonfood,3,1
OneTrueBlake,3,1
RestaurantReviews,3,2
picd,3,1
NitrousOxide,3,1
Shittyyoutube,3,1
Vaughan,3,2
VolcanoPorn,3,1
SMS,3,2
NewsForGamers,3,3
WorldTravel,3,1
drugscience,3,2
MayYourDayBeKind,3,1
peoplewithracoonheads,3,2
MeasureBinfo,3,1
hyouka,3,2
Technocracy,3,3
BayAreaEnts,3,0
Sasquatch,3,2
Bluray,3,3
CURBYOURENTHUSIASM,3,2
TakeACloserLook,3,1
religiouspropaganda,3,1
Descendents,3,2
Word_of_The_Day,3,2
shirtless,3,0
Hawaiifit,3,1
Dracula,3,0
frs,3,1
HiddenStory,3,0
GalCiv,3,3
firearts,3,2
pimpmygun,3,3
selfstorage,3,2
shittyengineering,3,3
vail,3,0
veteransbayarea,3,1
lotus,3,1
BellsproutFTW,3,1
bloodypenguins,3,0
Aristotle,3,3
forsakenworld,3,1
uk_vapers,3,3
MyLittlePlushie,3,3
PostMarxism,3,2
WeBuildStuff,3,1
Protiguous,3,1
helpmeout,3,1
legacyonline,3,2
Mummies,3,1
Visa,3,2
christophereccleston,3,3
yesband,3,2
Tourettes,3,2
PixelMooVee,3,1
streamsoccer,3,1
SHhighschools,3,1
Libertario,3,1
SwoleDomination,3,1
raiders,3,3
myowndamnsubreddit,3,1
Grafton,3,2
UrbanExploring,3,2
cringegifs,3,1
TrackMania,3,3
jaxtrees,3,2
pcgamingfriends,3,0
casa,3,1
rollercoastercontests,3,1
FoDrizzle,3,1
Autovideos,3,2
alternativecountry,3,1
edmfeedback,3,2
LearnConceptArt,3,1
Lecce,3,1
AbbieCornish,3,1
NKorea,3,2
nzreggae,3,1
DragonFanArt,3,1
TGBFamily,3,2
homebrew,3,3
fuuu,3,1
5by5,3,2
Entmeet,3,1
KoD,3,2
trueblackfathers,3,3
AlexaVega,3,1
AlternativeHalifax,3,1
golfclassifieds,3,0
wayclan,3,0
AliceEve,3,1
allpics,3,1
Ciderporn,3,3
boburnham,3,2
TF2Unusuals,3,2
Gaudiya_Vaisnavism,3,1
cowboyboots,3,2
MachineIntelligence,3,1
GGG,3,2
SoapPorn,3,2
Avatar,3,0
rsaanimate,3,1
Whatigotforxmas,3,1
manchestermusic,3,3
NBTedit,3,3
oracleoftoast,3,1
cockatiel,3,2
AstralProjectionNow,3,2
Demolition,3,2
ironfist,3,1
PrincessCadance,3,1
Hindi,3,3
mlpfiction,3,2
HQHentai,3,3
pinkyandthebrain,3,3
Trippinghazards,3,2
Over30,3,1
TakeaPlantLeaveaPlant,3,3
parking,3,2
darkcraft,3,2
supbud,3,3
acidmotherstemple,3,0
guitartab,3,3
LeagueOfIreland,3,3
wakfu,3,2
FloridaState,3,2
TROGLODYTE,3,1
IAMATheist,3,1
lesmis,3,1
NeonTest,3,0
butthole,3,2
IKR,3,2
DavesAFaggot,3,1
talkdirtytome,3,1
gatorviolateur,3,1
Tutoring,3,2
NBTG,3,0
AIBrain,3,1
LifeMediocreTips,3,3
avesLA,3,0
Chiefs,3,2
NFLconspiracy,3,2
civcraftcirclejerk,3,2
mylittleshipping,3,2
celebrobituary,3,1
BlacklightArt,3,0
rurounikenshin,3,2
Aupairs,3,2
jillstein,3,2
AskMe,3,2
Powershift_NZ_Pacific,3,1
slacklining,3,2
PracticeWriting,3,2
vancouverr4r,3,0
fatguyorangebike,3,1
amihot,3,0
KappaSigma,3,2
RSBD,3,1
MountainMen,3,3
memecraft,3,2
quickquestions,3,0
oxforduni,3,3
publix,3,1
RetroUprising,3,3
presentsfromjake,3,1
nice,3,1
trynottolaugh,3,0
NHLPA,3,2
TWiET,3,3
Ihascupquake,3,2
teknologi,3,2
LifeNoviceTips,3,3
NegaDuke,3,1
REFUSION,3,1
reddit_tv,3,3
feetfortarantino,3,1
Jason_Mraz,3,2
MRASTATS,3,1
amateurpornography,3,2
patriotism,3,2
FunIsPainful,3,1
Quakenet,3,2
Providerdown,3,2
Boobies_Are_Awesome,3,3
vimu,3,1
NorthernBeaches,3,2
CDU,3,1
llamas,3,1
Nexopia,3,1
lxde,3,2
nhlwtf,3,1
Precum,3,1
TripRadio,3,1
launchpages,3,2
meditationpapers,3,1
lanoire,3,3
BlueCheese,3,1
badheadlines,3,1
machines,3,1
Lubuntu,3,2
REGULARCOMICS,3,1
ContextFreeQuotes,3,2
fantasycannibalism,3,0
extralives,3,1
Arachnidsgonewild,3,1
wheelbuild,3,1
FatLossFactor,3,3
newworldorder,3,2
unity_tutorials,3,3
TruerReddit,3,3
vancouverbuysell,3,0
YoDawg,3,2
higheredtechnology,3,1
Discovery,3,2
dasa2828,3,1
nintendogameclub,3,1
thesecretspot,3,2
sapiosexual,3,1
Vitric,3,1
funeral,3,3
videoinfo,3,2
HaloScreenshotArtists,3,2
PointofEntry,3,1
bulletthis,3,1
Headchef,3,1
cumshot,3,2
ForGood,3,1
transformerprime,3,2
AnyEnts,3,2
dvorak,3,2
uklaw,3,3
TheOhMyGodGirl,3,3
growtopia,3,1
skating,3,3
DelTaco,3,2
TrafficStatistics,3,3
8bangs,3,1
brasilia,3,0
circlecomics,3,0
realadviceanimals,3,2
TeranTBWA,3,2
shittyshortstories,3,1
NewYorkIslanders,3,3
FightTips,3,1
IthacaCollege,3,2
Bowfishing,3,2
ahhhhhfuggit,3,3
craftpunk,3,1
eye,3,1
MassEffectRP,3,1
edtech,3,1
darkmoney,3,1
sith,3,0
JewishSupremacism,3,2
a_e_moderation,3,2
NigelThis,3,1
wintergear,3,2
MakeMeFeelBetter,3,1
KundaliniShakti,3,1
HealthyDietFood,3,1
lmm,3,2
antilifediet,3,1
TekSyndicate,3,1
greatindie,3,1
Wooooooo,3,2
academicpublishing,3,2
ContemporaryArtists,3,1
faedahjaya,3,1
fuckyea,3,2
modvertise,3,3
Henderson,3,3
gunz,3,1
OliviaMunn,3,3
snowmobilecrash,3,1
switchfoot,3,1
Assorted,3,2
poker_face,3,0
encyclopediadramatica,3,0
downingtown,3,3
SunsetPorn,3,1
TreeClimbing,3,1
Space_Colonization,3,1
USY,3,2
NSFW_Request,3,1
VoluntaryOhio,3,1
TrueConfessions,3,2
Godville,3,1
ineedthis,3,2
Unfriended,3,1
Nr2003,3,1
SurpriseAppearances,3,2
deathdoom,3,3
desuchan,3,2
presents,3,1
SPLC,3,3
JupiterOwl,3,1
HOTPICS,3,2
Gordo,3,2
filmreviews,3,2
ConcordCinema,3,1
bipoliticalandcurious,3,3
frozensynapse,3,2
thebigbangtheory,3,2
fifthharmony,3,1
Infowars,3,1
bestof2013,3,3
CubicleWarfare,3,2
EurasianGirls,3,2
Burgerbread,3,0
ffffffffuuuuuuuuuuuuu,3,2
WeAreTeenagers,3,2
professormcgonagall,3,2
PenisExtenders,3,1
LhasaApso,3,2
scratches,3,2
ComicBookTalk,3,1
SRDgonewild,3,0
limitedservers,3,2
suffolklaw,3,2
ZionistHQ,3,2
utc,3,2
Halo4Forging,3,1
ThickAsians,3,1
wordcraft,3,1
gayasshole,3,0
MK802,3,1
Man,3,2
DarrensTravelGanza,3,2
music_like_this,3,3
voltz,3,3
TrueCrypt,3,2
bootstrap,3,1
dinosaurjr,3,3
amateurfetish,3,2
Oman,3,3
audiodrama,3,2
rocketraccoon,3,3
RawEdits,3,1
filmscenes,3,1
TheHousingMonster,3,0
Mumbojumbo,3,1
IvankaTrump,3,1
vincentkayl,3,1
starforge,3,1
tittaysprinkles,3,1
thecomputermeritbadge,3,1
TrainerSchool,3,3
Dalaras,3,1
anarchotranshumanist,3,3
sleepinginclass,3,1
republicanmemes,3,2
VocalEDM,3,2
KoreanAdoptee,3,1
oldpizzahut,3,1
manningface,3,1
CoolMCCreations,3,1
psychogeography,3,2
mrgaming,3,2
WIB,3,1
swans,3,2
BasserFanfiction,3,0
Justafleshwoundstream,3,2
edmartists,3,2
StoneStreetNY,3,1
cooldoors,3,1
ShredditGirls,3,2
iconicwow,3,1
CarlaBrown,3,2
Progress,3,2
Meta_Feminism,3,2
clinicalpsych,3,3
whatpulse,3,1
improveWorld,3,1
NookSquad,3,1
FoodBlog,3,2
ProtoExchange,3,1
Neiltweets,3,3
DoggieFashionAdvice,3,1
asm,3,2
MusicOfMyMoment,3,1
programmingcirclejerk,3,3
tradingcardcommunity,3,3
realwritingworkshop,3,2
AmericanHistory,3,3
ricers,3,2
DrGMedicalExaminer,3,1
Redditeu,3,2
TrueNathan,3,2
ruleastwokings,3,2
Conference_USA,3,3
ChillsAdventureMap,3,1
nsfwcomics,3,1
payattentiontothis,3,1
241543903,3,1
gameslike,3,2
omgif,3,1
AimeeTeegarden,3,2
GermanShepherd,3,1
RepublicansRefuse,3,1
PetPeeves,3,1
kings_of_leon,3,2
fanta,3,2
baw,3,3
CastleMinerZ,3,3
CAFF,3,2
thatsjustexcessive,3,0
malena_morgan,3,1
bournemouth,3,2
dogsafraidofthunder,3,2
Blendtec,3,3
Amanda_Bynes,3,3
teamfsa,3,1
bus,3,3
nocreditcheckloansuk,3,1
JessicaGreen,3,1
onetruegaben,3,3
RawVegan,3,1
rooneymara,3,2
diplo,3,2
floors,3,1
PostPoMo,3,3
loanstennessee,3,1
led,3,2
KRISS,3,1
photoshopfavors,3,1
TrueRedditDrama,3,1
wescollege,3,2
Riddler,3,2
GifReading,3,0
backroomcastingcouch,3,1
Zelda_Romance,3,1
AntiWarZ,3,2
CasualStarcraft,3,2
Mafia3,3,2
rbb,3,0
coparenting,3,1
Easycore,3,3
LandCruisers,3,2
kag,3,3
s7j12,3,2
suit,3,1
Bazooper,3,0
ukrave,3,2
Charlottetown,3,3
lactophilia,3,1
portwinestain,3,0
askamerica,3,2
lowcarb,3,2
futuramarule34,3,2
KangarooRights,3,3
MovieQuotePuzzle,3,3
betting,3,2
chiddybang,3,3
LinuxDistros,3,3
spencer,3,3
housekeeping,3,2
360eu,3,2
worldbuildingswap,3,2
Doeshehaveone,3,1
mincraft,3,2
limerickcity,3,3
Hilary_Duff,3,3
downloadlinks,3,1
weeaboo,3,2
Posthumanism,3,2
JunglistMovement,3,2
ZMMOs,3,2
ibelieveinswordfish,3,0
HitchHikersGuide,3,2
BethesdaSoftworks,3,2
TheDaveCrusade,3,1
FragReddit,3,3
emixed,3,1
HongKongLeague,3,1
Sebsaysumtoomuch,3,1
DoctorShoes,3,2
galcon,3,2
SRS,3,2
TerriSummers,3,1
awkwardgoats,3,1
multi,3,2
MaroonComTr,3,1
Zelnach,3,1
RamadanReflections,3,1
industry,3,3
TrueComicBooks,3,1
MildlyHumorous,3,0
carstereo,3,1
speedtest,3,2
Kitten,3,2
Proust,3,1
TeamHavoc,3,3
Infomercials,3,3
Motorcyclecrash,3,2
gamingquestions,3,2
bullshit,3,2
gelato,3,0
penspinning,3,2
C2C_Most_Wanted,3,1
gardenex,3,1
lattisyourgod,3,1
originoflife,3,1
NewElectronicMusic,3,2
theroundrobin,3,1
noomirapace,3,1
WAH,3,3
SnowboardVideos,3,1
fowlr,3,1
encryption,3,1
missprestin,3,1
textme,3,2
bitchnigga,3,0
wrong,3,2
Erik,3,1
MyLittlePlaydate,3,2
colbertgifs,3,1
SpeakJapanese,3,3
Durban,3,2
vitaminitestsubreddit,3,1
OKtrees,3,2
Wenatchee,3,2
Soil,3,2
Incense,3,2
NosleepAudio,3,1
carntec,3,3
CraftedMovieServer,3,3
Starhawk,3,2
spartanrace,3,2
kfs,3,1
sheep,3,3
KellyBrook,3,2
trueanarchism,3,1
talkofthetown,3,2
Superjail,3,2
wownot,3,1
AlexandertheGreat,3,1
dougisawesome,3,3
NOFAPWINTER,3,1
Lamps,3,2
loreboner,3,1
libertarianbestof,3,0
SandySprings,3,1
yusufcirclejerk,3,2
niggasbelike,3,1
theasianforum,3,3
Gevastation,3,1
BlackMothSuperRainbow,3,3
Davebarry,3,1
FirstLegoLeague,3,2
1hourloanschicago,3,1
andrewsmith1986,3,2
anberlin,3,2
videonews,3,1
Farmers,3,1
dnbcirclejerk,3,0
shortterm3monthloans,3,1
teengirlswholikegirls,3,0
giftagift,3,1
good,3,2
queer,3,2
ThriftStoreFashion,3,2
JoyDivision,3,1
realmilf,3,3
ben10porn,3,2
poverty,3,1
IWantToLiveThere,3,2
OKgaymers,3,2
8thDimension,3,3
Lusofonia,3,1
truegamedev,3,3
fictitiousproblems,3,2
NotEnoughJPEG,3,1
aesoprock,3,3
vaporizer,3,1
corkygonewild,3,2
WTH,3,1
MensRants,3,3
shortstory,3,2
web_work,3,2
wordsonpictures,3,2
catscience,3,2
Snowskating,3,1
Nagoya,3,0
erikpdx,3,1
Strasbourg,3,3
appleswap,3,2
SRSTrans,3,2
illinoisccw,3,3
wargaming,3,3
DuelMasters,3,2
CIVILWAR,3,2
MakeshiftDevice,3,2
Howwasmyshit,3,0
SamBenson,3,2
vetle,3,2
entboarders,3,2
shareSMITE,3,1
MirrorShots,3,1
cirlejerk,3,2
FlutterDash,3,3
MicheleBachmann,3,1
StupidShitDeanSays,3,2
IfIHadaTARDIS,3,3
ULL,3,2
bioethics,3,2
UKforhire,3,3
trueMFA,3,0
BookmarkThis,3,1
Chestahab,3,1
archiecomics,3,2
AxeFx,3,2
DoodlesForDepression,3,2
NichirenBuddhism,3,1
Colgate,3,2
PoliticalFightClub,3,1
maritimenews,3,1
cults,3,3
WIZARDROCK,3,3
GrandForks,3,2
TreesSketchbook,3,1
minecraftbugs,3,0
min,3,0
redhat,3,3
Tautology,3,3
SnowConditions,3,2
dota2circlejerk,3,1
ObamaSucks,3,2
pocketwatch,3,3
detroitjobs,3,3
shippingcontainers,3,1
tradclimbing,3,2
Sissy_humiliation,3,3
BDSM_NoSpam,3,1
DebateAtheismPlus,3,2
footballmemes,3,2
thelanguageofthegods,3,1
saddestof,3,3
domeafavor,3,1
freenas,3,1
singlespeed,3,3
BGSU,3,2
storedesigns,3,3
videojuegos,3,2
randomsexinessgifs,3,0
chemistryjokes,3,2
VoteUpIf,3,1
criticaldesign,3,3
BlenderGameEngine,3,3
spaceengine,3,3
igawyrwal,3,1
EastRome,3,1
GenerationOne,3,1
Urdu,3,3
SolidarityP,3,1
NayaRivera,3,2
MinecraftMemes,3,2
punkycolor,3,0
versus,3,3
kidsandcats,3,1
MineBlocks,3,2
Poker_Women,3,0
artmarket,3,1
Panorama,3,2
friendsgifs,3,3
amandapalmer,3,3
MyJerkingJournal,3,0
gaminggifs,3,1
fbody,3,2
SaayaIrie,3,1
legendofdragoon,3,2
505Nerds,3,3
irondruidchronicles,3,2
marinelife,3,3
LogoPorn,3,3
problem,3,3
kutztown,3,2
m477h3wrox,3,1
ExplosionPorn,3,3
WhyinJail,3,1
Didgeridoo,3,3
ScrumbleShip,3,1
everforward,3,2
boxxy,3,2
Youngluck,3,2
SettlersofCatan,3,2
LegoCreations,3,3
bethlehem,3,2
HSE,3,2
fffffffuuuuuuuuu,3,2
ClearBackblast,3,1
WriteAStory,3,1
jocke,3,2
Flashpoint,3,2
USCThetaTau,3,2
workoutgirls,3,3
benhtri,3,1
sistar,3,3
duckburg,3,1
Archivists,3,2
awh,3,1
dbhs,3,2
giraffes,3,3
Americana,3,3
Alphabasic,3,2
waronprohibition,3,3
DynamicsAX,3,2
RGMC,3,1
IronChin,3,1
MRU,3,1
David,3,3
pumpkin,3,3
worldnewsuncensored,3,1
IndianBands,3,2
Snakis,3,0
dfworldgen,3,3
MyrtleBeach,3,3
frequency,3,3
CrowdfundedBoardgames,3,3
ccmusic,3,2
UConnBasketball,3,1
giveadvice,3,3
FunnyFacebookStatus,3,2
TeamIco,3,2
istp,3,1
squareshapedsoftness,3,2
joethomas,3,1
Madden_NFL,3,2
PlanetsideDiscussion,3,0
Naked,3,1
selfreddit,3,1
1picture1paragpraph,3,1
charlottejobs,3,1
sc2mods,3,2
panda,3,2
gamedesign,3,2
5thworldproblems,3,1
ericclapton,3,3
1920s,3,2
VHSL,3,2
Fugazi,3,2
PMDD,3,2
Planetside2Discussion,3,0
Femme,3,1
GAK,3,3
PES2013,3,2
HazelTucker,3,1
diabetics,3,1
uktech,3,1
OutOfBody,3,1
t:victorian,3,2
Names,3,2
StrategyGames,3,2
minefieldfucking,3,2
LGBTOpenModmail,3,1
CSUS,3,3
avantgardemetal,3,2
CorgisNSFWEdition,3,1
wheatpaste,3,2
cymru,3,3
tomwaits,3,3
Einorbs,3,2
zydeco,3,2
Futuristpolitics,3,2
Halo4friends,3,3
animecons,3,2
Acoustikult,3,1
Leagueoflegendspl,3,2
4East,3,3
mariasharapova,3,1
90semo,3,3
multiscreen,3,1
Caniacs,3,1
fakeme,3,1
SilentBob,3,1
SixDegrees,3,2
folsom,3,3
luckystarr,3,1
casualgaming,3,3
LGBTAustralia,3,2
Otterbein,3,3
christianpacifism,3,2
FoodHaikus,3,2
GlamRock,3,3
cringing,3,2
reddit_tennis,3,2
Hofstra,3,3
whaletail,3,0
YTPMV,3,2
clermontfd,3,1
Sober,3,2
JackandTonys,3,2
BandFuse,3,1
weber,3,2
eurotrashsec,3,2
Kikaida,3,1
RealLifeSeinfeld,3,2
crazyasscorn,3,2
AsburyPark,3,1
LeagueofLegendsIdeas,3,2
SpaceVideos,3,3
heresyadventures,3,1
qeddit,3,2
juliabond,3,0
RadicalHistory,3,2
SportsPorn,3,2
rand,3,1
SSDP,3,2
4sentencemoviereviews,3,2
FRANKENSTEIN,3,3
vyatrisaja,3,1
SVU,3,2
ColoradoSchoolOfMines,3,1
FUI,3,2
electrical,3,3
strings,3,3
dominicans,3,3
MedomakValley,3,1
australianmusic,3,2
Fayettenam,3,2
10Percenter,3,1
easterneurope,3,1
BehavioralEconomics,3,3
giada,3,1
MinecraftRenders,3,3
SingerSongwriter,3,1
cartooning,3,1
casualatheism,3,3
teachspatial,3,1
fantasy_freebies,3,3
lasertag,3,1
TributeMe,3,1
Therian,3,1
Silverstein,3,0
itgetsbetter,3,3
foodnotbombs,3,1
metroidvania,3,1
pascal,3,1
aitaiwan,3,2
wisdom,3,2
Wuhan,3,3
technology2,3,2
bottles,3,1
Chemnitz,3,0
EveryDayRide,3,3
lightwave,3,1
deepdubstep,3,2
SRSTechnology,3,2
StatuePorn,3,3
personalinstallment,3,1
awwkarmawhores,3,1
proglangs,3,1
crystalweed,3,2
ColeWatson,3,2
thenewbatmancomic,3,2
AustinYoga,3,3
WTFlorida,3,1
london_entrepreneurs,3,2
MCWorkshop,3,3
makina,3,2
Shittycosplay,3,2
SWTORScreenShots,3,2
sluglovers,3,1
redditconfessions,3,2
TheLastStandDeadZone,3,1
penpal,3,2
sixmonthinstallment,3,1
CMA,3,1
studyscrutiny,3,2
Dumb,3,2
Samesexparents,3,2
r4beard,3,1
BoondockSaints,3,3
CilantroGamer,3,1
yardsale,3,2
FirefoxAddons,3,1
JediAcademy,3,1
greenglasses,3,1
oneyearloans,3,1
daddicks,3,3
theboondocks,3,2
tvtropes,3,2
fbhw,3,3
militaria,3,2
garbage,3,3
frenchmusique,3,3
MetalEnts,3,3
hauntedattractions,3,2
acidrap,3,2
checkmeout,3,0
karmabank,3,2
sbhj,3,2
bayareagraffiti,3,1
joke,3,2
Trathira,3,3
coldnessconspiracy,3,2
TheMisfits,3,1
Udacity,3,3
Hideyoshi,3,1
SheepleHighlander,3,2
SRSports,3,2
LAMP,3,2
AusRun,2,1
guardiancrossgame,2,2
steven,2,2
huntingexchange,2,1
GentlemenThieves,2,1
lurker,2,1
PLyrics,2,1
neptunespride,2,2
baconlove,2,1
Forties,2,1
fPUA,2,2
CougarTown,2,0
SluttyHalloween,2,2
AdFly,2,1
sanitynotincluded,2,1
Investments,2,1
JackReacher,2,1
claymation,2,1
TOFoodie,2,2
offoffgrid,2,1
SmeegBits,2,1
livechat,2,1
haloforge,2,1
arthritis,2,2
bryci,2,1
messyroom,2,1
shittydae,2,1
PrinceHal,2,0
quincypringle,2,0
iwonder,2,2
namethattune,2,2
TekkitCirclejerk,2,2
CPA,2,2
StillBlazin,2,1
LOLCAT,2,2
FirstWorldSolutions,2,1
MSC,2,1
makingbabies,2,0
SouthCoast,2,1
Houdini,2,1
BrittanySnow,2,2
reporttheADMIN,2,2
thetwincities,2,1
westpotomac,2,1
smallformfactor,2,2
dabears,2,1
upliftingmusic,2,1
Infuriating,2,1
firstdayontheinternet,2,1
newspapers,2,2
eat1337,2,1
Leipzig,2,2
Mokihana,2,0
battlebears,2,1
downloadtime,2,1
removed,2,0
scooterclassifieds,2,2
luciddreamingmemes,2,2
Vinyun,2,1
ToPunchy,2,1
petitcomputer,2,1
helmetcameras,2,1
KrispyKreme,2,0
xena,2,2
GamingGoneWild,2,1
randomimgur,2,1
skylineporn,2,2
FifthWorldRage,2,2
grovecitycollege,2,1
3DVideo,2,1
csersrotmg,2,1
psychrock,2,2
mechatronics,2,2
zombiepanicsource,2,1
randomdebates,2,0
metaanarchism2,2,2
objectbox,2,1
AsianGentlemanboners,2,1
f1online,2,2
kerbalanarchists,2,1
Steelseriesman,2,1
heart,2,2
stockholmanarchy,2,1
bad,2,1
nerdbait,2,1
firework,2,1
outsidejoke,2,2
blacksabbath,2,2
anarchyreigns,2,1
ShayGerson,2,1
CoralSprings,2,1
PlayableWebGames,2,2
chiangmai,2,1
nccloansarkansas,2,1
NDAA,2,2
Facebookpages,2,1
Ajedrez,2,1
Disposable_,2,2
space_settlement,2,2
Werealive,2,2
Softball,2,2
ProjectMayhem,2,0
fifthworld,2,2
CrysisCraft,2,2
SwedishDeathMetal,2,0
2pHetalia,2,2
store,2,1
easternpa,2,2
homebrewrecipes,2,1
christianmemes,2,0
mildlywtf,2,2
thepixies,2,2
almostcorrectmemes,2,1
MedicalHelp,2,1
PeeweesPlayhouse,2,1
entrelacs,2,1
awesomesocks,2,1
moderatorjerk,2,0
ThirstyWalrus,2,1
MajorMUD,2,1
timecube,2,2
deadbabyjokes,2,2
RealAnarchism,2,1
AbellaAnderson,2,2
vogonpoetrycircle,2,2
samnmaroon,2,2
lifefilms,2,1
minichan_org,2,2
SRSPUA,2,2
Sperrys,2,1
ShaggyDogStories,2,0
postproduction,2,2
BreakfastFood,2,2
UGAHousing,2,1
servicedesign,2,2
Pacifism,2,0
LordLoraxsGarden,2,1
thongsandals,2,2
xperiaplay,2,2
TheScrivener,2,1
RedditClassifieds,2,1
transition,2,1
tractors,2,2
DanCarlinsUniverse,2,1
ballpitfuntimes,2,2
bestof_converter,2,0
maker,2,2
negotiation,2,2
Solemates,2,1
UniSeddit,2,0
bermuda,2,2
Cichlid,2,2
fairtrade,2,2
echostar,2,0
Idiots,2,2
RupertGrint,2,2
Detroitcityfc,2,2
littleblackdress,2,2
Kuenaimaku2,2,1
SJSOnline,2,1
Bitwig,2,1
SigmaAlphaEpsilon,2,2
drunken_economist,2,1
NursingStudents,2,2
tugathecheetahgod,2,2
Galaxy15Radio,2,1
Dream,2,1
vulvodynia,2,0
de_IT,2,2
autonomic,2,2
EverybodyLovesRaymond,2,2
videogameartporn,2,1
Dreddit,2,2
saogw2,2,1
McKinney,2,1
AgotLCG,2,2
Babson,2,1
Morphit,2,1
EndOfNations,2,1
tribunalreview,2,1
DistributistParty,2,1
POMEGRANATE,2,2
CSUSB,2,1
tenants100park,2,0
gssdiscussion,2,1
English203KurtCobain,2,0
fairlyoddparents,2,1
Whitestripes,2,1
GamingVideos,2,1
walkman01,2,1
Biohackers,2,1
dbzart,2,1
macrophotography,2,2
MLPSpike,2,1
Heroism,2,1
Millersville,2,1
TheStuntMuffins,2,1
supremecommander,2,2
DreamMusic,2,1
AtlantaIngress,2,2
schoolrumble,2,1
thingsihate,2,1
motor,2,2
Fana,2,0
CrossfitSucks,2,1
Caite,2,0
jel_aku,2,0
seattlebookclub,2,1
Darreninmathclass,2,2
KMFDM,2,2
speedwolf,2,1
Did_You_Know,2,1
technooptimism,2,1
PornQuotes,2,0
pesfan,2,1
3dsfriends,2,2
CWreenactors,2,1
CanonG15,2,1
startupsindia,2,2
mildlyentertaining,2,1
ymsb,2,1
legostarwarsphotos,2,1
TheBioselfsMomGW,2,2
ratm4xmas,2,2
gorlok,2,2
LetsLearnSwedish,2,2
Badcandy,2,1
ekonomi,2,1
coffeestations,2,2
Proposal,2,2
Parties,2,2
fsp,2,0
Participants,2,1
LiveActionProBending,2,1
ImpracticalJokers,2,2
smallboobproblems,2,2
ltswim,2,2
southkorea,2,2
solavei,2,2
FATErpg,2,2
hammond,2,2
schaumburg,2,2
rule34gifs,2,1
Unicode,2,0
hapkido,2,1
spaceghost,2,2
TekkitTopia,2,2
businessinstallment,2,1
naturalstate,2,2
supermechanical,2,1
ChristianMovies,2,1
ronniebquotes,2,2
ShittyBestOf,2,2
LeoMessi,2,0
OhYou,2,2
ukelele,2,1
commonsense,2,1
StLouisTrees,2,2
chandlerriggs,2,0
animenorth,2,1
YeshivaUniversity,2,1
Cheeking,2,1
fcsp,2,2
HL3Confirmed,2,1
papercutting,2,2
musicimprov,2,2
Anixa,2,1
championsleague,2,1
Moda,2,2
MSP430,2,2
oceansize,2,1
fbburns,2,2
AnxietyPanic,2,2
pumkin,2,2
germanhiphop,2,1
Sinkholes,2,1
skyscrapers,2,1
mashupideas,2,2
thatisgood,2,2
dkedomain,2,0
religious,2,1
208,2,1
Freestyling,2,2
Vileplume,2,2
samuelljackson,2,1
symbian,2,2
Gimbal,2,2
obits,2,2
Anarchist_Strategy,2,1
undergroundfilm,2,1
tjcirclejerk,2,2
citizenjournalism,2,1
chirodomuscitizens,2,2
mrslawson,2,1
Novels,2,0
Jesse,2,0
bardthebowmansucks,2,2
RunescapeMerchanting,2,2
photoshopthisplease,2,0
Dunny,2,1
cashloanstodayuk,2,1
GulAhmed,2,1
hola,2,2
digitalinfoware,2,2
CivGingerFootwork,2,1
Zer0Alpha,2,1
forestgardening,2,1
learnruby,2,0
Palm,2,1
TPSBasass,2,2
ealmofthemadgod,2,1
andrewjackson,2,2
Santorum,2,1
kitchens,2,2
BMRF,2,1
tbreaks,2,2
polisciproject,2,1
fatcats,2,2
Laziness,2,1
BaseBuildingGames,2,2
Allentx,2,0
HastingsMN,2,1
typemoon,2,1
JKRowling,2,1
mylittlebrony,2,1
gamersguild,2,1
christianyouth,2,1
responders,2,1
antipuns,2,2
FreeStateProject,2,1
BVPLUG,2,1
olive_garden,2,0
EPICBACON,2,2
reddiquette,2,2
Juarez,2,1
bordeaux,2,1
outlawstar,2,2
churchmusic,2,2
heresville,2,1
beautybass,2,2
HighestVote,2,1
Longueuil,2,1
alexday,2,1
Webbook,2,2
tourdefrance,2,2
ExSM,2,1
STEM,2,2
ComicBookReviews,2,2
WTE,2,1
elections,2,1
AlternativeHair,2,2
Xavbull,2,1
StickerSphere,2,1
gameyoutubechannels,2,1
houseofleaves,2,2
password,2,1
auction,2,2
Torture,2,1
phonesex,2,2
TheWakeupProject,2,0
goodnighteveryone,2,0
elixir,2,2
MAD_hwe,2,1
AppleFederation,2,1
communisthouston,2,2
epileptology,2,1
EMT,2,1
cheminformatics,2,1
TodayIDrew,2,2
telltalegames,2,0
r4rSaskatoon,2,1
Minerals,2,1
SexOffenderSupport,2,1
JavaDublin,2,2
petshopboys,2,1
ABGT,2,1
NoNewbs,2,1
ShittyStonerTips,2,2
oursisthefury,2,0
starcraftvods,2,1
ScaryGames,2,1
ButtonPuzzles,2,1
FYNNY,2,1
shorttermloanhouston,2,1
jewelstaite,2,2
Lass,2,1
worldeconomy,2,1
tf2center,2,1
thevine,2,2
installmentloans,2,1
pooping,2,1
stonetemplepilots,2,2
aushpb,2,0
AskManagement,2,2
gisjobs,2,0
nationalist,2,2
lumous,2,1
freiburg,2,2
Soto,2,2
IMAV,2,2
installmentloansutah,2,1
crepeshots,2,1
Goals,2,2
aMethAddict,2,1
Impala,2,1
toofarfeminism,2,2
beyonce,2,2
hopsin,2,2
farmboners,2,1
teaocracy,2,1
templates,2,2
manisteehighschool,2,2
BertKreischer,2,1
hannah,2,1
Epiphany,2,2
jesssturt,2,2
siouxcity,2,1
NativeInstruments,2,1
roseanne,2,2
PortsmouthNH,2,2
WoTreread,2,1
GardeningTips,2,1
vinyldjs,2,2
thisismyjournal,2,1
GriffithUni,2,2
InstantCoffee,2,1
FemmeThoughtsFeminism,2,1
InspectorSpacetime,2,2
gayrelationshipadvice,2,2
Islamophobia,2,2
YuYuHakusho,2,1
canterbury,2,0
pkomegonewild,2,1
ccie,2,1
SigSauer,2,1
Duct_Tape,2,2
Vetlanda,2,2
HackThisSite,2,1
howtopickupgirls,2,0
livenews,2,1
whatIthinkIdo,2,2
townesvanzandt,2,2
firespin,2,2
BWEroticPhotography,2,0
IowaEnts,2,1
marijuanaconcentrates,2,2
goodtoknow,2,1
photographers,2,1
Woodburningstoves,2,1
arma3,2,1
ZieloneLudziki,2,1
discount,2,2
wowrbg,2,2
ZorbaTHut,2,1
circojeca,2,1
TrueDetective,2,1
macrophoneography,2,1
certifications,2,2
BiancaAnchieta,2,1
HL3,2,1
SparingHealthy,2,1
theredditor,2,1
KCL,2,0
ForgeMMO,2,2
ChampionsOnlineFFA,2,2
CambronShinn,2,1
shariah,2,1
Smyrna,2,2
Vlaanderen,2,1
grilox,2,2
OccuponsMontreal,2,1
CompanyTracker,2,1
VPS,2,2
lebravehomestuck,2,2
TrueCrimeCases,2,1
ScaresGuywithacomment,2,1
asianews,2,2
SeattleUrbEx,2,1
GMS,2,2
Objectheads,2,1
drhorrible,2,2
sheboygan,2,1
osdm,2,2
referencement,2,1
1_hour_payday_loans,2,1
ProfilerBot,2,2
Tees,2,2
Wurm,2,1
AubreyMaturinSeries,2,1
iching,2,2
spa,2,2
spame,2,0
liveos,2,2
pics2,2,2
MapleRidge,2,1
FavSong,2,1
stewartlee,2,2
columbusbackpackers,2,1
joel,2,2
politica,2,1
brand,2,2
Haarlem,2,2
thomasmassie,2,1
vatsal,2,2
zkoss,2,1
tdms,2,1
shittymspaints,2,1
RatAndMousePorn,2,1
Broadband,2,1
onbenefitsneedaloan,2,1
GlobalAgenda2,2,2
UnitedNations,2,2
Thunderbirds,2,2
whatshouldiplay,2,2
crossfire,2,2
MakeRedditBetter,2,1
Socialist,2,2
mildburns,2,2
Barry,2,1
dicklist,2,0
AsianAmericanIssues,2,2
Colors3D,2,2
sph,2,0
Deepconnection,2,2
Adventuretimespoilers,2,1
commiepropaganda,2,1
victor,2,0
lifeprohacks,2,1
ScFi,2,2
Utilitarianism,2,2
tiffany,2,2
truestarbound,2,1
bobseger,2,2
DXHR,2,1
Aftonbladet,2,2
thenandnow,2,2
DigitalMarketing,2,2
laboys,2,1
haikuOS,2,1
askponies,2,2
Rawbots,2,1
MathRockTheory,2,2
drunkdrivingstories,2,2
GirlsWithGap,2,1
EvilRabbits,2,1
MinecraftLp,2,2
Deathsquad,2,2
languages,2,1
metalittlefortress,2,0
Swarthmore,2,2
murdoch,2,2
announcements,2,0
Turtle_love,2,1
ComedyCentral,2,1
IllinoisLoans,2,1
Sakartvelo,2,2
marriedgame,2,1
handmade,2,2
CBRNE,2,2
knightonline,2,2
pokepickuplines,2,0
SomewhatFunny,2,2
Kiwiriders,2,2
porto,2,2
Gonewildlumpy,2,2
QueerTransmen,2,2
familysupport,2,1
pencils,2,2
SongWars,2,0
britpolitics,2,2
Gurnee,2,2
watertowers,2,2
Broverstock,2,1
LeftCamera,2,2
sigep,2,1
CollegeLife,2,2
LennyFace,2,2
GridironFootballPorn,2,2
biometrics,2,1
usask,2,1
FtCollins,2,2
stageDAVID,2,2
FunnyTexts,2,2
ArizonaWildcats,2,2
NeilWacaster,2,1
bon,2,0
stjohnspdx,2,0
GuitarSolos,2,1
FallingInReverse,2,1
speeches,2,1
metallurgy,2,1
dalit,2,1
mrmanly,2,1
cheeseburgervacation,2,1
halfmoonbay,2,0
AtlantaFalcons,2,1
Laughingstock,2,1
Fox,2,0
climbinggearporn,2,2
Bath,2,2
ForKids,2,2
IndianEnts,2,2
Shriners,2,2
epublication,2,2
AccidentalRacism,2,1
shipping,2,2
chemborg,2,1
HEALTHY,2,2
loans12months,2,1
FleetFoxes,2,2
freepromote,2,1
Gladbach,2,1
Mercuria,2,1
Myoldcar,2,1
drugadvice,2,2
gantz,2,2
ShoesonDesks,2,2
Reston,2,1
FitnessPorn,2,0
Hiddlesworth,2,2
Vampire_Junkies,2,2
DallasTNT,2,1
AevusCraft,2,0
Eador,2,1
cards,2,1
kurogane,2,1
SacJobs,2,1
jdilla,2,1
Tampere,2,1
DevinTownsend,2,2
Emoticone,2,0
NAVOICESNARECOVERY,2,1
hardscifi,2,1
tmux,2,1
NoExcuses,2,1
CapU,2,2
RickSantorum,2,2
dolphin,2,1
disbelief,2,2
CSS3,2,2
collegeradio,2,2
ubisoft,2,2
tard,2,2
SANIC,2,1
UselessTalents,2,0
metanalogies,2,1
lemondemon,2,2
croatian,2,1
VpsDeals,2,1
spiritguides,2,2
PunchBrothers,2,2
Wouterpls,2,2
ArchieRandolphAmmons,2,0
redditgovernment,2,0
Grepolis,2,1
DarksidersII,2,1
ModeConkeyServer,2,1
Tactical,2,1
sse,2,2
Geometrywars,2,1
hodor,2,1
liberalism,2,1
traditionaljazz,2,2
GizmoGadgetMe,2,1
autotune,2,2
TENNENTS,2,1
somethingihung,2,1
CivcraftRapture,2,2
Jeffthekiller,2,2
LGSpectrum,2,1
ShittySubredditDrama,2,2
BrantleyGilbert,2,1
PublicSpeaking,2,2
unfunny,2,2
UniversityOfAberdeen,2,2
middleearthproblems,2,2
microcontrollers,2,2
Poxnora,2,2
cudenver,2,2
dogswithdenchers,2,1
hoverboats,2,2
TheDarkMod,2,2
TWEWY,2,2
VolcanoVaporizer,2,1
AlanMoore,2,2
michaeldavidcrawford,2,2
51stworldproblems,2,1
WanderOverYonder,2,1
fullTVepisodesonYT,2,0
Cuernavaca,2,1
same,2,1
Rulesfreerage,2,2
justgotosleep,2,0
TimMinchin,2,2
Alienworks,2,1
gameshow,2,2
Genesis,2,1
the49,2,1
bremen,2,2
alopecia_areata,2,1
Portmanteau,2,1
musicproduction,2,2
digg,2,1
AmandaTodd,2,1
gamingvids,2,2
windex,2,2
sadsongs,2,1
ChilledChaos,2,2
SilverDaddies,2,1
gdstudiogonewild,2,2
Itu,2,1
neocron,2,2
karmawhores,2,1
Lifeofpi,2,2
saintcloud,2,1
Afrique,2,2
ColoradoOffroad,2,2
ellendegeneres,2,1
brickporn,2,2
fapfapfap,2,1
Sonics,2,1
Gifclips,2,2
Fapocalypse,2,2
WuTangClan,2,2
BDD,2,1
colbythedog,2,2
BentOverButts,2,1
leagueofdraven,2,2
pipeexchange,2,1
airbender,2,1
DrewBrickner,2,0
SanAntonioEnts,2,1
dirtytexts,2,1
f7u11,2,1
Funniest,2,2
Hidradenitis,2,1
circumcision,2,1
GameOverBar,2,1
Cheatmode,2,2
kolkata,2,1
favela,2,1
DreamerMikeeGaming,2,0
Riga,2,0
bathroomscrawl,2,2
AttackTheMoon,2,1
Mylot,2,1
Sway,2,1
pilots,2,1
animalfights,2,1
mybasis,2,0
NEPA,2,2
Jepson,2,2
teencraft,2,1
IronMan3,2,2
manners,2,2
RanboDasAndInkieIe,2,0
gpgpu,2,2
foundfootage,2,2
TIMTEBOW,2,1
submit,2,2
eyefinity,2,1
ballpython,2,1
GrouchoMarx,2,2
badjokes,2,1
nj4nj,2,1
ImHigh,2,1
Joedirt,2,1
fapgifs,2,0
multiman1,2,1
TheLaborMovement,2,0
dmx,2,2
Weddingsunder10k,2,2
EntDogs,2,2
Millennials,2,2
Paintballmemes,2,2
andrewsmithsucks,2,2
ArchangelleCarlSagan,2,1
Blogosfera,2,2
Ashland,2,2
AllIWantForChristmas,2,0
marketplace,2,2
FantasyMaps,2,1
CanWeHelp,2,1
REALMADRIDCF,2,1
Tribbing,2,1
PapaJohns,2,2
notzen,2,1
Anenome,2,1
ForgottenBookmarks,2,1
hackettstown,2,2
LGBTElders,2,2
Lindsaylohan,2,1
nzpolitics,2,2
Fzero,2,2
Westerns,2,2
BostonGaymers,2,1
redstonenoobs,2,1
Online_Movies,2,2
braceletcraft,2,2
otr,2,2
ClubVolleyball,2,1
studentfilms,2,1
ShedLife,2,1
wonderyears,2,1
therapy,2,1
Daniel,2,1
ComicBooked,2,1
lawtech,2,1
PLU,2,1
eww,2,0
nyspolitics,2,2
Rockledge,2,0
Robinson,2,0
carmageddon,2,2
SPSU,2,2
cutegirlswithpets,2,0
Athenian,2,1
bookent,2,2
800CallCenters,2,1
clockworkempires,2,2
Vihreat,2,1
ShitNukeThePopeSays,2,2
RileeMarks,2,1
wireddifferently,2,1
moronsofscience,2,0
indiangirls,2,1
gamestest,2,0
historicalrage,2,2
StoneSour,2,1
nathon,2,0
rectalanarchy,2,1
kevindevinetabs,2,2
TF2Videos,2,0
AcadiaU,2,2
PinnPanelle,2,1
7Wonders,2,2
mandalas,2,0
wdwcp,2,2
pianoteachers,2,2
camarillo,2,1
kevinshang,2,2
Machines4U,2,2
savagerealms,2,2
TexasSkateboarding,2,2
SeattleMovieNight,2,0
phgonewild,2,0
keane,2,2
DeFranco,2,1
wolfkipkipkip,2,1
AllTypesOfHentai,2,1
moab,2,1
Megadeth,2,1
AfricanHistory,2,1
tejanos,2,1
mantits,2,1
bloodbowl,2,2
99UVideos,2,1
transteens,2,0
philosophymadeeasy,2,1
programingchallenges,2,2
northernlion,2,1
RealityCompetition,2,2
PraiseYeezus,2,1
recycle,2,0
bowties,2,2
InkWash,2,1
cloudstorage,2,2
coalinga,2,0
AvaDevine,2,2
Tekkithelp,2,2
DCents,2,1
newwave,2,2
ANYONG,2,1
AutoHotkey,2,2
houma,2,2
snoca,2,0
TellMeImPretty,2,0
Autocross,2,2
pedalboards,2,2
AskRedditt,2,0
KnockKnockJokes,2,1
penmanship,2,2
Procrastinating,2,1
Titties,2,1
jack,2,2
Positive,2,2
flatbushzombies,2,1
bcfilmmakers,2,1
findasubreddit,2,0
telugu,2,1
SocialJusticeWarriors,2,2
dirt3,2,1
airship,2,2
VVVVVV,2,2
crunkcore,2,1
nmrih,2,1
TPWGaming,2,2
laser,2,2
Sips_Co,2,2
Mildlypyongyang,2,2
MainstreamMusic,2,1
warface,2,2
fusion,2,1
littledickproblems,2,0
androidtablet,2,0
BSAtroop93,2,0
skullkid2424,2,1
DocumentedTruth,2,1
fsf,2,1
FindAGame,2,1
portal2mapping,2,1
sju,2,2
Loyalists,2,1
cheesegrater,2,0
Sphero,2,1
StockFootageFind,2,2
AlyMichalka,2,1
CardWars,2,2
websec,2,2
karmagifs,2,1
Jediism,2,2
picturesofiansleeping,2,1
pandas,2,1
TheFirstLaw,2,1
StarCity,2,0
embedded,2,1
malmo,2,0
LoungeMusic,2,1
UAS,2,2
evilsithoverlords,2,2
EdinburghTrees,2,2
trapstyle,2,1
castboolits,2,1
bestfriends,2,1
nsfwgif,2,1
evilconferenceofevil,2,1
EvaGreen,2,1
JaredPadalecki,2,1
OGC,2,1
patrickonreddit,2,2
creationdatabase,2,2
MadeInCanada,2,1
LandlordAdvice,2,2
Impressions,2,1
CameronDiaz,2,1
rollingtrees,2,2
adverbs,2,2
UTEP,2,1
ritforhire,2,2
NetworkingJobs,2,0
hellyes,2,1
fifthworldtrees,2,1
PFSENSE,2,2
SherlockFoals,2,1
turtleman,2,1
Lahl,2,1
jindal,2,1
TheOmniscientFuture,2,1
CreativeProcess,2,1
mfs,2,1
mypenis,2,1
Gamechap,2,2
BlowJob,2,2
Hjemmesider,2,1
JailbreakPirates,2,0
NORML,2,2
Virus,2,2
mythtv,2,2
neanderthals,2,1
AskProfessors,2,2
AlexanderRhodes,2,2
Prison,2,2
offer,2,1
joeroganexperience,2,1
Congress,2,2
EmersonCollege,2,2
vidyavidya,2,2
StrongholdGaming,2,1
bergerac,2,1
todayilearne,2,2
PleasePleaseMe,2,2
picts,2,1
mail,2,2
eviloverlordproblems,2,1
northshore,2,1
RDDT,2,2
christinaaguilera,2,1
pediatriccancer,2,1
classicwho,2,2
BadKidPodcast,2,1
ArtConservation,2,2
ReddiTron,2,1
Resume,2,1
zebras,2,2
TheNeutralOrder,2,2
Respect,2,1
mydogvernon,2,1
ighthand,2,1
viral,2,2
wildhockey,2,1
Ancap_Somalia,2,2
UnicornsMusic,2,1
awkisopen,2,1
itpostmortems,2,1
PuzzlePirates,2,2
EmmanuelleVaugier,2,1
PlentyofFish,2,1
FitnessDeals,2,1
fgcu,2,1
tricites,2,1
YouthBibleStudy,2,1
TheArmedCitizen,2,0
csuci,2,2
n900,2,1
fifagifs,2,2
thegleeproject,2,1
qt_toolkit,2,2
MexiJobs,2,1
DavidIcke,2,2
res,2,1
handbras,2,1
StarcraftChina,2,1
VeganBaking,2,2
creations,2,1
OutsideLands,2,2
Poo,2,2
allroad,2,2
useless,2,2
CareerSkills,2,1
Grenoble,2,1
fixedgear,2,0
UPMC,2,1
DesertRock,2,2
incomeinequality,2,1
voterrights,2,1
vitawallpapers,2,1
blogspot,2,1
The_Evil_Within,2,0
TartuVald,2,0
ilovekushpc,2,1
LeDarkFiggot,2,1
logiciels_libres,2,1
tylerisafaggot,2,1
theguild,2,2
TF2Mod,2,2
alcoholic,2,2
Glitchers,2,2
YamimashFanPage,2,2
spyker,2,1
Renton,2,2
RudeAskReddit,2,1
hegel,2,1
MildlyinterestingLoL,2,0
AtlanticDivision,2,1
musicprogramming,2,2
Primavera6,2,0
MaxGisaG,2,0
readingfestival,2,2
KelleySchool,2,2
FengShui,2,1
Veep,2,1
Deerhoof,2,1
SpaceHulk,2,0
perthmusic,2,1
autoloans,2,2
manger,2,1
TelescopeMaking,2,2
clinicalcounselors,2,2
Kirkland,2,1
unh,2,1
marksagiantpenisface,2,1
welcometohell,2,0
Localize,2,2
StartMotorsport,2,2
Suikoden,2,1
redditcore,2,1
codeprojects,2,2
reiki,2,2
Albuyeh,2,1
whisky,2,0
CalgaryPeople,2,1
Kipling,2,2
antisemitism,2,1
FireAlarm,2,1
Urbex,2,1
WebDevHelp,2,1
linuxaudio,2,1
candidpornstarphotos,2,1
wittenberg,2,1
secrettime,2,1
Severn,2,2
badcreditloansuk,2,1
RTFM,2,1
nerdart,2,2
Monitors,2,2
90daybadcreditloans,2,1
Stampeders,2,1
militaryatheists,2,1
galway,2,1
2YNielsBrock,2,0
modmailcirclejerk,2,2
BLTTP,2,0
Workproblems,2,2
newberry,2,2
designinspiration,2,2
remembernames,2,1
dancedit,2,2
blindmelon,2,2
d3showoff,2,1
Reggaeton,2,1
CelebsOnly,2,1
johngoodman,2,1
sesamestreet,2,2
kjerk,2,2
THC,2,2
rdjpaca,2,1
CambridgeMA,2,2
ladfrombrad,2,1
paint,2,2
Thief,2,2
thestatus,2,1
hurling,2,2
thomasthetank,2,1
SexyPatriots,2,1
killerinstinct,2,1
500smallloans,2,1
telekinesis,2,1
barbiegirls,2,2
ForbidLoves,2,0
franksinatra,2,2
Bullmastiff,2,2
Tijoy,2,1
SleepingBeauties,2,1
MallCrawlers,2,1
occupydetroit,2,1
SciFiAndFantasy,2,2
strikeback,2,0
1yearsmallloans,2,1
ChannelAwesome,2,0
dreaming,2,2
collegeconfidential,2,0
Jump,2,2
kaseya,2,2
zfs,2,1
pizzamyheart,2,2
aqueousband,2,1
BigBeats,2,1
socialnetworking,2,2
fastcollapse,2,1
likemyband,2,2
ames,2,2
ocremix,2,1
1yearloansbadcredit,2,1
VentureSquad,2,2
CrazyUSA,2,1
PlayCockatrice,2,0
Bestbuy,2,2
consume,2,2
poonmarrymek,2,2
Pokemonranger,2,2
paducah,2,2
buysellsites,2,2
MrFergusMcgee,2,2
FUCKuLEVI,2,1
ugly,2,2
codersnetwork,2,0
customgames,2,1
ewu,2,2
MusicalTheatre,2,2
LoL_Art,2,0
ben,2,2
sfml,2,2
Barbados,2,2
FlightOfTheConchords,2,1
FacebookGold,2,2
nucleardawn,2,2
1hourloanskentucky,2,1
wnslHoopsquad,2,1
DresdenFilesRPG,2,2
celebupskirts,2,1
CodyRobertSimpson,2,1
NewportSW,2,0
opendocument,2,1
getoffreddit,2,2
SehomeHighSchool,2,1
lifeafteruniversity,2,1
SoulCalibur,2,2
DogMeetup,2,2
vehicles,2,2
MississippiEnts,2,2
algae,2,1
SDLC,2,0
FatPeopleDoingStuff,2,2
nissanjuke,2,1
ChalkZone,2,2
Steve,2,1
lolsail,2,2
eatdownvotesfaggot,2,0
TrollClop,2,1
SHITCORE,2,1
davidlynch,2,1
windsor,2,1
castaneda,2,1
PlatingPics,2,2
trondheim,2,1
pokertheory,2,1
GravityBongs,2,1
GamingMaggots,2,1
davegrohl,2,2
RedTeamForLife,2,2
gifarchive,2,1
messages,2,1
cholo,2,2
DepressionOceania,2,0
TexasPets,2,1
ShitThatNeverHappened,2,1
avatarfauna,2,2
NoNet,2,2
draw,2,2
urdupoetry,2,1
FutureTechnology,2,1
anokabros,2,2
armagetronad,2,2
NotableUpcomingEvents,2,1
ketosnackexchange,2,2
das,2,2
TheBarbershop,2,1
gaymarriage,2,2
Marietta,2,2
AdvicePolitics,2,1
fifthplateau,2,1
teenmusic,2,1
bucuresti,2,1
doubleliftsaid,2,1
AdultGamers,2,1
501st,2,2
CompTIA,2,2
Margarita,2,0
illegaltorrents,2,1
tothemoon,2,2
animalsridinganimals,2,1
ahsphoenix,2,1
ShittyDota2,2,2
DarkAmbient,2,2
problemoftheday,2,0
DepressionJournals,2,1
randonneuring,2,2
yandere,2,1
Spring,2,1
catalanindependence,2,2
srjc,2,1
CopperasCove,2,1
BassGuitar,2,1
FaceTimeBros,2,2
DavidTheWinStinks,2,1
roger_,2,0
QuickBadCreditLoans,2,1
Hipsterchicks,2,1
highriskinstallment,2,1
LeftyGuns,2,1
InstallmentPayday,2,1
causes,2,2
Ghost,2,1
cringecirclejerk,2,0
weeklyrepaymentloans,2,1
backspin,2,1
Mike,2,2
nicepeople,2,1
pinkiebelongstonimble,2,1
Concert,2,2
Coupon,2,2
FreshPrince,2,2
Roses,2,1
FlyingFuck,2,1
learnvietnamese,2,1
thirdworldanarchists,2,0
Apophysis,2,2
happyhapa,2,1
thisisme,2,0
TheUniverseProject,2,1
ClarksonU,2,1
SelfEmployedLoans,2,1
MineZTips,2,1
techcannonfodder,2,1
Sibelius,2,2
tf2au,2,2
RandomActsOfGiftCards,2,1
rapesquadkillerz,2,0
Strabismus,2,1
StreamSmite,2,1
GoodParenting,2,1
amipretty,2,1
Lavalamps,2,2
notreallyenjoyingit,2,0
atlasftk,2,1
luke,2,1
PhilosophyofMath,2,2
avaricious,2,0
Triverske,2,1
Ian,2,2
MorbidRealty,2,1
Spirits,2,2
Abitibi,2,2
NZConfessions,2,1
bashycat,2,2
shibari,2,1
stonermusic,2,2
panicatthedisco,2,2
Horrorcore,2,2
strathclyde,2,1
CyndiLauper,2,1
sanjigenjiten,2,2
nick,2,1
Loveline,2,2
Redditcupteamsub,2,2
50shadesofgrey,2,2
Bayes,2,1
3MonthLoan,2,1
EntProblems,2,2
biscuits,2,1
exmodrinks,2,2
loldogs,2,1
spammers,2,1
NameThatSong,2,1
Low,2,2
GeorgeCarlin,2,1
snugglehistory,2,1
tau,2,2
wesnoth,2,1
Colby,2,2
mechanicalinstruments,2,1
oregontrailproblems,2,2
BloonsTowerDefense,2,2
codered,2,2
brucelee,2,2
RPGMiniatures,2,1
urbanexplorer,2,1
benandmallory,2,1
killmenow,2,1
XTerra,2,1
DVP,2,1
grizzlymen,2,2
bamanpiderman,2,1
keene,2,1
njtrees,2,1
Scandicraft,2,1
playdatehouse,2,1
sexybunnies,2,0
ps3hacks,2,1
UniversityofChicago,2,1
carrionfields,2,1
NearReality,2,0
RedditYouth,2,0
AbuseInterrupted,2,1
ParkRangers,2,1
NewTubers,2,2
eMemphis,2,0
FamilyJules7x,2,1
ranting,2,0
puffincat,2,1
RideitNC,2,2
bunniesinhats,2,1
Elantris,2,2
javabeginners,2,1
Minecraft125ModIndex,2,1
Liberal_Logic_101,2,2
life_extension,2,2
Vhoorl,2,1
PalomarCollege,2,0
whalebait,2,2
prolog,2,1
pawbyte,2,1
LightbringerSeries,2,0
artnewmedia,2,1
bm_oak,2,1
MarylandPolitics,2,0
traveling,2,2
feministic,2,1
dafuq,2,1
Spaced_icks,2,2
installmentloansus,2,1
NothingButDust,2,0
Belize,2,1
RRoffseason13,2,1
panopticon,2,1
Treepiphany,2,1
Mondo,2,2
nocheckingaccount,2,1
Mormons,2,1
RedMustard,2,0
TheHallsOfSagan,2,2
Rosario_Vampire,2,1
nazizombies,2,1
SpiritedAway,2,0
OSUTREES,2,2
activedirectory,2,2
Battulga,2,1
DonCheadle,2,1
MagicalPonyFarts,2,1
riotgrrl,2,1
camming,2,2
OnlyModsCanJoin,2,1
MusicIndustryLA,2,1
uhart,2,0
cod2,2,2
raynes_park,2,1
fantasywriting,2,2
watertownny,2,0
Fukishima,2,1
Weskerrun,2,1
WhereDidTheNuggetsGo,2,1
stupidfoodsituations,2,2
ShouldIBuyThis,2,1
scamp,2,2
warpedsound,2,1
foolzgold,2,1
PlanetGranite,2,1
StickofTruth,2,1
thinkaboutthis,2,0
Suriname,2,1
TeamsurvivalofAwesome,2,2
morbidlyinteresting,2,2
russianblue,2,0
LEOGG,2,1
AchievementHunt,2,1
newvanton,2,0
Trickshot,2,2
EmmyRossum,2,2
Reddragons,2,2
Cheesus,2,2
stylesheettesting,2,1
YouTubeTease,2,1
gokarts,2,2
Bedbugs,2,0
musicology,2,1
SMM,2,1
SaladFingers,2,1
infamous,2,2
electricsix,2,2
sfgaymers,2,2
Dwhb,2,2
italica,2,1
intrade,2,2
conspiracyvideos,2,1
nsfwstories,2,2
r4rBRIS,2,1
Ablockalypse,2,2
spacecage,2,1
DubstepDiscovery,2,1
SquaredCircleEvents,2,1
Resorts,2,2
brokenchairs,2,1
macrame,2,2
TrainSimulator,2,2
MyFriendsYourFriends,2,0
HentaiGames,2,1
albumart,2,1
highschoolproblems,2,2
wmass,2,2
PodcastMexico,2,1
reallifecam,2,0
Cumberland_Maryland,2,0
PortableWritingDesks,2,1
CABoozePool,2,1
albums,2,1
tetonsatateratatons,2,2
EFT,2,2
chessporn,2,0
RoboWars,2,1
ihatebabies,2,1
tribalhero,2,1
Chatpals,2,1
Zakaria,2,2
BoltonValley,2,1
morse,2,2
Mormonism,2,2
strikesuitzero,2,2
Youtube_Famous,2,0
dcphotography,2,1
localbands,2,1
ship,2,1
keltec,2,1
printers,2,2
donlemon,2,0
devante,2,1
wanthathing,2,1
countryRadio,2,1
homecockpits,2,2
conky,2,2
dwarfism,2,0
coolstufftobuy,2,0
AmyAdams,2,1
CLI5,2,2
Amber,2,1
LyricPorn,2,2
SoulCaliburV,2,2
Domain,2,2
4BitGaming,2,1
shittymath,2,1
Gonts,2,1
kickthehabit,2,2
eastereggs,2,2
ShitRedditSmells,2,1
EdmontonGamers,2,2
oops,2,1
fanfilms,2,0
MinecraftForever,2,1
BuscemiEyes,2,2
WNC,2,1
kombiservisi123,2,1
celebritylookalike,2,1
bronieswithfedoras,2,2
2d6,2,2
mdr_quebec,2,1
classy,2,2
WomenBeating,2,2
nofee12monthloans,2,1
haskellquestions,2,2
MourningPorn,2,1
Vulcan,2,1
schweiz,2,1
TalesOfGreatness,2,1
QuantifiedSelf,2,2
ElectricForest,2,1
RussianImmersion,2,1
SolanoCounty,2,1
AdrianCLawrence,2,0
ClinicalGenetics,2,2
WhiteCisMale,2,0
gonewildrequests,2,2
5xmetacirclejerk,2,1
CheapThreads,2,1
facebookactivism,2,1
vets,2,2
DanHarmon,2,1
firstworldprotips,2,1
RedditBrigadeLounge,2,2
SurvivalGamesXbox,2,0
dramaconspiracy,2,1
nosurf,2,1
howhighami,2,0
CreampieEating,2,1
longexposure,2,2
intentionalcommunity,2,2
gamines,2,2
globalagenda,2,2
MoundMN,2,2
konapartment,2,1
resources,2,2
nailedit,2,1
Shoeshine,2,1
AusGameSales,2,1
UniformFetish,2,1
RaveGirls,2,0
666,2,0
wollongong,2,2
Farshaton,2,0
vintagetechporn,2,2
transfashionadvice,2,2
mag,2,2
KWTSDaD,2,1
NZMovies,2,2
healthcareliberation,2,1
pootis,2,1
valarmorghulis2013,2,2
GTFO,2,2
VWs,2,1
potato,2,2
starcraft2clans,2,2
rainbroisafag,2,1
SuperMinerBros,2,1
TrueScience,2,0
cbase,2,2
bachelor_chow,2,2
TheBronxScience,2,1
systemofadown,2,2
Riftland,2,1
Alzheimer,2,1
CAPokerChat,2,2
fullhouse,2,1
finny,2,1
moddingguides,2,2
boxgap,2,1
HardandFitGirls_Vids,2,0
improbableisland,2,1
15minuteloans,2,1
JustDamnCool,2,1
ur1cheekykunt,2,1
ModsOfTheRealms,2,2
planking,2,2
chrome_extensions,2,1
Pantera,2,2
Pectus,2,1
Paraguay,2,2
lazy,2,2
GeekFights,2,1
StLucia,2,2
dnguildrust,2,1
newwestminster,2,1
ThraxCo,2,1
Constitution,2,2
Stuart,2,1
BeagleBone,2,2
ExoLife,2,2
googleearth,2,1
TomSwifties,2,1
ASCII,2,0
gonewilder,2,1
OrangePrototype,2,0
HeyTP,2,1
numerical,2,2
shittyvoicebattles,2,1
SSoPB,2,1
photomag,2,1
Falafeltree,2,2
hellnojuggalo,2,1
NWT,2,2
haskellcn,2,1
unsigned,2,2
dizzyhearts,2,1
Unemployment,2,0
dad,2,2
9pep,2,1
lunalovegood,2,1
DestinyBungie,2,2
binary,2,1
Bubbles,2,2
Thewilliams,2,2
napoli,2,1
polarbears,2,2
riograndedosul,2,1
stfx,2,1
starfleetnews,2,2
optimism,2,2
ColumbiaMD,2,1
DannyBrown,2,2
bennington,2,1
Robbaz,2,1
ThePrettyReckless,2,2
giflibrary,2,2
tompowellisafatbabby,2,2
sessioningbrothers,2,1
toolrestoration,2,1
electrician,2,2
liste,2,1
westpoint,2,2
TheHumanVoice,2,0
AdminAssistants,2,1
gofuckyourself,2,2
mitchellheisman,2,1
TerraFirmaCraft,2,2
Ensiferum,2,1
AdviceGaming,2,2
DickButt,2,1
banality,2,2
squaredancing,2,2
HybridElectric,2,2
Pennystock,2,1
linesthatwork,2,1
Terra_Craft,2,1
aethusa,2,1
lighters,2,1
Allendale,2,1
scients,2,1
NorthwoodHighSchool,2,1
AsexualityTheMovie,2,1
vase,2,1
fortressforever,2,1
socboomar,2,1
MindcrackFTB,2,0
sociallyawkward,2,1
Marimba,2,2
NewInstitutional,2,2
nyuxx,2,2
HawkthorneTest,2,2
FoundArt,2,1
exSistersinZion,2,1
SDSMT,2,2
lausanneschool,2,2
storms,2,2
zombiepets,2,1
WTFisjuice,2,2
CapitalistDayz,2,0
loanforpoorcredit,2,1
phisigmapi,2,1
clothesexchange,2,2
darrencriss,2,1
Springfield,2,1
Grieving,2,2
MoundsView,2,1
primeval,2,2
oysters,2,2
FionaApple,2,2
appledash,2,1
gameoflife,2,2
deCrypto,2,2
reddits,2,1
askastronomy,2,2
vndiscuss,2,1
Sunsets,2,2
MiniPenguino,2,1
highgrounds,2,1
couples,2,0
femaleladyboners,2,1
redbull,2,2
BHSjerk,2,1
UWMLPFIM,2,1
dangerzone,2,2
Kalmar,2,1
YCDT,2,1
HottyToddy,2,0
micronations,2,1
info,2,2
Mom,2,0
NewbTubers,2,1
TheShowdownEffect,2,1
Medford,2,1
Lighthouses,2,1
EmploymentAssistance,2,1
streetview,2,1
ScaryBilbo,2,2
appdev,2,1
datarecover,2,1
elfontheshelf,2,1
Bassframe,2,2
NaturalFarming,2,1
JDRagones,2,1
antarctica,2,1
FPS,2,1
lordi,2,1
oxeyegames,2,2
Tupac,2,1
marfans,2,1
FleetwoodMac,2,2
Macsico,2,0
HistoricPreservation,2,2
obscurism,2,2
2channel,2,1
fursuitsex,2,2
flitter,2,1
FilmFestivals,2,2
IN_N_OUTBURGER,2,2
TheCoalition,2,1
PlasticWrapPorn,2,1
StopSlavery,2,1
rastafari,2,2
rockmusic,2,1
6monthpaydayloans,2,1
stompboxes,2,1
recruiting,2,2
Carioca,2,1
paydayloan1hour,2,1
spaz,2,2
DemetriMartin,2,1
karmachan,2,1
frugaljerk,2,2
MRActivism,2,2
TodayIReadCracked,2,0
RoadRage,2,1
mcpublicofftopic,2,2
Mail_forwarding,2,1
Wiccanliving,2,2
studypals,2,0
ISwearIWontTellRWJ,2,2
besttldr,2,1
catsthinktheyrepeople,2,1
CIO,2,2
HistoryResources,2,2
luchalibre,2,1
BigTheCat,2,1
OrsaraRecipes,2,1
drumstepCSStest,2,0
Amory,2,2
Floris,2,0
doctorwho_ns,2,2
IndustrialMaintenance,2,2
AwesomecraftMCserver,2,1
Musiclovers,2,1
philosophicalbooks,2,2
enemas,2,1
cannabisconnoisseurs,2,2
TOURS,2,2
thread,2,2
OlanRogers,2,2
shortboarding,2,1
arm,2,2
Jewwatch,2,1
childishgambino,2,2
WEMF,2,2
plum,2,1
Emporia,2,0
WYR,2,1
herobrine,2,2
learndutch,2,2
herrman,2,2
Fuckedupanimation,2,1
Actress,2,2
lAmA,2,2
Pablaseus,2,2
Inks,2,2
EconPapers,2,2
acecombat,2,2
storyhour,2,1
DOUBLEFINE,2,1
2XPDX,2,1
PHOtakuClub,2,2
t:2013,2,2
GoIO,2,2
mindcrackmemes,2,2
abc,2,2
TacticalBacon00,2,2
onlineinstallment,2,1
fukuoka,2,2
CommercialAV,2,2
ISKCON,2,1
Applications,2,1
selfsurgery,2,2
rcnj,2,2
Pornhub,2,2
GeneralHospital,2,2
CivSkyCity,2,2
BigBrotherCanada,2,2
fostershome,2,1
monarchist,2,1
alterbridge,2,1
Krystallnacht,2,1
MotorcyclePorn,2,2
experients,2,1
sweaters,2,2
rule63,2,2
Denim,2,1
FSIConnect,2,0
composertalk,2,2
combinedwords,2,2
babywildanimals,2,2
Pangenital,2,1
Weightroomcirclejerk,2,0
supersicknastymusic,2,2
letstalkcars,2,2
DailyFact,2,1
hockeyjerseys,2,1
mittler,2,1
YesisFree,2,1
Filme,2,2
IHateJews,2,2
picturesoftext,2,2
musicalcomedy,2,1
royalpains,2,2
steamlinux,2,2
none,2,1
minecraftschematics,2,2
aussies,2,2
shittyhomes,2,1
bayareacirclejerk,2,2
altxmas,2,1
Damn,2,2
fifthworldaww,2,1
PoliticalWhatIf,2,2
lesbiancouples,2,0
thegoodwife,2,1
SRW,2,1
coasttocoast,2,0
codyk,2,1
myownfrigginsubreddit,2,1
WhyWeSmoke,2,2
BAT,2,1
Ukrainian,2,1
Melanie,2,2
enginenoise,2,1
WilliamsCollege,2,2
SUNNY,2,2
proguns,2,0
Noplasma,2,0
roguelikedev,2,2
cheezerman,2,1
searchengines,2,2
Womens,2,1
Blackmill,2,2
BankingCompliance,2,1
CatUniverse,2,2
emeraldcraftservers,2,0
londonlgbt,2,1
doityourself,2,1
PakPakia,2,2
Uppermost,2,2
Earthquakes,2,1
skilledtrades,2,2
CafeProcope,2,0
midi,2,2
dit,2,2
StraightCouchin,2,0
piercetheveil,2,1
radr,2,2
fortheloveofcake,2,0
luckystar,2,1
waze,2,2
proofreaders,2,0
RandomDeclarations,2,2
kerinportillo,2,2
GayBeards,2,2
naturalselection2,2,1
SuccessKid,2,2
whatamiforgetting,2,0
unitycoders,2,1
churchofcarbon,2,2
mother4,2,0
sci,2,1
drivinginrussia,2,1
punkdykes,2,0
SciFiModels,2,2
trex,2,1
comunism,2,0
thefall,2,2
Wheels,2,2
dickspace,2,2
hackmanhattan,2,1
rbcm,2,1
program,2,2
Cooperjerk,2,2
Rtilaey,2,1
alwayssunny,2,1
pth,2,2
twoxchromosones,2,1
CurrencyPorn,2,2
MetaMetaMetaFCJ,2,2
fcshakhtar,2,1
Fatherhood,2,2
redneck,2,0
CivWars,2,1
isthismusicanygood,2,2
LondonGaymers,2,0
Fuckscapes,2,1
SubredditReviews,2,1
Awwwwww,2,1
ebonyvideos,2,1
paradoxworldproblems,2,2
sexymonocles,2,1
OneUpboatAtATime,2,0
ps3bc2,2,1
TIWYTL,2,0
pokemonwatchers,2,1
FortPorn,2,1
silencers,2,0
dickingtonmanor,2,2
riddeit,2,2
TRDump,2,2
Stillepost,2,1
stedwards,2,2
keybiscayne,2,2
nsw,2,2
demanpls,2,2
ICE,2,1
MakeMeSmile,2,1
LOWERCASE,2,2
Sithit,2,2
maroc,2,2
armwrestling,2,2
jaredleto,2,2
loltribunal,2,2
spacedicksforreal,2,1
Numb3rs,2,1
PlusSize,2,2
noguns,2,1
BJMLsucks,2,1
hci,2,1
classicalworld,2,1
vegetarianrecipes,2,0
edmphilly,2,1
evo4glte,2,2
RabbitsWithWings,2,2
shutupyouguys,2,2
pomo,2,1
spoilers,2,0
VideoGameGraffiti,2,1
prototype2,2,2
macgyver,2,1
futanaria,2,0
Pima,2,2
shogi,2,1
skindiamond,2,2
shittymensrights,2,2
Volbeat,2,1
kingscrusher,2,1
tangsoodo,2,2
slotcars,2,2
Hentaygirls,2,1
cavs,2,0
latterdaysaints,2,1
BirdsWithoutArms,2,2
lactation,2,2
ForexFowerTools,2,1
FrankOcean,2,2
HaloPorn,2,1
EnvironmentalHazards,2,1
AnCap101,2,1
BabyVeganBooty,2,2
fyiff,2,2
GeeKnitting,2,2
TheBlood,2,2
Psychostick,2,2
Gamesnews,2,2
hassoplattnerinstitut,2,2
AshleyGeorge,2,1
anatomicalart,2,1
DigiBear,2,1
grief,2,2
todayulearned,2,1
CAPSLOCK,2,1
loanshighrisk,2,1
RedvsBlue,2,1
kennyvsspenny,2,1
transpersonals,2,1
ponyyang,2,1
mod360,2,1
SpecialCircumstances,2,1
TenaciousD,2,2
GodOfAtheismSucks2,2,1
mruby,2,1
AskAndroid,2,1
iwroteasong,2,1
programmingmemes,2,1
DigitalGameDeals,2,1
thinspiration,2,2
hoax,2,2
pillowhumpers,2,1
SkateboardingPhoto,2,1
wtfstockvideos,2,0
mountaineers,2,2
NewtonTrees,2,1
LetsMakeAStory,2,2
Kinesiology,2,2
SHAYTARDS,2,2
invention,2,2
VeganFood,2,2
hookup,2,1
UAF,2,0
Hanafuda,2,2
lolents,2,2
Noblesse,2,1
brownteam,2,2
Othertruegod,2,1
stonercomics,2,0
animations,2,1
poetscorner,2,2
trannytree,2,1
PublicWorks,2,1
InsectPorn,2,1
obx,2,1
carscirclejerk,2,2
DiscoveryProject,2,0
Jhereg,2,2
ProportionalRep,2,1
WBC,2,1
blizzardallstars,2,2
Bible,2,2
pushmo,2,2
mayanswereright,2,1
CIA,2,2
TrueValueInvesting,2,1
walrus,2,2
OrlandoJobs,2,2
UnsolvedMysteries,2,1
JustinTv,2,1
montpelier,2,2
cctv,2,2
cirlcejerk,2,1
ftbzac,2,1
KimberJames,2,1
Workamajig,2,1
Esquimalt,2,1
leaked,2,2
AngryBeavers,2,2
yourhaven,2,0
LatinBabes,2,2
ddstl,2,1
Coyotes,2,2
Dentists,2,2
nosegirlsxxx,2,2
praisethesun,2,1
lachenfreude,2,1
katebush,2,2
MAA,2,1
RedditMortuary,2,1
ChildrenofHoardersCOH,2,2
healthbeauty,2,1
replicaprops,2,1
qrcodes,2,2
TestingPlatform,2,1
fatalframe,2,2
MCAdmins,2,0
TeenR4R,2,1
jackoff,2,0
Foursquare,2,2
narcissism,2,1
bloodonthedancefloor,2,1
shellshocklive,2,1
discordia,2,1
100Bullets,2,1
JasonMraz,2,2
PhillyBarCraft,2,1
MassArt,2,1
rokugan,2,2
LaraStone,2,0
SteamMarket,2,1
ASOUE,2,2
ProjectYggdrasil,2,1
Fablehaven,2,1
highresgirls,2,1
kindlebookclub,2,2
metametametaOjerk,2,1
roleplaying,2,1
Whizzlers,2,1
minecraftau,2,1
GENIUS,2,2
mazzaquotes,2,0
Recitation,2,1
Storytelling,2,1
iloveboxxy,2,1
bidoof,2,2
WebRTC,2,1
GoneWildPlusSize,2,2
alchemyfestival,2,2
srshotnwild,2,1
Maxy,2,2
Militariacollecting,2,2
hotgirlswithtattoos,2,1
Maddox,2,2
PortmantinedWords,2,1
qwertyuiop,2,2
proposals,2,2
occupyseattle,2,1
smarthome,2,1
johndiesattheend,2,2
opinionatednews,2,1
ineedasong,2,1
DRAYTER,2,1
CarmeliteSpirituality,2,1
pregporn,2,0
Offroadcam,2,1
IWantARobotBody,2,1
wazonek,2,0
NexusOne,2,1
electromo,2,2
Shinedown,2,2
tsk,2,2
cacti,2,1
deepbass,2,2
Gampos,2,1
lemondaze,2,1
spotifylists,2,1
BitcoinScams,2,1
SparkleMotion,2,2
MarkTwain,2,2
Students,2,2
centralillinois,2,2
StateOfDecay,2,2
DuelingCorner,2,0
AdobeTutorials,2,1
swaqqot,2,0
deadspace3,2,1
ForgetMeNot,2,1
annoyingatheists,2,0
PhiDeltaChi,2,1
biotechnews,2,1
hakken,2,1
extended_logic,2,1
TravelDirectory,2,1
tsnsportscentre,2,1
Halflife3confirmed,2,0
CornCobPipes,2,0
gamecentercx,2,2
accessibility,2,2
HelpMeExplainRules,2,2
freeride,2,1
SilencedNoMore,2,1
stickittotheman,2,2
BlueMountainState,2,1
NZCringe,2,1
BritLit,2,1
ToolJerk,2,1
siena,2,0
AlexGrey,2,1
backbonejs,2,2
GirlsWithHeadphones,2,1
FuckingMSMAndHisFacts,2,1
razorfree,2,1
EvaLongoria,2,1
MenAss,2,1
fitmeme,2,2
WantWall,2,1
MenBalls,2,2
wowcs,2,2
Minecreations,2,2
juicebitch,2,2
LeMoonGuard,2,1
WangLin,2,2
bethgreene,2,2
Prince_Albert,2,2
mildlyinterestingtf2,2,1
Cowgirls,2,1
openbsd,2,2
newzNZB,2,0
arkham,2,1
eRepublik,2,1
iWorld,2,1
TranscriptRequest,2,1
threekings,2,2
sirclejerk,2,2
metrodev,2,1
psg,2,2
infinitecirclejerk,2,2
Icelandic,2,1
TechProTips,2,2
WinthropU,2,2
Pianorock,2,1
2monthpaydaycashloans,2,1
billcosby,2,2
MeQuedoUno,2,1
worldyperspective,2,1
Long,2,0
epictech300,2,0
GoodCopYesDonut,2,1
donotflylist,2,1
vicedocs,2,2
andoverhs,2,0
yishan,2,1
mylittlelinux,2,2
naogostodecensura,2,0
Biohacking1,2,1
und,2,1
unsecuredcashloans,2,1
peoplesrights,2,2
plus44,2,2
savethekitten,2,0
lolwtf,2,1
AwesomeThrillers,2,1
CarlitsBay,2,1
shittyAskHistorians,2,0
jokage,2,0
hackforums,2,1
BabyNames,2,1
SamsungGalaxyNote2,2,0
titanium,2,0
pcis,2,2
hophs,2,2
celebritypuns,2,1
FruitNinja,2,1
smallloansonline,2,2
noblesland,2,1
SDC,2,2
Hillary,2,1
Agility,2,2
cashin15minutes,2,1
IceVaginas,2,1
Leakcraft,2,0
samedaymoneyloansuk,2,1
vanjerk,2,0
MinecraftNations,2,1
FreeWrite,2,1
ChicagoPaydayLoans,2,1
no_egrets,2,1
foodtrucks,2,1
stateradio,2,2
intriguingdiscussion,2,1
meinlittlefuhrer,2,0
polka,2,2
baxter,2,1
applecirclejerk,2,2
dubsteprequests,2,1
TheITcrowd,2,2
R3x0R,2,1
Quakecon,2,2
MaleBondage,2,1
culvercity,2,2
battlefield5,2,2
tellemstevedave,2,2
ExplainThisAlbumArt,2,2
simpleplan,2,1
HelpoutReddit,2,1
IPP,2,1
UFV,2,1
beerreview,2,1
mynerdboyfriend,2,1
HyperSpin,2,2
AskAnyQuestion,2,2
ROOT4ROOT,2,2
1000loantodayuk,2,1
bag,2,2
kosher,2,2
IdahoSteelheadsHockey,2,2
EEP,2,1
information,2,2
enfj,2,1
montgomery,2,2
gameprogramming,2,1
CrazyRussians,2,1
lgbtKeto,2,1
upiecompany,2,2
rtmg,2,1
V2Blast,2,1
HTCDesire,2,0
author,2,2
BTYWRESTLING,2,1
Demonoid,2,2
bm_lad,2,1
sexstories,2,1
Burnout,2,2
rahtmg,2,0
ViolinAndFiddle,2,2
UTT,2,2
Delver,2,2
UltraSpicy,2,2
mlpInstrumental,2,2
sexcom,2,1
Pullman,2,2
hillaryclinton,2,2
redditfbdynasty,2,2
StoryTime,2,1
jerkcity,2,1
lastnightilearned,2,2
SecretsOfRedditors,2,1
ubuntuserver,2,2
draco,2,1
voxelplot,2,1
spokanetrees,2,2
cracking,2,2
Moriarty,2,1
olympicrecurvearchery,2,1
teenpregnancies,2,1
BumblebeesAndSuch,2,1
straightAs,2,1
code,2,1
okcupidcirclejerk,2,2
xboxfriend,2,2
spike,2,1
AZURE,2,1
airlines,2,2
FadedTorqueGaming,2,0
Urbandead,2,2
ChroniclesofClamhurt,2,1
PectusExcavatum,2,0
iamamiwhoami,2,2
Libertyville,2,2
remixmysong,2,1
GirlswithSunglasses,2,1
SwiftCraftOfficial,2,2
mysteriousmelvin,2,1
Safari,2,2
KendrickLamar,2,2
Humber,2,2
pootisjerk,2,2
Onetruegos,2,1
imakedubstep,2,1
cyberpatriot,2,1
BetaArmy,2,2
basingstoke,2,2
glenburnie,2,1
EuroTruck2,2,2
trophycounselor,2,1
Dares,2,1
TwoStrokes,2,2
doorcollectionloans,2,1
sjfc,2,1
PabuCraft,2,2
Emergentism,2,0
RobotAnna,2,1
backflip,2,1
Hellblazer,2,2
OKjobs,2,2
jick,2,2
500wordlives,2,1
BeginnerFanGameart,2,0
EvolutionarySocialism,2,1
mylittlespagetti,2,1
HHRdrivers,2,0
badcreditsmallloans,2,1
writermonk,2,1
nextelderscrolls,2,1
BabySeals,2,2
solarenergy,2,2
OneEurope,2,1
ShittyRequests,2,1
Willypowder,2,1
langrisser,2,1
whogivesashit,2,1
a7h13f,2,1
Carcassonne,2,2
openwrt,2,2
userscripts,2,1
miamiheat,2,0
klout,2,2
EnhancedConcertSeries,2,0
XirmeCommunity,2,2
UT2004,2,1
elitetv,2,1
tongueboners,2,1
IndyWrestling,2,2
ProjectReality,2,2
sacmarket,2,0
Dumbasses,2,1
frontensemble,2,1
vancouverpics,2,1
asdgfadfcvertweret,2,1
foretell,2,1
strictlyworldpolitics,2,1
HODGETWINS,2,1
ClarionUniversity,2,2
HostelGangBangStories,2,1
dogrecipes,2,1
Homeremodeling,2,1
polymerclay,2,1
PiratePartyUK,2,2
huh,2,1
Dan,2,1
mygamertag,2,1
Lab,2,2
Jaysoldtimemusiclist,2,1
PC_gaming,2,1
petco,2,1
WildfireWorlds,2,2
HamptonRoads,2,2
whensuddenly,2,0
insanity,2,0
SvenskHumor,2,2
wakarusa,2,2
LateNightTalkShows,2,2
asphalto,2,1
SubGenius,2,2
MotionComics,2,2
alwalser,2,1
Mexicali,2,1
starwars7,2,1
PhatLewtsGold,2,0
SpotifyHHH,2,2
lolfuckyoutom,2,1
engineers_in_paris,2,1
toddakin,2,1
iosmusicproduction,2,1
vegasr4r,2,0
starocean,2,2
asksandiego,2,2
interiordecorating,2,2
WendyFiore,2,2
legacyofviolentacrez,2,1
WetTshirts,2,1
OnlyInKenya,2,2
generative,2,1
internetradio,2,2
bigcats,2,2
hsc,2,1
iTrabaho,2,1
munchies,2,0
AltArt,2,2
DLB,2,2
AppropriateTechnology,2,1
CalgaryJobs,2,1
askreddity,2,0
ZombieGirls,2,1
codingdojo,2,1
gibraltar,2,1
TeamFourStar,2,2
965thebuzz,2,1
SunnyHill,2,2
SkoesMom,2,1
allthethings,2,1
homegrown,2,1
VIDEOENGINEERING,2,1
reginastrikersfc,2,1
sambo,2,1
skenndocirclejerk,2,0
nasl,2,1
KiaSpeaks,2,1
organization,2,2
AussieTechHeads,2,1
Untappd,2,1
BreadMachines,2,2
Lolicore,2,1
timisoara,2,1
PornStar_TwitPics,2,2
KatDennings,2,2
WhatTheTech,2,0
SwissMountainDogs,2,1
leagueoflegendschina,2,0
Chydrego,2,2
Webapplication,2,1
dogsex,2,2
wowbro,2,1
DropzoneCommander,2,1
Mudvayne,2,1
trueteenagers,2,1
LumiaCinemagraph,2,1
researchchemicals,2,2
laqueristents,2,1
lolruby,2,1
handbags,2,2
thephantomoftheopera,2,1
bcs,2,1
badfbmemes,2,1
Sup,2,2
crows,2,1
SolarFlower,2,2
Pac12,2,2
Snowplow,2,1
hoedowns,2,0
CatFacts,2,2
hearing,2,2
Cavitation,2,1
watc,2,1
ties,2,1
stumbleduponthisgem,2,0
JEEPCOMMANDER,2,0
digitalbackroads,2,0
battlefront,2,2
shayon,2,2
HiddenSource,2,1
prowrestlers,2,2
BIGBIGHUGE,2,2
modelengineering,2,1
regex,2,1
bluevalecirclejerk,2,2
Freedom,2,2
coastguard,2,2
arihantarden,2,1
TheWarZCommunity,2,1
HURevolution,2,1
americangods,2,1
WorkshopPorn,2,1
skaro,2,2
arcanum,2,2
peoplesparty,2,2
eroticcomics,2,2
thingiverse,2,2
dinosaur,2,1
BogsOfTheNortheast,2,1
Dreamweaver,2,2
ambientidm,2,1
Shambhala,2,2
FanTrailers,2,1
ipadmini,2,2
nAwwwzi,2,0
wargame,2,2
Flamingo,2,1
subwoofer,2,2
PatrickWatson,2,1
monkeys,2,2
Kittyboners,2,1
TheStatelessMan,2,1
blops2,2,2
fantasyworldproblems,2,2
mlpwallpapers,2,2
FamilyPics,2,0
fanfictionabomination,2,0
ConspiracyFacts,2,2
isaacnewton,2,1
DuctTape,2,2
keycaps,2,1
palindromes,2,2
RichardSimmons,2,0
1500installmentloans,2,1
quipquap,2,2
ttgbarcelonaservices,2,2
stamps,2,1
JennieJune,2,1
ILC,2,2
ScionxB,2,2
ThatBeardedCarGuy,2,1
Waystofixit,2,0
FeetOfMen,2,2
CaliforniaMedicare,2,2
flyleaf,2,1
Situationism,2,2
Halo2,2,2
revolution,2,0
gayyoungold,2,2
xubuntu,2,2
butt,2,1
MFZ,2,2
interlingua,2,0
Fruitarian,2,1
heteroflexible,2,0
ClimateCrisis,2,1
GnuPG,2,2
Ozsploitation,2,1
SuperWhoLock,2,1
smodcast,2,2
dogpranks,2,1
leagueoftrolling,2,0
RomanPorn,2,1
DestinationTruth,2,1
mlu,2,1
livingdeadheads,2,2
RealGirlsSFW,2,1
YouShouldBeAshamed,2,1
AllSkyfall,2,1
GIFshop,2,2
HockeySticks,2,2
wizkhalifa,2,2
farsetlabs,2,1
AbnormalButAwesome,2,1
powerball,2,1
NoTerrenceAllowed,2,1
farmbox,2,1
TheVitaBox,2,1
Templejerk,2,1
drugabuse,2,1
badcreditdoorstep,2,1
catfancy,2,0
LeonistBad,2,1
ChallengesforGirls,2,1
DuncanOk,2,1
Rockraiders,2,2
DungeonDesigns,2,2
FantasticFour,2,1
smallloansus,2,1
transport,2,2
exuriagaming,2,0
broomball,2,2
rumpelstiltskin,2,2
libreoffice,2,2
kzmod,2,1
nullsecproblems,2,2
ramdass,2,1
DrawingAnime,2,2
Veril,2,2
marmite,2,1
Osho,2,2
Interstitialcystitis,2,1
circledating,2,2
wolfattacks,2,2
PeanutButter,2,2
neography,2,1
Basunkosfails,2,1
Milestone,2,2
entropiauniverse,2,2
RisingYouTubers,2,1
MVAgusta,2,1
Afterschool,2,2
Fairfield,2,0
ShitRedditDoes,2,2
MeetingSceneNL,2,1
ConspiracyLogic,2,2
teenpenpals,2,2
invisiblechildren,2,1
TeaHC,2,2
EloraamsRedPower,2,2
baconlovers,2,1
AustralianArmy,2,1
FSUCrew,2,0
exquisitecorpse,2,2
hacker,2,1
puffy,2,2
Pageants,2,1
Defcon,2,2
Nosh,2,2
Menopause_Madness,2,1
birdgifs,2,1
Edgy,2,0
CBdramadrama,2,1
tubitak,2,0
RUGC_EuropeDrama,2,1
semo,2,2
ps3bf3ts3,2,2
swimsuits,2,1
worldwarz,2,2
rugbyleague,2,0
FindTheOthers,2,2
OMG,2,1
2060,2,1
bug,2,2
microscopy,2,1
darksiders2,2,2
needaloantoday,2,1
australiancatholicuni,2,2
linuxgaming,2,2
90sNostalgia,2,1
Tarzan,2,1
DailyMail,2,0
realbuffalo,2,1
8bitmetal,2,1
healthmagazine,2,2
shoemaking,2,1
FaveSongLyrics,2,1
Championship,2,2
SveaFur,2,2
wichitafalls,2,2
hotlesbians,2,2
sarajevo,2,1
superbraveryjerk,2,2
autoloanforpeople,2,1
circlebrokeinfinity,2,2
M43,2,2
urgentcashloansca,2,1
smnctrade,2,1
john,2,1
Mind,2,2
dentallychallenged,2,1
mainecoons,2,2
FitHo,2,1
Filmmakerstoys,2,1
dragonsanddungeons,2,1
JonathanCoulton,2,2
gonewildbreakingnews,2,1
scent_of_women_feet,2,1
Ayahuasca,2,1
Preterms,2,2
anything,2,0
flyinglotus,2,1
legalizetrees,2,2
DerekGoneWild,2,1
g2x,2,0
Montrealmeetup,2,2
Durango,2,2
Complain,2,2
Marketresearch,2,2
poopbeards,2,1
Hometipsandtricks,2,2
PerlerBeads,2,2
BlackOps2Zombies,2,2
pedant,2,2
estatesales,2,2
VoidDestroyer,2,1
done,2,2
thrashmetaljerk,2,1
fdsfds,2,1
Buttholeoftheinternet,2,1
peterfletcher,2,2
gamingpodcasts,2,2
Fcjslashfic,2,1
hurlstone,2,1
SezzThoughts,2,1
spookology,2,2
Handspinning,2,2
alexis,2,1
slothsinsuits,2,1
SubRedditDucks,2,1
magicskyfaggot,2,2
whatisthisthing_jerk,2,1
jacke,2,1
nzgaming,2,2
AustroLibertarianVids,2,1
ahwupdate,2,1
placebo,2,0
rayados,2,1
SegaBassFishing,2,2
ausjobs,2,2
Box,2,1
metroko,2,1
littlebigdenver,2,2
HumanityRestored,2,2
150dips,2,1
spacegasm,2,2
KarmaShop,2,1
Halloween_Town,2,2
Musicaltrees,2,1
truthordare,2,2
arrangebypenis,2,2
Bear,2,0
slowloris,2,1
gunnitxt,2,1
foo,2,2
Cinefilos,2,2
thomaswasalone,2,1
Fax,2,2
counterfeit,2,1
MasksGoneWild,2,1
Avon,2,1
RedditRePost,2,2
treesactivism,2,1
anddev,2,1
Shooting,2,2
puremilf,2,2
collectables,2,1
Dirty530,2,0
JoshBernardCooper,2,1
LadiesInLeather,2,1
eclipsephase,2,2
marisamiller,2,2
NYCTreeDelivery,2,1
ingressaz,2,2
PinStriping,2,2
WhiteCatsWithBlueEyes,2,1
ChuckleBrothers,2,0
LOLTrees,2,2
FRIEND,2,2
DramaticReads,2,2
KetoVids,2,0
companiesgonewild,2,2
Eskrima,2,2
Inrikespolitik,2,2
Palringo,2,1
LaceyDuvalle,2,1
actsofkindness,2,1
ibooks,2,1
streakrunning,2,1
HyperV,2,1
robotech,2,2
tBBF,2,2
ZBrush,2,1
Halmstad,2,2
MinecraftEpicQuest,2,0
1990s,2,1
DOOMgames,2,1
Scarborough,2,0
clubintenselyawesome,2,2
PokePornFics,2,0
BerryPunch,2,1
jakesreposts,2,1
UltraCross,2,1
alpinereplay,2,2
DanielCaviIsAwesome,2,1
golfgearswap,2,1
DecIsFat,2,2
PlymouthUniversity,2,1
nixuserproblems,2,1
scoutpatchtrading,2,2
wondersofskyrim,2,1
NSFW_hardcoree_porn,2,2
MMA_BJJ_BABES,2,1
bilgisayar,2,1
LarryFanClub,2,2
swaglevel5,2,1
sealab2021,2,2
msdynamics,2,1
anythingandeverthing,2,0
TheSSFUNTIME,2,1
mafiacommons,2,1
colorador4r,2,0
Pornoti,2,1
aiHub,2,2
Warhammerstories,2,2
chiari,2,1
salad,2,1
DrinkingWater,2,2
monopoly,2,2
IJustPlayed,2,2
beagentleman,2,1
epicmafia,2,2
crabalocker,2,1
ExplainLikeAPro,2,2
ihateitwhen,2,1
MelanieMartinez,2,1
Lyricsporn,2,1
RVIDXRKLVN,2,1
mIRC,2,0
EQNext,2,1
tahlequah,2,1
AskLGBT,2,1
thehubhub,2,1
sens,2,1
VanuEnts,2,1
OccupySeedBank,2,1
joespenis,2,2
treescirclejerk,2,0
itunesreviewexchange,2,0
softcocks,2,1
PLURGH,2,2
nickreinboldfanclub,2,0
CANFreebies,2,0
MinecraftTS,2,1
paper,2,2
SkiFree,2,2
ThinkingChristians,2,1
CatTalk,2,1
fidget,2,0
Latte,2,1
cheerilee,2,1
freeware,2,2
Madagascar,2,2
AthletesAnonymous,2,1
pornshare,2,2
Guilin,2,0
alexjones,2,1
SUV,2,2
WestonMC,2,2
PolarBearCafe,2,1
girlswithguns,2,1
Mennonite,2,1
centrist,2,2
MyLittleSports,2,1
bbuk,2,1
pkmncollections,2,1
jamesjoyce,2,2
RRRE,2,1
Jessica_nigri,2,1
howmanyfuckstogive,2,1
PanicAttack,2,2
PalinProblem,2,1
specialed,2,0
warrnambool,2,1
ImATerribleFriend,2,0
circusjerk,2,1
r4rmontreal,2,1
photobusiness,2,1
awesomewm,2,2
BraveryjerkMadLibs,2,2
greentext,2,1
Waiting,2,0
GAA,2,2
Rights,2,2
veganfashionadvice,2,2
GBV,2,2
KaraHayward,2,1
HoMM,2,2
1950s,2,2
AdviceMorgans,2,2
GiantPumpkin,2,1
Pacific_Islanders,2,1
beachboobs,2,0
gullsgonewild,2,2
EnoughKrugmanSpam,2,2
RASS,2,1
Laranjao,2,1
Eyebleach,2,2
Rantlister,2,0
puppylinux,2,2
hagerstown,2,1
zxspectrum,2,1
askaquestion,2,0
theigloo,2,1
Abrahamic,2,1
GreenDayCirclejerk,2,0
princealbertpiercings,2,0
AuditMySite,2,1
Food_Tips,2,0
mechanics,2,2
BigBangTheroy,2,2
nexustk,2,2
AMAA,2,1
ZachFrieden,2,1
TvShowBandNames,2,2
britanick,2,2
Sanmspaint,2,1
thewoodelf,2,2
dubuque,2,2
snakeswiththumbs,2,1
AltJ,2,1
Isuzu,2,2
HomemadeToSkate,2,1
Toplayharmonica,2,1
signatureporn,2,1
ExplorerDerp,2,1
Hopemills,2,0
PCSAPCAPCAR,2,2
hpcalc,2,1
goatee,2,0
mildlyimpressive,2,2
jbondmodding,2,2
treea,2,0
tango,2,1
tired,2,0
sniperelite,2,1
BigOandDukes,2,1
mayanprophecy,2,2
imbatman,2,2
codereview,2,1
chuunibyou,2,2
findanentwifefriend,2,2
NobodyCaresThor4269,2,1
scarystories,2,2
watermelon,2,2
Foreverawizard,2,2
fundiejerk,2,1
GunRights,2,1
gearforsale,2,2
MinerapSimplySoup,2,2
perfectdark,2,2
coches,2,1
feelman,2,1
bisco,2,2
baseballmuseum,2,1
noporn,2,2
LimitTheory,2,2
granturismo,2,1
DerSpanier,2,1
SNIVIsucks,2,2
OrganicGardening,2,2
teensexcum,2,2
AbandonedFuturePorn,2,1
erplejerk,2,1
TheRedditBucket,2,2
minicraft,2,2
Juegos,2,1
findit,2,2
octopus,2,1
DirtTrackRacing,2,1
torncity,2,2
gamevideos,2,2
WhatYouTalkinBout,2,1
SacredGeometry,2,1
munny,2,2
diytrees,2,1
redditlists,2,0
kkkk,2,2
InfinityTheGame,2,2
seddit,2,2
putituptheass,2,0
Pflugerville,2,0
netapp,2,0
Choices,2,2
coolshirts,2,1
Omnicide,2,1
JoehJay,2,1
kdice,2,1
GrandRapidsMN,2,1
makecomics,2,2
fuckreddit,2,1
photomanipulations,2,2
calendars,2,1
Strummingpatterns,2,0
Parana,2,0
Strat,2,1
Madeira,2,2
womensliberation,2,1
merrimack,2,2
freedownloads,2,2
FirstNationsCanada,2,1
pureredhead,2,2
homestrife,2,2
motorola,2,2
truestory,2,2
dippedingold,2,1
90skids,2,1
freeportmaine,2,0
HelpWithAudacity,2,2
PicturesOfIreland,2,1
WayTooMany,2,2
FilmLocations,2,2
BulldogRadio,2,1
Hardbodiesmale,2,1
TheNewFallout,2,1
mlwfs,2,1
MadeWithPaper,2,0
hanging,2,1
hardcorepunk,2,2
AverageBattlestations,2,2
Chris,2,1
FOTNS,2,1
ladytrees,2,1
myth,2,1
realconfessionbear,2,1
PaleoCafe,2,1
aguascalientes,2,1
droiddna,2,1
FuckMonsanto,2,1
neoconservative,2,0
Baruch,2,2
bonnets,2,1
ColumbusVegan,2,2
aidsriddenhomosexual,2,2
MuslimApologetics,2,2
gggggg,2,1
OCManga,2,2
nvhs,2,1
MACNERD,2,1
Paparazzi,2,1
TELOS,2,1
FittitChallenge,2,1
LSA,2,1
vintage_electronics,2,1
lookwhoIspotted,2,1
sunflowers,2,2
randomactsofmtg,2,2
minnesotapolitics,2,1
UglyGirls,2,0
ClassicMusic,2,1
Forthewolfx,2,1
AnarchObjectivism,2,1
ddos,2,0
parksandrec,2,1
telecomix,2,2
CageTheElephant,2,2
louisvilleseddit,2,2
WTFAWESOME,2,2
GeekyChick,2,1
405th,2,2
TrueTodayILearned,2,1
programming_ru,2,1
orlandpark,2,1
picturesofthemonalisa,2,2
Threewordpoems,2,2
TheRealReddit,2,1
SamAndCat,2,1
CommunityCirclejerk,2,1
SRHS,2,1
90sGamer,2,2
ShitgrandmaSays,2,1
drawingschool,2,2
alcoy,2,1
CanadaPI,2,1
TitsAndAss,2,1
ChristmasShop,2,1
Lincoln_Automotive,2,1
legoporn,2,2
ymh,2,1
fluoride,2,1
SlenderArt,2,2
snackshacktf2,2,2
timereddits,2,2
3000gt,2,2
Astrologer,2,0
candlejack,2,1
mcweeklychallenge,2,2
localfood,2,1
MMAart,2,1
recordshows,2,2
bsu,2,2
batteries,2,1
mylittlehugs,2,1
slidingdoorscommunity,2,1
uwe,2,1
LexiconicPorn,2,1
MCSanityMarketplace,2,1
DavidBeckham,2,2
bachelorchef,2,1
washtenawcomm,2,2
mii,2,1
GAMBAR,2,2
AvPD,2,2
meanmugs,2,1
Quads,2,2
dextercirclejerk,2,1
entmetal,2,2
Ethnic_Porn_Flicks,2,1
SDElectronicSyndicate,2,1
BTD5,2,1
unsupervised,2,1
StartupBootstrappers,2,1
tnsgaming,2,0
SRSEpiphany,2,1
lilwayne,2,2
randomactsofbook,2,1
uwa,2,2
claimjumper,2,2
danieltosh,2,0
shitmylittleponysays,2,1
DoctorHorrible,2,1
facepalmfacepalms,2,1
loopal8,2,1
flatshoes,2,1
apollo,2,1
timgonewild,2,0
gamescreenshots,2,2
exeter,2,1
gondilegonewild,2,1
zsh,2,1
nobodygivesafuck,2,0
ElderDragonHighlander,2,1
Cody,2,1
Apocalypseclub,2,1
Jawsome,2,2
Gammon,2,2
CatsNamedOlli,2,2
DisneyTradingPins,2,1
harfordcountymd,2,2
feetish,2,1
Michelle_Creber,2,0
Domains,2,2
ChineseLaundry,2,2
enderanajones,2,0
onibaitftb,2,1
theburninghouse,2,0
Bottomless,2,2
herps,2,1
facebookcovers,2,2
DanzGoneWild,2,1
INeedAFriend,2,0
MinecraftPictures,2,1
picsoflancesleeping,2,0
Houstonphotography,2,1
im14andiwenttoabank,2,1
MysteryDungeon,2,1
Awareness,2,2
mattshaffer,2,1
Tarantino,2,2
trollscience,2,0
eauclaire,2,2
GameSwapCanada,2,1
StandupUK,2,2
IdahoVandals,2,1
LucyCollett,2,1
McPVP,2,2
guiltyanimals,2,1
UpsideDownCraft,2,0
fearmythos,2,0
pressurenet,2,1
Im14andGoingToHell,2,1
ChildhoodTerrors,2,0
CivcraftElysianFields,2,2
studioart,2,2
RandomFFFUUUUUU,2,2
bencohen,2,1
phonecase,2,2
IncidentalSmiles,2,0
bodyrock,2,1
humbleindiebundle,2,1
firstworldtifu,2,0
gargoyles,2,2
LordConohned,2,2
fuckchristmas,2,1
phikappapsi,2,2
RdvTech,2,2
StanaKatic,2,2
RedditDuels,2,1
rickross,2,0
geogebra,2,1
NFLmeme,2,1
GAMSAT,2,1
HornyLadies,2,2
TheDailyMuslimMEME,2,0
TheCasualVacancy,2,1
guys,2,2
WheresWaymond,2,2
U2Band,2,2
River,2,2
usmle,2,1
bernesemountaindogs,2,2
backwards_gifs,2,1
hotdog,2,1
LARentals,2,1
1993,2,1
H_of_C,2,1
RatRod,2,2
GayNiggaGaming,2,2
shorttermloansonline,2,1
Sprollucy,2,2
6monthloansuk,2,1
emergencyloansbadc,2,1
OSOM,2,2
floorball,2,2
shorttermloan,2,1
tr,2,1
rdtl,2,2
harrisonburg,2,1
ElitePowered,2,1
combovers,2,1
freeganism,2,1
TheInkIsFull,2,1
projecteuler,2,2
stmaryscounty,2,0
ridgebacks,2,2
VermEnts,2,1
zzt,2,2
SuperMario,2,1
autoloansarizona,2,1
justcause2multiplayer,2,2
Sax,2,2
Apologetics,2,1
WestMI,2,0
Meow,2,1
stephenville,2,1
mylittlenigga,2,2
dragonlance,2,2
clairedanes,2,2
CaliforniaBeer,2,2
telaviv,2,1
faget,2,2
mindcrackseries,2,1
PalmsCraft,2,1
Expired,2,1
ftlcirclejerk,2,1
reactions,2,1
DDB302,2,1
fossdrama,2,2
cum,2,1
AntiBrony,2,1
UCCS,2,2
hikegeorgia,2,1
IST,2,2
LighthousePorn,2,1
Infinity,2,1
publicsafety,2,1
Arkhamasylum,2,2
pools,2,1
UrbanLegends,2,1
chao,2,2
rov,2,1
BadVideos,2,1
MonolithIC3D,2,1
LosAngelesSeddit,2,2
clinton,2,1
RonaldJenkees,2,2
sprites,2,1
gaycumsluts,2,0
AttractiveWomen,2,2
dprk,2,1
Prom,2,1
Dirtybird,2,1
SilencedNation,2,2
datascience_at,2,2
webos,2,1
Thrombocytopenia,2,1
Inactivereddits,2,1
awwsexy,2,2
cabbage,2,2
PumpItUp,2,2
pantypoop,2,2
Clinux,2,1
zero,2,0
EmmaKathrine,2,1
sandiegohomes,2,1
ipadapps,2,2
undergroundhiphop,2,1
asheronscall2,2,1
DroidBionic,2,1
4chanbers,2,1
Badgers,2,2
whoisthis,2,1
LOSEBIANS,2,2
BetaErtho,2,2
IntelligentAnimals,2,2
KID,2,1
Arctic,2,1
pua,2,2
philadelphiajobs,2,2
AssToMouth,2,2
gs2skyrocket,2,2
windsurfing,2,2
PGTips,2,1
Olney,2,2
butterface,2,2
RitaOra,2,2
Kalispell,2,2
BusinessInsiders,2,1
fakeid,2,1
minecraftpixelart,2,2
DawnofWar2,2,2
Liara,2,1
Fruita,2,2
KTM,2,2
spaceweather,2,1
UNLincoln,2,2
S2000,2,2
PodcastFR,2,1
favGif,2,1
Artisan,2,2
dentalporn,2,1
Pig,2,2
AoAband,2,1
klenking,2,1
ViewTouch,2,1
Rydog708,2,1
Gamingstories,2,1
420blazeitfaggot,2,1
kidney,2,2
weightlossclothes,2,2
ChinaSucks,2,0
GiveACardGetACard,2,2
Minuteofyourtime,2,0
floridakeys,2,2
PROSTHETIC,2,1
ConorIsTop,2,1
DarrenShan,2,2
nomictronic,2,1
camovienight,2,2
united,2,1
RacismJokes,2,0
reddit_eashl,2,2
UniversityofMontana,2,2
monthlyloansus,2,1
InternetLegends,2,1
fieldrecording,2,2
Wario,2,1
DentistryPatients,2,0
minot,2,2
DjangoUnchained,2,2
OHHS,2,2
sneakerhead,2,1
Oscars,2,1
tf2jerk,2,1
SNCA,2,2
MTGMintCard,2,1
RX8,2,2
LastYearILearned,2,1
springhillmedgroup,2,1
Louisianents,2,2
whovients,2,2
PhotoEdited,2,2
PunkLovers,2,2
lezsaysmoargaming,2,2
theNFCWest,2,1
the905board,2,2
Prankcalls,2,1
ChilENTs,2,1
Voiceovers,2,2
inanebullshit,2,1
lovelybee,2,0
TransitPorn,2,0
WTFaww,2,1
Offtopic,2,2
sassyblackwomen,2,1
DrunkenTaoist,2,1
WestgateMC,2,1
Menopausal,2,1
Scorpions,2,2
hatpets,2,1
FirstTechChallenge,2,2
Spaceballs,2,2
putnam,2,2
ForeverAloneComics,2,1
RedditGoldConspiracy,2,2
Team_Other,2,1
nicechips,2,1
netbooks,2,2
bats,2,2
lefaceface,2,1
feelsporn,2,1
raywilliamjohnson,2,1
harp,2,2
4hourbodyslowcarb,2,2
StuffChuckSays,2,1
Nationalism,2,1
moleskine,2,2
glendale,2,2
LinkedLibraryOfBabel,2,2
AndroidGirls,2,2
openbox,2,2
Hipsterbestof2012,2,0
HombrewingQuestions,2,2
punjabi,2,1
thegap,2,2
NorthernKY,2,2
Popeyes,2,0
SkiRacing,2,2
orgy,2,1
Juicy_Angels,2,2
Goldendoodles,2,2
indifferent,2,2
ManCardRevoked,2,0
policebrutality,2,2
tesodiscussion,2,0
PHX,2,1
angos,2,1
horrorbookclub,2,1
kurtvonnegut,2,1
FunnyScience,2,1
Alison_Brie,2,1
Bearswaving,2,2
dreambuildplay,2,1
HappyWars,2,1
cincodenada,2,1
treeinastreet,2,1
earthbuilding,2,1
CastleRock,2,1
Saginaw,2,1
Whothehellcares,2,1
petshaming,2,0
bradleyuniversity,2,2
WiiFit,2,2
yomomma,2,2
ironhops,2,1
PianoMan,2,1
wowmemes,2,1
Samus,2,0
TheOtherGuys,2,2
ecoreddit,2,2
gloveslap,2,1
gonewil,2,0
reprapPIF,2,2
wowporn,2,1
Bastionswtor,2,1
Livres,2,1
ponygames,2,1
Rotoscope,2,2
ClassicPornMags,2,1
PicsofSathrunSleeping,2,2
AssSpread,2,2
PetBattles,2,1
UAE,2,2
SLPswimming,2,1
GaragePunkPsych,2,2
physician,2,1
RYFASYH,2,0
sewanee,2,1
SouthernPride,2,1
chilliwack,2,2
KOANsound,2,1
asmrmassage,2,1
r4rDesi,2,1
shirtdesigns,2,1
classicalresources,2,1
RelientK,2,2
biodatasets,2,1
dirtyfeet,2,1
Empath,2,1
monkeydicks,2,1
Bloodhound,2,2
bradleysaenz,2,2
Triumph,2,1
pacers,2,0
LilB,2,1
BillyJoel,2,2
KarmaProTips,2,1
netlabels,2,2
hon,2,0
password_is_buttsex,2,0
iherp,2,1
PicturesOfSutton,2,1
14px,2,1
SavannahStateAlumni,2,1
Xbox360Iso,2,0
randommanga,2,2
RomanticArt,2,2
DaniellaMonet,2,1
ukguns,2,1
DeadBreathers,2,0
places,2,1
Nosebleed,2,1
paydayloansnow,2,1
giftcodeexchange,2,1
Rad,2,1
2pac,2,1
OpenMandriva,2,1
TheAdventuresofTintin,2,2
herosystem,2,1
circlebrokegonewild,2,1
Degus,2,1
MinecraftMadWorld,2,1
fighthardyeah,2,2
EntrEcon1,2,1
LegoRule34,2,2
BritishTVJerk,2,2
japanesereddit,2,1
dermaadrysses,2,2
tips_tricks,2,2
ukloanspayday,2,1
mad,2,1
signalvsnoise,2,1
firenze,2,1
Space1999,2,2
mantic,2,1
Accommodations,2,2
unrealtournament,2,2
fuckcats,2,1
VGDunkey,2,1
csfcp,2,1
shark,2,1
InfernoFactions,2,2
Askashittyparent,2,1
existstrategy,2,1
prachtigstadskanaal,2,1
RPG_Fanatics,2,2
biblebait,2,1
monthlyloansforbadc,2,1
TheoryofFearMe,2,2
SRSBravery,2,2
Cribbage,2,2
freesubredditdrama,2,0
iphonelockscreens,2,1
circusmetal,2,1
rightinthechildhood,2,2
brandonberger,2,1
ComicPorn,2,1
TacticalGaming,2,1
MONKEY,2,2
notimgur,2,1
jonclifford,2,1
Chromies,2,1
whatdidwelearntoday,2,1
TheWanted,2,1
Mirrormen,2,1
gaysiansgonewild,2,1
BayShore,2,0
minecenter,2,1
TubbyToads,2,0
AJHS,2,2
bikeboston,2,2
realmenproblems,2,2
Junktion,2,1
spurdosparde,2,1
piano_abuse,2,0
internetdeclaration,2,2
beverlyhills,2,1
uglysweaterparty,2,1
TotalAnnihilation,2,2
TF2Servers,2,1
MindyRobinson,2,0
marseille,2,1
bestiaryissex,2,1
assgifs,2,2
LANL_French,2,2
Nietzsche,2,2
BounceBreak,2,2
akira,2,2
furoticon,2,1
Restoration_Ecology,2,0
well,2,2
thomasville,2,1
WhatCouldItBe,2,0
sanicadventures,2,1
futebol,2,1
loadingartist,2,2
electrotrap,2,2
TheStopSignGirl,2,1
ChicagoGameDev,2,1
ifitfits,2,2
jewishladyboners,2,1
dhvl2712saves,2,1
programmingchallenges,2,1
HoustonEDM,2,0
Hackpics,2,1
AWILDPARTY,2,0
triangletrees,2,2
thatescalatedquickly,2,2
Muscles,2,2
TallCirclejerk,2,2
camosun,2,0
argenpics,2,2
Belton,2,1
RagaRage,2,1
AtlanticaOnlinef2p,2,1
soccereulogy,2,0
TreeForts,2,2
MayerHawthorne,2,2
Krampus,2,1
WeAreTheMusicians,2,1
OctopiWithTopHats,2,2
Irishultimate,2,2
Ggjfcyxxu,2,2
TevaUSA,2,1
limerick,2,0
Kingsville,2,1
YinYang,2,1
FerrisStateUniversity,2,1
BeautyBrass,2,1
foxyshazam,2,1
Upcirclejerk,2,1
scumbagyelena,2,1
atlweddings,2,0
kingdomofryan,2,2
readthedocs,2,1
beardsgonewild,2,1
upgradepc,2,2
manifestingchange,2,1
Biodiesel,2,2
PokemonGTSsteals,2,1
TheKoalaBears,2,2
Osteopathic,2,1
MyLittleSquidward,2,2
BrandonFL,2,1
AtMyJob,2,1
Casinos,2,2
misterwaffles,2,2
thekills,2,1
Kazakhstan,2,2
FIFA_stories,2,1
punchquest,2,1
SportsFashion,2,2
toarumajutsunoindex,2,0
humanexperience,2,2
DetroitOrRussia,2,2
norrkoping,2,1
vomit,2,1
gmaing,2,1
90210,2,1
DasRacist,2,1
boardgameonline,2,0
aosredux,2,2
rpst,2,1
DiamondClub,2,2
religiouscirc,2,2
BradPitt,2,1
YoyeurPorn,2,0
ForeveraloneTeenagers,2,1
Eargasm,2,1
alternative90s,2,1
CivCraftXanadu,2,1
Pics_Gifs,2,0
RedditVideos,2,1
XGAMERFILMS,2,1
thai,2,2
dayzskins,2,1
clannews,2,0
isthishelpful,2,1
dfw_metal,2,2
SS_SR,2,2
homealone,2,2
jetski,2,1
YogurtCraft,2,0
epilab,2,2
pureminecraft,2,2
matrix,2,2
Giallo,2,2
Acura,2,1
BlacksOfTommorow,2,1
MildlyHaunting,2,2
PencilPorn,2,1
WHU,2,1
Strippers,2,2
nightstuff,2,1
BigotryShowcase,2,2
BF360CLAN,2,2
c_language,2,1
unhappy,2,1
funnyteeshirts,2,1
Vanillaspeeddate,2,0
nauqatransfund,2,1
divergent,2,2
MiloGreene,2,2
CuteRobot,2,2
totse,2,1
parkingpages,2,1
GT5AUS,2,0
NegerEric,2,0
thelegendofzelda,2,0
Orillia,2,1
bs9k_test,2,1
MaidMarian,2,2
Dormtainment,2,1
WhyTheFuck,2,0
pneumothorax,2,2
Fremont,2,2
flamenco_dancing,2,1
travelling,2,1
ColdPorn,2,1
TreeMixes,2,0
electroniccigarette,2,0
Histeria,2,1
Overcoats,2,0
SecularJews,2,2
teamtigeris,2,2
Futureddit,2,1
TwinkLove,2,2
peeoutyourbutt,2,1
Just4Spam,2,0
muchtoointeresting,2,1
linkforthelazy,2,2
trollquotes,2,2
mensrightsactivists,2,1
EntRap,2,0
MyBookofBS,2,1
Emily_Osment,2,1
Lima,2,2
nailpolishhauls,2,2
youngthegiant,2,2
RabbitPorn,2,1
smartsearch,2,1
MyLittlePeePee,2,1
Lyan,2,0
TinyFaces,2,0
parentsandteens,2,2
CartoonHangover,2,1
fizzbuzz,2,2
commissions,2,0
FoodSovereignty,2,2
WhiteMenGoneWild,2,1
audioforarevolution,2,0
hulk,2,2
TransformerInfinity,2,1
rockswitharms,2,2
CeleBenties,2,1
gentlegangsters,2,2
LochnessAcceptance,2,2
Reddit_United,2,0
cyberpunk2077,2,1
soarindash,2,1
NationalSecurityNews,2,2
Tibia,2,2
Thedoctor,2,1
entsubs,2,2
davethedog,2,2
CivcraftConspiracy,2,2
rickard,2,1
t:1980s,2,1
skate3,2,2
ChurchofHal,2,2
picsofpcbuilds,2,1
january6th,2,1
tim_and_dave,2,1
ragdolls,2,1
RememberingWhen,2,2
JohnDenver,2,2
WORLDCENTRIC,2,1
Hungover,2,2
AttentionYoungPeople,2,1
catswithmustaches,2,1
YoungerThan75WTF,2,1
bangbros,2,1
Skiswap,2,1
sixwordstatements,2,1
aaron,2,2
hopia89,2,2
RoyaleNode,2,1
Gleelogic,2,1
ZeldaMemes,2,1
Poemes,2,2
EpicTutz4U,2,1
fanvideos,2,1
WebBytz2012,2,1
CalculateIt,2,1
CincyMusic,2,1
metawatch,2,2
doggies,2,1
Fables,2,2
soccerbabes,2,2
perfectcircle,2,0
spiderbro,2,0
BAZINGA,2,0
cruising,2,1
10thoughts,2,0
ShitChromakodeSays,2,1
EpicQuest,2,1
etchasketch,2,0
sylviaplath,2,1
ExplainLawLikeIm5,2,1
resilientcommunities,2,1
SRSGifs,2,1
mixtapemurdah,2,0
WasteYourMoney,2,2
IdeasUpForGrabs,2,2
ThorOdinson,2,2
vancouverhousing,2,2
SanDiegoSunsets,2,2
realfood,2,1
FunFiction,2,1
SarahSilverman,2,1
FtMPorn,2,2
enochian,2,2
dimples,2,1
redis,2,2
whitehouse,2,1
Cornholio,2,1
ragnarokonline2,2,1
badpics,2,1
baily,2,2
uffle,2,2
TheSprucer,2,1
HorseTales,2,2
truedubstep,2,1
LobsCast,2,1
EvilMinecraft,2,1
yoursub,2,2
hyperboria,2,2
menswear,2,2
isfp,2,2
AnythingGoesCelebs,2,1
mazes,2,1
xonotic,2,0
bronycringe,2,1
bechtelsummit,2,1
noholdsbarred,2,1
HDHS,2,1
FayCo,2,1
whoa_dude,2,2
ripdnd,2,1
bhorrormovies,2,1
Boystime,2,2
HockeySwap,2,1
ScienceDemonstrations,2,2
shittycasualgame,2,1
shots,2,1
Lightning,2,2
3DPhotography,2,2
diamondstarmotors,2,1
AVRUS,2,0
thanksharper,2,0
DreamCareerHelp,2,2
boobkarma,2,2
Reef,2,2
capcom,2,2
tf2sprays,2,2
Sophiereilly,2,1
snowman,2,2
picsofsteak,2,1
KarmaHarvester,2,1
dukenukem,2,1
strategy,2,1
Malibu,2,2
restaurateur,2,2
Bad_Post_Titles,2,1
Millwall,2,1
Yolocave,2,2
Botanypapers,2,1
vec,2,1
FacebookSexyFriends,2,1
gamesolutions,2,2
funnylikelol,2,1
awwpics,2,1
conlationis,2,1
BandDiscovery,2,0
tiffanyalvord,2,1
clockpunk,2,2
JimmyCarr,2,0
prettytgirls,2,0
metadolan,2,1
JustinKing,2,2
Tina,2,1
TeslaScience,2,2
snoring,2,0
Daychilde,2,0
MinoMonsters,2,1
DeadRedditors,2,2
opensourcegames,2,2
Marapets,2,1
JonTron,2,1
milano,2,1
definitionofreddit,2,1
ThirdEyeBlind,2,2
happypeople,2,1
Petaluma,2,2
warhammer40ktesting,2,1
rig,2,1
LCraft,2,1
Psionics,2,1
postedamilliontimes,2,1
RachelHurdWood,2,0
chivas,2,1
tranquilitynovel,2,1
newportbeach,2,2
Genivism,2,0
PixieLott,2,1
dickdiscussions,2,1
Minnesotagophers,2,2
4G63,2,2
highfantasyfootball,2,1
ecigs,2,0
poents,2,2
elbowdiscussions,2,2
isolatedgifs,2,2
AddAPlotPoint,2,2
ZangiefGifs,2,1
vittagifs,2,1
penicorns,2,1
Pornstars_NSFW,2,2
ancient,2,2
asdfasdfswetwegwgds,2,1
computergore,2,1
cubieboard,2,1
spacebuildwarserver,2,1
galaxynotetablet,2,2
IGTHFT,2,2
OttawaBarCraft,2,2
MikeAndTedTalk,2,1
Sagan,2,2
MinusTheBear,2,2
D3D,2,1
caterpillars,2,2
FossilHunting,2,2
futsal,2,1
TF2files,2,2
powerwashingporn,2,2
Agricola,2,2
thestarofdavid,2,2
csstr,2,0
wrongfulconvictions,2,1
TheRealTomskee,2,1
ShitWeFuckinHate,2,1
rhythmheaven,2,1
sodavirgins,2,2
UMVC3,2,2
LikeFuckingClockwork,2,2
Jimmick,2,0
teenagersirc,2,1
JeffersonParish,2,1
WildMexicanSeabass,2,2
dagorhir,2,2
MunchkinLand,2,1
Enarchy,2,2
picketmyfuneral,2,1
worldrapenews,2,2
mylittleicons,2,2
mittens,2,2
PhilBookClub,2,1
FloydRose,2,1
bassclarinet,2,1
PittsburghBeers,2,2
crazylilting,2,1
FortDodge,2,2
barebacksex,2,2
daringdo,2,1
Junk,2,1
programmerspace,2,1
MyRoommateJack,2,0
treeporn,2,2
andbabies,2,0
FAIBHASDT,2,0
FoodPantry,2,0
annatorv,2,2
M4W,2,0
AuroraSMP,2,1
multimeters,2,1
TrueSka,2,2
TGN,2,2
greentea,2,1
Mikuta,2,1
NoFunLeague,2,2
WhatsInsideTheCube,2,1
Fixed,2,0
gayermo_sanchez,2,1
MIS,2,1
SquaredCircleFantasy,2,1
casual,2,1
WordLog,2,1
TheUSLobby,2,1
flakshack,2,1
OperationFeinstein,2,1
americanautobahn,2,0
AllRandom,2,1
truejusticeporn,2,2
SconnieEnts,2,2
ratemyboobs,2,1
YoungBaPC,2,2
SukyBasran,2,1
mildlyimprobable,2,0
hashtag,2,2
champville,2,1
ladytron,2,1
bringthedip,2,1
stolaf,2,1
RG_Threesus,2,1
gunsdebate,2,1
playlisters,2,1
Texpedia,2,1
gamingbuild,2,0
OCmovies,2,0
Raspberry_PI_Risc_OS,2,0
italians,2,1
39xmetacirclejerk,2,1
spaceHorseMask,2,0
skategames,2,1
pho,2,2
SSreplays,2,1
iconia,2,2
discworldproblems,2,1
firstcrush,2,1
Betterdays,2,0
cantfix,2,2
otep,2,1
bestofbestof,2,1
nocreditcheckloansca,2,1
ShortFit,2,1
gapcmods,2,1
slashdot,2,2
EastTNr4r,2,2
shone,2,1
CryptoAnarchy,2,1
mcmagic,2,1
nicolekoplitz,2,1
AustenBookClub,2,1
blackjokes,2,0
Sepulchr,2,2
UpstateNY,2,1
metaggggg,2,1
FoodIssues,2,1
NarutoAnime,2,2
KatrinaBowden,2,1
fibonacciporn,2,2
TexasLonghorns,2,2
craftPVP,2,0
Musicwhilehigh,2,1
AaronPhalen,2,0
RipperStreet,2,1
TampaEnts,2,1
SouthernHipHop,2,1
iddlesdown,2,2
dolanvids,2,1
CinnamonGraphs,2,2
Jalin,1,0
subredditcombos,1,1
TowerDefense,1,1
japanther,1,1
onlineWriting,1,1
anomalousnumerology,1,1
Release_The_Kraken,1,1
PoliticallyCorrect,1,1
Spartanburg,1,0
fictionalAMA,1,1
TinyChat,1,1
REIHelp,1,1
Niblic,1,1
nmci,1,1
unconventionalhomes,1,1
mrportfolio,1,1
mediocrehomes,1,1
Team2012,1,1
WebDesignDevelopment,1,1
Stick,1,1
vancouvernerds,1,1
6foot4men,1,1
Pokemonart,1,1
IT2012,1,0
Yummyfood,1,1
wsn,1,1
iphone5wallpapers,1,1
SRSPoetry,1,0
wdtv,1,1
ShittyDrawings,1,0
hungergamesfanart,1,0
ProveMeWrong,1,0
RAOC,1,0
xen,1,0
baseballplayinty,1,1
PaigeRiley,1,1
universityofyork,1,1
Nybro,1,1
ESW,1,1
crazychristmasstories,1,0
marathonrunning,1,1
moerons,1,0
bfgi,1,1
Mathmetal,1,1
nightmare,1,0
anotherDocObVious,1,1
RUGoneWild,1,1
WindowsStore,1,1
fujix,1,0
Interior,1,1
LawrenceList,1,1
PathofExileBR,1,1
Babysitting,1,0
LiveLocalMusic,1,1
Administrators,1,1
CanadaSoccer,1,1
isawwuvwuvdrunk,1,1
frenchmaids,1,1
bannersaga,1,1
webshops,1,1
ALICEprogramming,1,1
LGBTQ,1,1
Roadkill,1,1
RedditGames,1,1
theRealRedditLeague,1,1
PicklePark,1,0
MMMMMMMMMMMMM,1,1
salt,1,1
SexyPat,1,0
MikeBuettner,1,0
soccerkits,1,0
TDIL,1,1
Hoco,1,1
menstrualcups,1,0
circlejerkplus,1,1
grimoireoctarin,1,1
Koi,1,1
Outsourced,1,1
espresso,1,1
SouthernFolks,1,1
uamissedconnections,1,0
Isshinryu,1,1
Hunger,1,1
indianfitness,1,0
Showusyourself,1,0
fifthworldminecraft,1,1
BusinessBookshop,1,1
AR_Innovations,1,1
OwenSound,1,0
vergecraft,1,0
Hyperinflation,1,1
XboxKryptos,1,1
vector_art_b,1,1
presentations,1,1
Elektron,1,1
Belfast,1,0
bgtraders,1,0
Wiimote,1,1
starboundservers,1,1
powerpolitics,1,1
VictorWooten,1,1
teddybear,1,1
Reading_Berkshire,1,1
teganandsara,1,1
geddit,1,1
civilengineers,1,1
awem,1,1
Gemlab,1,1
nokia_n9,1,1
Olof,1,0
WhisperingRock,1,0
MichelleObama,1,1
Grandaddy,1,1
Lustig,1,1
BollywoodGIFs,1,1
FrogsAndToads,1,1
UnusualInstruments,1,1
kebabbi,1,1
fotograf,1,1
Musicandmathematics,1,1
TransGameDev,1,1
LouisTheroux,1,1
mental,1,1
MinecraftLPVideos,1,1
redditstories,1,0
pitythechildren,1,1
ivcc,1,1
woodysgamertag,1,1
graffburners,1,1
IATSE,1,1
pornprotips,1,1
Loners,1,1
BoroPorn,1,1
mungojelly,1,1
uohcompsci,1,1
Comstock,1,1
dannolan,1,1
lol_ie,1,1
TBDL,1,0
indo,1,1
noverificationloan,1,1
Atheism2,1,1
metasirclejerk,1,1
TooHotForMe,1,1
PrincessLeiaCostumes,1,1
ShorinjiKempo,1,1
jasper,1,0
moderatereddit,1,1
burbankcity,1,1
utattemita,1,1
360,1,1
toyzpls,1,1
WECAREMUMBAI,1,1
paydayshorttermloans,1,1
doorsteploan,1,1
6foot6men,1,1
StopDitching,1,1
circuitreview,1,1
Airdrie,1,1
BeatingNiggers,1,0
RigWorkers,1,0
SMK,1,0
artanddesign,1,1
illustratingreddit,1,1
Anarchist,1,1
CumSwap,1,1
lessthankind,1,0
nonleague,1,1
textiles,1,1
NetflixBestOfCanada,1,1
audiomastering,1,1
SignPetitions,1,1
GlobalIssues,1,1
Sketching,1,1
UCM,1,1
AtlantaThrashers,1,1
cocks,1,0
NoUpfrontFeeLoans,1,1
SeriousCatz,1,1
BakersfieldCollege,1,1
Clopfics,1,1
phlebotomy,1,1
aflmemes,1,1
KaiventheGreat,1,0
snape,1,1
Tweakers,1,1
TakeAction,1,1
USN,1,1
stairporn,1,1
Toowoomba,1,0
MBLAQ,1,1
Hanfu,1,1
Delisle,1,1
Reputation,1,1
captionconsensus,1,0
Rodina,1,1
kohana,1,1
GeneralDiscomfort,1,1
jacobi,1,1
StupidLyrics,1,1
offduty,1,1
PSFA,1,1
gnosticism,1,1
Big_Oil,1,1
TheoryOfLinks,1,1
betterthantwilight,1,1
pupeh,1,1
CedarvilleUniversity,1,1
paulsimon,1,1
Mirrors,1,1
411onsoaps,1,0
pikopikodetroit,1,1
Simulism,1,1
UnderTheOcean,1,1
10000Cantaloupes,1,1
exposingbigotry,1,0
nahuatl,1,0
BeginningSpanish,1,0
gaymovies,1,1
Spurs,1,1
flds,1,0
Gaycam,1,0
douchebagparkers,1,0
theurgy,1,0
greedy,1,1
advancedluciddreaming,1,1
filmphotography,1,0
Cordoba,1,0
cocoadev,1,1
FacebookReplies,1,1
2mjourney,1,1
somebodycodethis,1,0
bloodthirstyrevenge,1,0
TrainEtiquette,1,0
DoMyHomework,1,1
ritgonewild,1,1
Pharr,1,0
Metalolsail,1,1
NoProcrastination,1,1
megacirclejerk,1,0
blackhatseo,1,1
FrackApple,1,1
metaokcirclejerk,1,1
ShittyNSFW,1,1
ChewObjectivism,1,1
KATN,1,1
Hormones,1,0
carer,1,1
faloseit,1,0
201st,1,1
WeAreTheJedi,1,1
DoYouEven,1,0
MyLittleCharacterCafe,1,0
zedsdead,1,1
BFP4F,1,1
coloringbook,1,1
WinnipegDodgeball,1,1
MapleLinks,1,1
BornDecember10,1,0
PassionateMC,1,1
picsofqisleeping,1,1
battleroyale,1,0
Chapstick,1,1
GabenGoneWild,1,1
CharlieChaplin,1,1
pastry,1,1
tattoobrainstorm,1,1
badassinsects,1,1
worldstarhiphop,1,1
Changseob,1,0
malehygieneadvice,1,1
COBRAhorror,1,0
HaloGaymers,1,1
dwo,1,1
uglyamericans,1,1
Salmon,1,1
startaband,1,0
tobeymaguire,1,1
jerkbook,1,1
Gaymer,1,1
pooppppppp,1,0
nakedlesbianvideos,1,1
SFWTEENS,1,0
MIDIcontrollers,1,1
SOA,1,1
irishdance,1,1
hairlesscats,1,0
appraisals,1,1
jawbreaker,1,1
Justsomeshit,1,1
classicmutty,1,1
HypotheticalReddit,1,1
MineZPolitics,1,1
SciTalk,1,1
fautrees,1,1
LiverControl,1,1
BaseballMemes,1,1
thatsdebatable,1,0
CoolGuysNamedBrian,1,1
DoctorWhoCakes,1,0
Dissertate,1,1
Vigilante,1,1
PicsofBillSleeping,1,1
Joshhulick,1,1
ElizabethOlsen,1,0
spozzkast,1,1
mockbusters,1,1
Trent,1,1
puppiesfortheadmins,1,1
hairychicks,1,1
MinorHealthProblems,1,0
BenedictCumberbatch,1,1
agroecology,1,1
carpics,1,1
21conservative,1,1
CoffeeRebellion,1,1
healthfood,1,1
nanonanopicotestarea,1,1
AntiNiggerreddit2000,1,1
prndl,1,1
pointless,1,0
Collin,1,1
paradox,1,1
hotchicks,1,1
MetaAnarchism,1,0
VirtualChoir,1,1
Billiepiper,1,0
alexmorgan,1,0
Nolan,1,1
link,1,0
fixie,1,1
diypunk,1,1
ubrad,1,0
crookers,1,1
adioColm,1,0
EugeneWong,1,1
OLDERANDWISER,1,0
danaboners,1,1
FMU,1,0
MarbleFalls,1,1
UnnecessaryCensorship,1,0
landsurveying,1,1
TheNoxcrew,1,1
RaptorATF,1,1
lucasthecookie,1,0
inviteTrader,1,1
anarchist_aid,1,1
americanmuscle,1,1
presidentialsluts,1,0
pictureresponses,1,1
Chaska,1,1
oldsaybrook,1,1
Trevor,1,1
rudy,1,1
mmultiplier,1,0
ValentinesDay,1,1
DexterityBonus,1,1
testreddit129012901,1,0
DERLANDS,1,0
Darwen,1,1
Empathyforthesubject,1,0
LifeLikeBros,1,1
readitfirst,1,1
hedwigsangryinch,1,1
isitmycakeday,1,1
Headwigangryinch,1,1
Medievalart,1,0
Toilets,1,1
greenwoodsc,1,1
embersdick,1,1
natalietran,1,1
tenqyu,1,1
ponygyang,1,1
Issaquah,1,1
UpvoteIsland,1,0
RandyNewman,1,1
austincc,1,1
Tourtiere,1,0
circejerk,1,1
chinesewaterdragon,1,1
vef,1,0
underworldproblems,1,0
hummingbirds,1,1
orebro,1,1
Nattys,1,1
GeekGirl,1,1
owasp,1,1
videospiele,1,1
RandomSubReddit,1,0
Ponystep,1,1
CARHIRE,1,1
sarcastiball,1,1
Kproject,1,1
daykeras,1,0
RockyHorror,1,1
Seattle_bicycling,1,1
closecalls,1,1
Greasespot,1,1
Kochi,1,1
ferriswheels,1,1
SRSDrugs,1,1
internationalacademy,1,1
AskEconomics,1,1
goodidea,1,1
steamfriends,1,1
uncircumsized,1,0
IDLTK,1,1
gangster,1,0
nodeqa,1,0
IndieGame,1,1
shittydotacoach,1,1
chessvariants,1,0
busybuildingthings,1,1
HowGreen,1,1
Beinginlove,1,1
wittledude,1,1
haveaseat,1,1
Tournaments,1,1
web_jobs,1,1
videoss,1,1
korgath,1,1
comsci,1,0
southernutah,1,1
Trapped_in_Reddit,1,0
InternalMedicine,1,1
atheism_reddit_sucks,1,1
MovieGifs,1,1
NailPolishNews,1,1
askakiwi,1,1
nyutrees,1,1
fuzzylogic,1,1
WBAfootball,1,0
AmyFay,1,1
iam6andthisisfunny,1,1
twoshits,1,1
RobinTivo,1,1
BlackBooty,1,1
stoopid,1,1
VPForum,1,1
originalvideos,1,0
favvideogamestuff,1,1
Disorders,1,0
geooddities,1,1
LISTEN,1,0
norskhumor,1,1
longform,1,1
goat,1,1
CoWorking,1,1
Organiclife,1,1
MitchAtWork,1,1
ThatCringeWhen,1,1
Spurdo,1,1
TrapstepMixes,1,0
brunch,1,1
Karnivool,1,1
smooshie,1,1
RADmusicvideo,1,1
Hobby,1,1
FilmDirectors,1,1
Armor,1,1
Business_Inteligence,1,1
encoded,1,1
uiuccirclejerk,1,1
noisefuck,1,1
elih,1,0
vegan_cannibalism,1,1
housebreaking,1,1
Junkdrawers,1,0
SuperMonkeyBall,1,1
augustburnsred,1,1
LongIslandBombing,1,1
helloWorld,1,1
GoldenSun,1,1
dentalmarketing,1,1
ABBA,1,1
bottesting,1,1
PlatonicFriends,1,1
metome,1,1
buildering,1,1
writingbattlestations,1,1
PlantBasedPropaganda,1,1
consolerage,1,1
Pizzaboxes,1,1
Ponerology,1,1
WCI,1,0
altprog,1,1
prisonabolition,1,1
NBCLunchSurvivor,1,1
SpringAwakening,1,1
geekcrafts,1,0
mpls,1,0
CBCRadio,1,1
Metalmusic,1,1
dsf,1,1
demography,1,0
videosporno,1,1
Bahbashue,1,1
funnynsfw,1,1
WhenGoogleFails,1,1
fitchburgstate,1,1
Recordsetters,1,1
devilsadvocate,1,1
Vodafone,1,0
brownporn,1,1
MobileAdvertising,1,1
lava,1,1
Meraz,1,1
Pyrolysis,1,1
Episcopalian,1,1
KidVideos,1,1
Buick,1,1
PartyDown,1,1
finn,1,0
Nudeanime,1,1
Purpleporn,1,0
Justicia,1,1
UHS,1,1
GraffOnSteel,1,1
brilliantidea,1,1
emilybrowning,1,1
thestockmarket,1,1
Freethinks,1,1
DalekCartoons,1,1
anarcho_syndicalism,1,1
nudeteens,1,1
geekdad,1,1
di_rs,1,1
ShitStatistSay,1,1
2brokegirls,1,1
Towncraft,1,1
AskGeorge,1,1
specialeffect,1,1
coles,1,1
incezt,1,1
pinterestfaves,1,1
BestofF7U12,1,1
plussizebeauty,1,0
GetaLife,1,0
canadastopharper,1,0
gesaffelstein,1,1
Lawrenceville,1,1
fifthworldawwnime,1,0
NetherLag,1,0
nsfwswimsuit,1,0
toothless,1,0
RobotsVsRadio,1,1
HARD,1,1
DanKent,1,1
narra,1,1
RealLifeSuperHeroes,1,1
preggo,1,0
error,1,1
incredibletestbed,1,0
shorttermloansuk,1,1
noahide,1,1
Youtubesongs,1,1
TowerofPimps,1,1
LadyBonersAGW,1,0
tongues,1,0
soldat,1,1
debitcardpaydayloans,1,1
Song,1,1
Omnivore,1,0
CatsHuggingThings,1,1
DIYprojects,1,0
Manatees,1,0
astronomia,1,1
fithworldgaming,1,1
twerknation,1,1
SPLCenter,1,1
NorfolkUK,1,1
pityparty,1,1
Thinlydisguisedrants,1,1
Heal,1,1
PaydayLoansKansas,1,1
mathporn,1,1
runesofmagic,1,1
mrbungle,1,0
Johny,1,1
just_the_best,1,0
MetaFeminism,1,1
Wakkit,1,1
fuckblaine,1,1
arttutorials,1,1
pigferret,1,1
solvang,1,0
BannedFromCircleJerk,1,0
maculardegeneration,1,1
DrawingPracticeForMe,1,0
Summerhillcollege,1,0
GamerXChange,1,0
kootenays,1,0
Dara,1,1
beef,1,1
QuickCashLoansToday,1,1
Louisvillents,1,1
bbcsherlock,1,1
GeorgetownOntario,1,1
birthdays,1,1
Airplane,1,1
EndOfWorld,1,1
OffensiveCombat,1,1
loanswithoutfees,1,1
eeg,1,1
DistanceEducation,1,1
macro,1,1
toysfortheneedy,1,1
slyjesse,1,1
suicidehelp,1,1
2011,1,1
Discipline,1,0
Healing,1,1
timetravelencounters,1,1
cross_stitch,1,0
CaribouCoffee,1,1
IWishIWasThere,1,1
circlejerkfour,1,0
TRCTeam90,1,1
Crushes,1,1
Maricopa,1,1
the_goods,1,0
minemen,1,0
PropertyBuyersAgents,1,1
1MinuteUnsecuredLoans,1,1
Pepperdine,1,1
everyposterisamod,1,0
RandomActsOfCaviar,1,0
AskMan,1,0
Fraiser,1,1
IWAML,1,1
wonder,1,1
LibraryStories,1,1
paydayfaxlessloans,1,1
moon,1,1
twitterfollow,1,0
lookslikereddit,1,1
TheYachtClub,1,1
Verve,1,0
michaelsface,1,1
wrf,1,0
RedditProperty,1,1
americanpirateparty,1,1
springhillgroup,1,1
thirdpartyroundtable,1,1
fuuuuuuuuuuuu,1,0
Cobourg,1,0
quicklaughs,1,1
gamehumor,1,1
Curesforboredom,1,0
DepressedRage,1,1
roti,1,0
FortMcMurray,1,1
dataisterrifying,1,0
bayofplenty,1,1
Visvim,1,0
micprocirclejerk,1,1
actualsloths,1,1
merkin,1,1
8bit_pictures,1,1
dirty630,1,1
Scraps,1,1
cosleeping,1,1
gta2,1,0
Essay,1,1
ucbookexchange,1,1
INAT,1,1
AnythingGoesUFOs,1,1
AmiaMiley,1,1
Jeepsgonewild,1,0
tarkovsky,1,1
Dwhite,1,1
Faerys,1,1
WipeOut,1,0
SRSSucksWatch,1,0
EastTexas,1,0
leagueoflegendskorea,1,1
ShittyShittingAdvice,1,1
3xmetacirclejerk,1,0
picsofcalvinsleeping,1,1
FlashDevelop,1,1
shittreysays,1,1
fuckityfuckfuck,1,0
Rldscirclejerk,1,1
rockhampton,1,0
gamefaqs,1,1
CoWM,1,0
Superhero,1,1
buzzinject,1,1
Kanye,1,1
ps3bf3australia,1,1
whatsitmeantoyou,1,1
thorrbo,1,1
scriptwriting,1,1
BadStatistics,1,1
Repordy,1,0
internetgold,1,0
umanitoba,1,0
SexatDawn,1,1
batonswingers,1,1
BlackComedy,1,0
ritpetsitting,1,1
shithexsays,1,1
GameTeccch,1,1
hammock,1,1
ewoks,1,1
freeforallwriting,1,1
survivalshows,1,1
FreeProxies,1,0
gtdx,1,1
offcolorjokes,1,1
NobodyCaresOP,1,1
Appliances,1,1
thematrix,1,1
SanMateo,1,1
classicmac,1,0
FireTruckPorn,1,1
1984,1,1
MtLebanon,1,1
cakephp,1,1
rrr,1,1
JPII_highschool,1,1
GoneWildNerdy,1,1
Lync,1,1
slenderworldwide,1,0
everywhere,1,1
ChivalryCircleJerk,1,1
should_be_a_thing,1,1
Picsoflyndea,1,1
Doctor,1,0
ViolentFemmes,1,1
virtcraft,1,0
rarebooks,1,1
M14,1,1
newfag,1,0
RedditCarpool,1,1
ournameisfun,1,1
phillyfilmmakers,1,1
Liberationofliberty,1,1
mlpOSU,1,1
nanostudio,1,1
nigggerz,1,0
Pokemonsoloruns,1,1
MsAtheism,1,1
random_acts_of_skype,1,1
HotChocolate,1,1
Williamsport,1,1
PokemonTabletop,1,1
oldfray,1,0
MICrew,1,1
dailywtf,1,1
avantgarde,1,0
delawarecamaro,1,1
anticonsumerism,1,1
modernism,1,1
xtianrage,1,1
PlanetaryResources,1,1
discgolflostandfound,1,1
jamf,1,1
notcollectingstamps,1,1
teapotism,1,1
ExDiggers,1,1
mwt,1,1
GeoMemes,1,1
cabo,1,0
rapeisfun,1,1
EurUsd,1,0
coloredsquares,1,0
Incel,1,1
Hearthfire,1,1
MoviesDeals,1,1
TheBattleForWesnoth,1,1
dfwgaming,1,1
youcantposthere,1,1
coal,1,1
ReadWriteCloud,1,1
codingbat,1,1
blackjack,1,0
Exams,1,0
Aestheticism,1,0
ctc,1,1
ProgrammingJobs,1,0
GrandHaven,1,1
thatfuckingface,1,0
oglaf,1,1
Nerdjokes,1,1
parentingfail,1,1
Allmystery,1,1
chan,1,1
MilwaukeeEnts,1,1
LightDumbellFitness,1,1
nsca,1,0
spreadeagle,1,1
realparanormalstories,1,1
HairyBoners,1,1
girlswithtattoos,1,0
LadyBonerOFaces,1,0
PremierePro,1,1
GoodCopHaveADoughnut,1,1
UEFAChampionsLeague,1,1
nudibranch,1,1
GTA4,1,1
Alzheimers,1,1
greghorbal,1,1
jurassic5,1,1
CopperCraft,1,1
whitewomen,1,0
reportspamsubs,1,0
achievementstrophies,1,1
Surrogate,1,1
Phobia,1,1
Blowguns,1,1
aryans,1,1
MiaPresley,1,1
WordOfToday,1,0
Lifehouse,1,1
7films,1,1
matthewkernan,1,1
BoiseHODOR,1,0
URedditArabic101,1,1
OutOfContextGaming,1,1
loscampesinos,1,1
crotchless,1,1
bukowski,1,1
HotShotGG,1,1
everyone,1,1
redporn,1,1
crossfitauschwitz,1,1
Birkenstocks,1,1
crx,1,1
things,1,0
TheHispanicRedditor,1,1
WNYC,1,1
CASH,1,1
redditisgay,1,1
dentures,1,1
whitehatseo,1,1
AtheistChristianity,1,1
photoclass,1,1
ProjectRSC,1,1
bed,1,1
DriveIsAPGoodMovie,1,1
newsite,1,1
Dukesofhazzard,1,1
fairytales,1,1
PhotoShopChallenge,1,1
horrorwriting,1,1
locksport,1,1
NEXTGENcollective,1,1
wiki_discussions,1,0
BPM,1,1
ScreamQueens,1,1
eddit,1,1
throne,1,1
LateNightCatFights,1,0
liechtenstein,1,1
coverart,1,1
UnofficalGraal,1,1
WasserFest,1,1
Killfeeds,1,1
iamthegreatest,1,0
Pokegrounds,1,1
vray,1,1
modusponies,1,1
lindseyreynolds,1,1
YLNT,1,1
QuestUniversity,1,1
indiecomics,1,1
cutpastearchive,1,1
gonewid,1,0
antilgbtviolence,1,1
magicgathering,1,1
LesbianWrestling,1,1
spasmbot,1,1
douchebagfoundation,1,0
FreezeFrames,1,0
FelixBaumgartner,1,0
brewingstations,1,0
premiere,1,1
upgradeapc,1,1
ForTheORB,1,1
StevenHritz,1,1
randomactsofgames,1,0
VictorianSluts,1,1
Torchlight2Strategy,1,0
dreamscometrue,1,1
Sportsadvice,1,1
Epitech,1,1
circlebrokecopypasta,1,1
programmerhumour,1,1
ActualAdviceMallard,1,1
awesomejapaneseads,1,1
shouldibeworried,1,1
18celebs,1,1
tubes,1,1
ivan,1,1
silkscreening,1,0
heatsuck,1,1
Smash,1,1
HGH,1,1
dragonfable,1,1
carbuyingadvice,1,0
EXPLAINLIKEIMWHITE,1,0
GCSEenglish,1,1
CentralValley,1,0
Algoreisadouche,1,1
Yellowporn,1,1
HeroesandGenerals,1,0
Amtrak,1,1
kat_fud,1,1
SkyrimTipsandTricks,1,0
PerthJobs,1,1
imobsters,1,1
BobbyRay,1,1
dysis,1,1
cinemacake,1,1
MichaelChekhov,1,1
sabaton,1,1
AML,1,1
MercyThompson,1,1
ahoymccoy,1,1
BCI,1,1
CrossCountry,1,0
pussygape,1,1
sneakybuffalo,1,1
GuessThatSpot,1,0
GravesCounty,1,0
sweetbroandhellajeff,1,0
fightingillini,1,1
AskSports,1,1
wordpresshelp,1,1
mintCast,1,1
ARQLANTIA,1,1
bloons,1,1
anunturi,1,0
blahg,1,1
InternetRejects,1,0
TorontoRenting,1,1
hongkongcirclejerk,1,1
GiftEconomy,1,0
elektronicmusik,1,1
notThomastheTank,1,0
industrialengineering,1,1
tentacleporn,1,0
InDepth,1,0
AoA,1,1
tf2economy,1,1
programacion,1,1
Theosophy,1,1
shadowhunters,1,1
waneefestival,1,0
drobo,1,1
SunFest,1,0
Paelcolpsss,1,1
autonews,1,1
kidfriendly,1,0
airsoftloadouts,1,1
officegifs,1,0
xaml,1,1
SomethingNew,1,1
EstonianFlags,1,1
Webmasters,1,0
ChangeNow,1,1
HendrenGroup,1,1
ling,1,0
jeongyang,1,1
isleofwight,1,0
insults,1,0
websocket,1,1
microcomputing,1,1
vtmb,1,1
alisveris,1,1
packages,1,1
getloanswithbadcredit,1,1
TATS,1,0
Pentesting,1,1
putabirdonit,1,1
HomeNetworking,1,1
BlockKids,1,0
ketode,1,1
andytang,1,1
whatwasithinking,1,0
hazz,1,1
swarm,1,1
Jtdkyd,1,0
Crusades,1,1
Nantucket,1,1
wowservers,1,1
OwenShort,1,1
MyNameCouldntBeAsLong,1,1
milklyinteresting,1,1
Vidyacraft,1,1
Educational,1,1
polltrolls,1,1
lucasarts,1,1
VindictusEurope,1,0
Quelibrosleer,1,1
studentloansuk,1,1
ClassicXXX,1,1
DrugWars,1,1
timscatbird,1,1
AmayzingVideos,1,1
iam14andthisisWTF,1,1
Pledge,1,1
Leaders,1,0
otolaryngology,1,1
TombofFreedonNadd,1,0
Christiandemocrats,1,1
Kubuntu,1,1
yard,1,1
CDJism,1,1
tutting,1,1
HDRPorn,1,1
huntingcruelty,1,1
threekingdoms,1,1
loanstodaybadcredit,1,1
Novelties,1,1
phoenixmusic,1,1
numberstations,1,1
literotica,1,1
russiatoday,1,1
CollaborativePsych,1,1
AnCapVexationClub,1,1
boobland,1,0
Beat,1,1
fifthworldmusic,1,1
WCCF,1,0
ShittyTinyPlanet,1,1
dutchhouse,1,1
translesbians,1,1
lifecoaching,1,1
writeforfun,1,0
splooge,1,0
DYEL,1,1
Dillsburg,1,1
90dayloan,1,1
karachi,1,1
imwarm,1,1
Therevada,1,1
Custom,1,1
suicide_watch,1,0
Centre,1,1
OmniGamersNation,1,1
rituals,1,1
NaturalPregnancy,1,1
StealMemoriesFromCats,1,1
winRAR,1,1
HamSlide,1,1
UPSers,1,1
BFF,1,1
kingkong,1,1
LadyGamers,1,1
NewGovernment,1,1
RuneScape_Help,1,1
dwi,1,1
worldofgothic,1,0
girlfriendsofgamers,1,1
SmallQuickLoan,1,1
RicardoLamboglia,1,1
HannibalTV,1,1
chapmanuniversity,1,1
Tvshowwhitney,1,0
StarcraftLore,1,1
AirsoftGuns,1,1
ELIBillCosby,1,0
cubijas,1,1
WineandSpirits,1,1
sjam,1,1
underratedmovies,1,1
Jalenworshipcamp,1,1
FoodAllergies,1,1
keyori,1,1
Malevich,1,1
badluck,1,1
Kawaii,1,1
mexicans,1,0
violentacrez,1,1
mlas1animotes,1,1
Anticraft,1,1
CatsAndBoobies,1,1
shooterROOTS,1,1
AsianLadyLadyBoners,1,1
selfpic,1,1
Durarara,1,1
mangunit1,1,1
UKhockey,1,1
inspirationalquotes,1,0
vimplugins,1,0
garrett,1,1
Marknad,1,1
gaslightanthem,1,1
erau,1,1
Brendanisafaggot,1,1
Bearbearbear,1,0
not_reddit,1,1
Troy,1,1
TSFoxxy,1,1
uAlbertaDating,1,0
Selfquote,1,1
intothedead,1,1
jamesriver,1,1
GAMING_Wallpapers,1,1
cutting,1,0
Rejection,1,1
StickFigures,1,1
Journals,1,1
ethanderson,1,1
davao,1,1
122112,1,1
SPD,1,1
baildude12,1,0
accomplishment,1,0
Tehnologija,1,0
MMOReporter,1,1
Juniper,1,0
hopelessromantic,1,1
mancbarter,1,1
pricelessartwork,1,0
helena,1,0
Jaime,1,1
Environnement,1,1
Banks,1,0
askliterature,1,0
ImagesOfMuhammad,1,1
2s4u,1,0
advancedsquadleader,1,1
LazyArt,1,1
Maybe,1,0
vagetarian,1,1
Teacher,1,1
snoqualmie,1,0
SexyTeachers,1,0
teen_leotards,1,1
ony,1,1
Raejk,1,1
ReddUp,1,0
StankyFish,1,1
AMURICA,1,1
swccg,1,1
secretgentlemansclub,1,1
Dont_starve,1,1
dognoses,1,1
duPontManual,1,1
GW2LFG,1,1
sqrtratsass,1,1
gamestory,1,0
Emeryville,1,1
PokePaint,1,1
payphones,1,1
Walk2222,1,1
catsaredicks,1,1
HockeyAllsvenskan,1,1
Sullidale,1,1
sweat,1,0
ZelosCraft,1,0
Iliketrains,1,1
StreetCred,1,1
piki,1,1
WTFComic,1,1
WeAreAllCriminalsNow,1,0
jazzguitar,1,1
FatGuysVsGravity,1,1
circumcisions,1,1
Stank,1,1
Vorp,1,1
hds,1,1
tracking,1,1
strangerswithcandy,1,1
wimp,1,0
theredditorlocator,1,1
PatrickStar,1,1
sinatra,1,1
MyLittleQwerty,1,0
lucifer,1,0
theprivatebaths,1,1
WorldHackNews,1,0
RRRThatsFiveRs,1,0
RedditET,1,1
laspositascollege,1,0
JoeisaCunt,1,0
BattleForDreamIsland,1,0
thegreatproject,1,1
TodaysPast,1,0
rebol,1,1
FrightenedRabbit,1,1
techhumor,1,1
oceanography,1,1
scpaderborn,1,1
clit,1,1
EvansisaHomo,1,0
deerhunter,1,1
complaining,1,1
ErnestoDelafoya,1,1
EmbarrassingProblems,1,0
carspotting,1,1
firstwordproblems,1,1
Factsonly,1,1
blackops3,1,1
UserExperienceDesign,1,1
yugiohgonewild,1,1
rejectiontherapy,1,1
holidaysshatterly,1,1
AlmostFacts,1,1
eliteclimbing,1,1
collaborativeart,1,1
Naples_FL,1,1
super,1,1
HeyMatt,1,1
ShitHZJsays,1,1
regret,1,1
HorrorNews,1,1
Dominos,1,1
eastvan,1,1
girlsincostume,1,0
tjhsst,1,0
genderfuck,1,0
VintageTechnology,1,1
Gizmonauts,1,0
niggasinspace,1,0
gamepostssss123,1,1
UIW,1,0
Thanet,1,1
cocksoupmix,1,1
FIFA_Ultimate_Team,1,1
techdeals,1,0
FuckHumanity,1,0
RSRants,1,1
suiseiseki,1,1
bravelydefault,1,1
LifeMystery,1,1
tvcritic,1,0
bbc,1,0
DoItTogether,1,1
bookcoverporn,1,0
CoolAncientArtifacts,1,0
MiamiConnection,1,1
CapitalU,1,1
multimonitors,1,1
doganusfelching,1,0
univRI,1,1
mourning,1,1
location,1,0
Thinking,1,1
FatShaming,1,1
mikeomearashow,1,0
smokesmoke,1,1
CodingContests,1,1
Russell,1,0
popularscience,1,0
WATMMContest2012Nov,1,1
mikerowe,1,1
North,1,1
LaundryRoom,1,1
hifive,1,1
marksmanship,1,1
BakedYoga,1,0
surrogacy,1,1
SomedayCivcraft,1,1
ProgrammerArt,1,1
theslowmoguys,1,1
chemicalreactions,1,1
freddiew,1,1
fartparty,1,0
ps3cfw,1,1
ColoradoGameDevs,1,1
HeavyThought,1,0
torino,1,1
catchtherainbow,1,0
JuventusFootballClub,1,1
rhodespiano,1,1
lovelace,1,1
NoOneCares,1,0
BiTLY,1,1
hipsterproblems,1,0
ATCSean,1,1
TLR,1,1
Dollhouses,1,1
dressedforgunfire,1,1
manbetterporn,1,1
salina,1,1
anarchistmusic,1,1
twistedrecords,1,1
ProgressiveRock,1,1
vala,1,0
Jesuitawesomeness,1,1
Buildersunited,1,1
trailmapporn,1,1
shittyfacebookmemes,1,0
RICE,1,1
bonfire,1,1
mohw,1,0
pvkii,1,1
gns3,1,1
Reality,1,0
comidaperuana,1,1
Torsion,1,0
algorithmictrading,1,1
Memeboard,1,0
moddingminecraft,1,1
mlglounge,1,1
2mod,1,1
FRESHVIBES,1,0
tempus,1,1
OrangeCountySeddit,1,0
JAIgaming,1,1
Ju_Jutsu,1,1
wht_vets,1,0
BBBQ,1,1
Hanonator,1,0
uniball,1,1
mcparents,1,1
zedd,1,1
Lightshows,1,1
skatergirls,1,1
LinneaFox,1,1
tested,1,1
3dguns,1,1
openinternet,1,1
BeautyInDarkness,1,1
Xentactix,1,1
assvideos,1,1
SickSadWorld,1,0
Quinnipiac,1,0
treesskype,1,1
HSTA,1,1
lakesideschool,1,1
pingas,1,1
toriamos,1,1
Vocaldubstep,1,0
duckjailbait,1,1
EmbeddedRealTime,1,1
ngrams,1,1
Kenyon,1,1
Persona4,1,1
webhost,1,1
sonubae,1,1
Masons,1,1
yavneh,1,1
socialistrealism,1,1
HelpingAnimals,1,1
palmdale,1,1
Killington,1,1
huggableplum,1,1
coffeemug,1,1
RuralMetro,1,1
djshadow,1,1
theresyou,1,1
Skeet,1,1
vlsi,1,1
whosthemodnowcunts,1,0
3dporn,1,1
Spoons,1,0
chuckhagel,1,1
CanadianMusic,1,1
SocialEcology,1,1
PaleoAcceptance,1,1
ITforIT,1,1
GreenFuture,1,1
Westfalia,1,1
kylebutler,1,1
smb,1,1
Ponygirl,1,1
whovianents,1,1
bustymodels,1,1
gamingdiy,1,0
JustLetItOut,1,0
eggplant,1,1
AdvancedAquariums,1,0
collegeapps,1,0
Sucking,1,1
wino,1,1
AppIdeas,1,0
TheAmericans,1,0
Ishmael,1,1
NoAdjectives,1,0
artcritical,1,1
handpercussion,1,1
U2official,1,1
savemoney,1,1
csbsju,1,1
boycottmail,1,1
ronpauljerk,1,1
poketheories,1,1
mlpps3,1,0
fourteen,1,1
sdrideshare,1,0
amarok,1,1
teenminecrafters,1,1
Confucius,1,0
staticshock,1,1
S1000D,1,1
WeAreTheComicMakers,1,0
WhatTheShit,1,0
dystopianbooks,1,1
skyrimdawnguard,1,1
TheGamingUnion,1,1
entr4r,1,0
ordinancegaming,1,1
EdmontonJobs,1,1
BearGrylls,1,1
bestof2016,1,1
HighSchoolPhysics,1,0
mnmlist,1,1
Weird_Science,1,1
Samoa,1,1
ChattanoogaState,1,0
compton,1,1
abigailbreslin,1,0
failedpilots,1,1
GNURadio,1,1
treepics,1,1
Lastline,1,1
safetyfirst,1,1
retroist,1,1
Ahha,1,1
Mediocrity,1,1
politicalhypocrisy,1,1
TESTINGPLEASEIGNORE,1,1
sonoita,1,1
braveryjerklite,1,1
AskAMechanic,1,0
Scranton,1,1
IveNever,1,0
WhatsThePoint,1,1
altoona,1,0
MSUM,1,0
KeepItSimpleStupid,1,1
DinoBalls,1,0
bypassage,1,1
polyglot_programmers,1,1
videogamehistory,1,1
truetruetruegaming,1,1
SRSCanada,1,0
ddd,1,0
MBHS,1,1
filmriot,1,1
metro,1,1
Starecat,1,1
troma,1,1
jogging,1,1
Dontforgettobeawesome,1,1
epicradio,1,1
F1Meme,1,1
steelpanther,1,1
spac,1,0
turkish,1,1
hypotheticalquestions,1,1
fact,1,0
doegs,1,1
thecollagist,1,1
ShittySuicideWatch,1,1
9GagStoleFromUs,1,1
HKUST,1,1
DCCC,1,1
dracoredditus,1,1
Panoxia,1,0
gaemsofyesterday,1,1
keming,1,1
SolarSailor,1,1
FloridaEDM,1,0
starshiptroopers,1,1
BondGirls,1,0
NZatheism,1,1
homedesign,1,1
AnimatedPornGifs,1,1
chessboxing,1,1
back,1,0
Raysterteeth,1,1
UniversityOfToronto,1,1
favorites,1,1
needachange,1,0
theallmanbrothersband,1,1
ucsdstudypartners,1,1
troop550,1,1
NYMets,1,1
organizeit,1,1
gameconcept,1,0
deadoralive5,1,1
chalmers,1,1
NetworkForSale,1,1
SUNYWCC,1,0
daytonacademy,1,0
yummy,1,0
teamcool,1,0
yahuwaku,1,1
TheWanderingCows,1,1
morningtoncrescent,1,1
gustav,1,1
SportsEquipment,1,1
ZombieStories,1,1
DTFM,1,1
UCD,1,1
hoofersailing,1,1
MarianUniversity,1,1
TomSavini,1,1
CuteAndLittle,1,1
AskAPornEditor,1,0
Harrow,1,1
dirties,1,1
Homesick,1,1
AskRedDot,1,1
biskatanaka,1,1
gucci,1,1
SPb,1,0
etarded,1,1
DragonicaMMO,1,1
tampabmx,1,1
AmyWinehouseOfficial,1,1
table,1,0
vimque,1,1
TheListMineZ,1,1
RKNews,1,1
bro,1,0
kerbaljerk,1,1
DaveChappelle,1,1
Thegameofhive,1,1
reborngame,1,1
eSfere,1,1
testingbetazoidberg,1,1
liber8,1,0
in14andthisisfunny,1,1
conncoll,1,1
gujarat,1,0
lostodyssey,1,1
truecatholic,1,1
laidbackqueers,1,0
ToyDrive,1,1
UNI,1,1
Yax,1,1
siblings,1,1
chorlton,1,1
stolendogbeds,1,1
dfs,1,1
AnthroClop,1,1
DodgeDakota,1,1
safeplace,1,1
Medfield,1,1
dragonwarriormonsters,1,1
BBC_HaveYourSay,1,1
LearnCantonese,1,0
Foodpornstories,1,1
Chasty,1,1
ID4,1,1
Captions,1,0
bonzo,1,1
allmsu,1,0
superexclusivereddit,1,1
JIDF,1,1
interdisc,1,0
aeroponics,1,1
MasterofHumility,1,1
JWflikz,1,1
deadpoolgame,1,1
Top_Comment_Judge,1,0
goodpeople,1,1
tracygrimshaw,1,1
Crane,1,1
Artizen,1,1
PapercraftCosplay,1,1
msor,1,1
letsmakefunoftheamish,1,1
Shinyfailures,1,1
ProHormonals,1,0
itaudit,1,0
kenttanita,1,1
iNeedAInstallmentLoan,1,1
Levittown,1,1
trashtech,1,0
Flintshire,1,1
brokenbones,1,1
TenshiOni,1,1
OneyNG,1,1
TLACircleJerk,1,1
Campervanning,1,1
MensProgress,1,1
sadreddit,1,1
ambidextrous,1,1
electricretard,1,1
GraffBattles,1,0
EroticSexStory,1,1
CSUEB,1,1
swing,1,1
Notestoself,1,1
DefendersQuest,1,1
HaloMemes,1,1
DrunkOrKid,1,0
Gunbuilds,1,1
APUSH,1,1
NeuroticallyYours,1,1
friday,1,0
AnalFisting,1,1
NYCJam,1,1
TejunSucks,1,1
workaholic,1,0
Preach,1,1
Chalkart,1,1
picsofdaniel,1,1
SurveySurfers,1,1
reason,1,1
LoansToday,1,1
FairmontWV,1,1
AnimalAbuse,1,0
themovies,1,1
tusc,1,1
realdnb,1,1
modelm,1,0
Layoffs,1,1
Mushishi,1,0
sweaterkittens,1,1
RanchoSantaMargarita,1,1
Boon,1,1
HumanisticJudaism,1,1
scaredofcops,1,1
schwa,1,1
HairSalons,1,1
cashloansinstant,1,1
Deauxma,1,1
attackoftheshow,1,1
malir,1,1
CelebrationGifs,1,1
talesfromthetabletop,1,1
ccompliquer,1,1
jimjefferies,1,0
Lifebrotips,1,1
SFTS,1,1
dayzspawnhelpers,1,1
OfficeView,1,1
laplata,1,1
sitonmyface,1,0
paxaus,1,1
SoccerMomStories,1,1
CarlsbadNM,1,1
kevinandbean,1,1
LongHairedMan,1,1
Trini,1,1
waterthon,1,1
CCNY,1,1
NYCBands,1,1
RCPlanes,1,1
texoma,1,1
ryewhiskey,1,0
earthwormjim,1,1
Oldwest,1,1
NaturalOnes,1,1
fuzzing,1,1
vitaminsforhairloss,1,1
RoxyMusic,1,1
corpsing,1,0
Kreius,1,1
AustEnts,1,1
NOJUSTNO,1,1
PokemonCardGB,1,1
Hampshire,1,1
rss,1,1
BITCHNIGGUH,1,0
lycoming,1,1
moto,1,0
oms,1,0
NMENTs,1,1
LondonGayBros,1,1
robotunicornattack,1,1
macroeconomics,1,1
dUrgs,1,1
LightsOutLegends,1,0
Boarderlands2,1,1
ravergirls,1,1
youngstownOHarea,1,1
Thisoldhouse,1,1
FloweryBranch,1,0
Digiporn,1,1
cutecouples,1,0
Morphsuit,1,1
marthasvineyard,1,1
joshcainonreddit,1,1
onthestreet,1,0
TLTSAMA,1,1
BloodDK,1,1
ProlapseSucking,1,1
ccc,1,1
ShoujoJosei,1,1
genderequality,1,1
PerCapitaBragging,1,1
move,1,1
Roosevelt,1,1
lion,1,1
quirky,1,1
BitsNBytesDVC,1,1
WinonaStateUniversity,1,0
beerrecipes,1,1
stickertrade,1,1
avi,1,1
slammed,1,1
Celebration,1,1
runmeals,1,1
Voxelsniper,1,1
hothotmodels,1,1
batplay,1,1
mathushan,1,1
mudpunchin,1,0
CLEGGELICENCE,1,1
DivineReality,1,0
AClubOfBooks,1,1
mensrightslaw,1,0
rpgcodex,1,1
CultofJake,1,1
tunnelsnakes,1,0
toothpasting,1,1
uDoBands,1,0
the3rdparty,1,1
hiddenwow,1,1
Crepes,1,1
eFreebies,1,1
onedayatatime,1,1
HenryChen,1,1
Harrisburg,1,1
WilberCraft,1,0
Science_Bookclub,1,1
PugBostonMix,1,1
Shippingtime,1,1
EPFL,1,1
BlameNoah,1,0
OffGridLiving,1,0
UBishops,1,1
trauma,1,1
TheTragicallyHip,1,1
tacs,1,1
Sensual,1,0
ADCircleJerk,1,1
OmahaMusic,1,1
VideoCopilot,1,1
vincentchuang,1,1
ushealthcare,1,1
TrueIncest,1,0
coloradocollege,1,1
bf1942,1,1
MustangHighSchool,1,1
KindaStrange,1,1
montrealfilmmakers,1,1
uzairkhan,1,0
freemoney,1,1
ToiletBanana,1,1
bcstx,1,1
Cunshan,1,0
BeanDip,1,1
SacramentoHousing,1,1
Faku,1,1
steveirwin,1,1
realitytv,1,1
classyasfuck,1,1
derpywerpy,1,1
SurfCity,1,1
your,1,1
DeerfieldBeach,1,1
freegifhub,1,1
DSU,1,0
albuquerqueacademy,1,1
vaxjo,1,1
sonicyouth,1,1
metabraveryjerk,1,1
RedditNCAA,1,1
lele,1,1
caption,1,0
Curdflappers,1,1
hireavet,1,1
silvergrove,1,0
Windbreakers,1,1
bippy,1,1
redditatwork,1,1
northtexasents,1,1
Widespread,1,1
HBOGameofThrones,1,1
vce,1,1
steamgiveaways,1,0
HttydToothless,1,1
GPXPlus,1,1
ThatGirlIsPoison,1,1
ARTIERIAM,1,1
OpenSourceEcology,1,1
bcbud,1,1
andrewworldproblems,1,1
obat,1,1
Broadripple,1,1
solomodels,1,1
ParodyPorn,1,1
hoopla,1,1
PFLAG,1,1
sherry,1,1
lady,1,1
SomeRandomReddit,1,1
RandomActsOfTea,1,1
WingNuts,1,1
partesting,1,1
fgt,1,1
DarkerThanBlack,1,1
TreatmentTeam,1,1
ohgeorgescock,1,0
madmarr,1,0
ChipServer,1,1
ParentingTools,1,1
ashhar,1,1
Rodeo,1,0
paranormalromance,1,1
yarnporn,1,1
Kartrider,1,0
Broble,1,0
AccentPorn,1,1
shitjacksays,1,1
UTSAbooks,1,1
immobilier,1,1
Catfort,1,1
NewSongs,1,0
DeathHacks,1,0
lastoutpost,1,1
sifi,1,1
teenwolffics,1,1
TheRoganEffect,1,0
DrinkingAlone,1,1
Mim,1,1
geocache,1,1
DRAKETKE,1,1
beg,1,1
dustbunnies,1,1
bobafett,1,1
Subromsgrove,1,1
Atari2600,1,1
housedecor,1,1
jcu,1,1
eHost,1,0
toradora,1,0
catReddit,1,1
burscough,1,0
NoVideogames,1,0
SEXSPACE,1,1
bamfsquad,1,1
Horoscope,1,1
Blackburn,1,1
albanydevils,1,1
btmi,1,1
cgisteam,1,1
ruxcon,1,1
HopeSolo,1,1
RPGrecordings,1,1
nipslips,1,1
redditadvertising,1,1
realmsoftrinity,1,1
mylittlecamel,1,1
tinwhistle,1,1
westislip,1,0
ismailis,1,0
HandDrummer,1,1
fingerprints,1,1
BARCELONAFC,1,0
virtuaguy,1,1
Tweet,1,0
TeamAvo,1,1
BackgroundMusic,1,1
WrittenJokes,1,1
JetpackJoyride,1,1
cancerhumor,1,1
Kefir,1,1
freemarket,1,1
recipeclones,1,1
AlGore,1,1
thesecretcircle,1,0
uninteresting,1,1
EvilGoogle,1,1
BringBackCourage,1,0
PoniesInSocks,1,1
LeaveBroniesAlone,1,1
SEL,1,1
PETI,1,0
saltash,1,1
downvoteanna,1,1
Puneet,1,1
US101,1,1
vandykeparks,1,1
Popularity,1,1
newlunarradio,1,1
theysaid,1,1
MineZredditClan,1,1
Wolf3D,1,1
Athism,1,0
Helicockter,1,1
newf,1,1
FunnyCaptcha,1,1
mtgtrades,1,1
karma,1,1
TheWonderbolts,1,1
Canadore_College,1,1
uhhyeahdude,1,1
stephencolbert,1,1
HelpMeWriteAPaper,1,0
ytknowstest5,1,0
cocky,1,1
jabotabek,1,1
MikeAndGlenn,1,0
thefrontpage,1,1
gamingnostalgia,1,0
BASSordeath,1,1
atonal,1,0
central_ma,1,0
perfectform,1,1
Chem110,1,1
nexuswarz,1,1
wcminecraft,1,1
serigraphy,1,1
soccershoes,1,1
FirearmInformation,1,1
SamuraiChamploo,1,1
RADWIMPS,1,1
GameHobo,1,1
LPnewsclips,1,1
gabeass,1,0
EquityCrowdfunding,1,1
parishilton,1,1
THE_HUMAN_TREE,1,1
lobster,1,1
coheed_and_cambria,1,1
askshittyhistorians,1,0
Takeiandothershit,1,0
sledgehockey,1,1
cwc,1,1
Paranoia,1,0
Freezing,1,1
Madoshi,1,0
Needlefelting,1,1
hrw,1,1
9gagArmy,1,0
HappyGames,1,1
Font,1,1
CatsInChristmas,1,1
LincolnRepublicans,1,1
AtlantaSilverbacks,1,1
TestMagic,1,1
UMPI,1,1
syringomyelia,1,0
Schwamba,1,1
SHAKEJUNT,1,0
TeenagerCirclejerk,1,1
FAVORITE,1,1
MusicParody,1,1
8bitrainbowz,1,1
PLAYWRIGHTS,1,1
Chowder,1,1
ilhae,1,1
Pink,1,0
techwriting,1,1
WhoIsThisPerson,1,1
pibetaphi,1,1
Borax,1,1
CIvSanctuary,1,0
Fundraisers,1,1
momandaughterporn,1,1
EmotiCombo,1,0
California_Guns,1,0
DFWMarketplace,1,1
Junctionofftopic,1,1
loltest,1,1
explainlikeyourefive,1,1
FillmoreTV,1,0
ruffles,1,1
FireProtection,1,1
monogame,1,1
gandhi,1,1
weedpunk,1,0
melles,1,1
FredEnts,1,1
william,1,0
pickled_onions,1,1
techsales,1,1
catsgw,1,1
Edditch,1,1
CultMechanicus,1,1
Gentleman,1,0
adventures,1,0
BestOfC,1,1
Drizzt,1,1
imold,1,1
celebnsfw,1,1
iphone4wallpapers,1,1
bbbs,1,1
analfuck,1,1
leakit,1,0
colonialforge,1,0
PostYourBlog,1,1
MontrealFood,1,1
guncontrol,1,1
DHMN,1,1
cable,1,1
Kristin,1,0
berkeleyca,1,1
Roccat,1,0
Richmond,1,1
LoudNoisesOttawa,1,1
MRTServer,1,1
landlords,1,1
bodymind,1,1
unindexed,1,1
Pickles,1,1
maciej01,1,1
Monk,1,1
HardBass,1,1
britishpeople,1,1
EDRecovery_public,1,1
RepublicOfReddit,1,0
ControlRoomPorn,1,1
Saturday,1,1
WWZSJD,1,1
bouncybouncy,1,1
FoodBlogs,1,1
asdfghjkl,1,1
kinda_funny,1,0
TheFarSideGallery,1,1
musicdetective,1,1
TheLadySpade,1,1
datascience,1,1
mattdowne,1,1
Celebsex,1,0
SandraBullock,1,1
POPF,1,1
Rule303Students,1,1
ZombrianAvengers,1,1
madlibs,1,1
CanineCare,1,1
CoolShit,1,1
PornParodies,1,0
manhood,1,1
Derpbook,1,0
graverolling,1,1
TheOnionIRL,1,0
bartlett,1,1
Asians,1,1
Lansdale,1,0
liquid,1,1
diehard,1,1
georgestrait,1,1
JoEle24,1,1
gogame,1,1
session,1,1
salvage,1,1
equipment,1,1
yousingle,1,0
kates_playground,1,1
il2,1,1
BTY,1,1
SolarLighting,1,1
25thworldproblems,1,1
eddfaction,1,1
inventing,1,1
nedimaon,1,1
legostarwars,1,1
accountablecooking,1,1
QYAY,1,0
Townsville,1,1
SkagitValley,1,1
modwars,1,1
WeaponPorn,1,1
toddlersandtiaras,1,1
MylittlePont,1,1
lifetips,1,1
pluggit,1,0
idontliketomhanks,1,0
BigBlockGames,1,1
natureza,1,0
RaffRuse,1,1
roundrobin,1,1
sexvids,1,1
publicboners,1,1
AnushkaSharma,1,0
GroupFruit,1,1
YoutubeMoviesFree,1,1
hardwareowners,1,1
nsfwpics,1,1
marijuanacultivation,1,1
serialstories,1,1
LIRR,1,0
TracFone,1,1
ELOE,1,1
jj16,1,1
CutTheCord,1,1
fifthworldcirclejerk,1,1
fantasytest,1,1
SockSwap,1,1
r4rAlberta,1,0
russianmusic,1,1
fffffuuuuuuuuu,1,1
a7h7z7,1,1
porncritique,1,1
gain,1,1
RealGoodGuyGregs,1,1
ISHK,1,1
bach,1,0
downvotebottester,1,0
WTFCalifornia,1,1
GrapplingMatches,1,1
RealWrestleTalk,1,1
quick1minuteloans,1,1
Autumn,1,1
Jonathan,1,0
Hannahsimone,1,1
gamepreviews,1,1
hungariENTs,1,1
fetishcams,1,1
Samfunnsdebatt1STE,1,0
br0,1,1
HardcoreGamingTips,1,1
LookWhereIPausedIt,1,1
IrinaShayk,1,1
Astonishing,1,1
brutal,1,1
Cimorelli,1,1
Sauce,1,1
Designers,1,1
Filevo,1,1
AnimalLang,1,1
antinatalism,1,1
FoodFacts,1,1
trinityu,1,1
nbr,1,1
yoyohoneysingh,1,1
anteaters,1,1
DiamondOre,1,1
BaeSuzy,1,1
URIntroVideoCreation,1,1
passthetime,1,0
theredditmoshpit,1,1
Slendy_tracker,1,1
veganketo,1,0
adoptmypet,1,1
2013I,1,1
Treasure,1,1
InsomniacGamers,1,1
lovestep,1,1
HateHub,1,1
UrgentUnsecuredCash,1,1
washingtoncirclejerk,1,0
RareList,1,1
shorttermloanarizona,1,1
animebaths,1,1
alexander,1,1
AchievementHording,1,0
KICKS,1,1
Tim,1,1
varanasi,1,1
AntiBulling,1,0
ListenUp,1,1
Oluutaa,1,0
narutowtf,1,1
Craftprofessionals,1,1
whynot,1,1
johntylerjosh,1,1
TF2workshop,1,1
loansbadcredit,1,1
BitchBeatings,1,0
supercars,1,0
MyPhamOriflame,1,1
NC_Liberty,1,1
griefers,1,1
brotiful,1,1
TVrefugees,1,1
Rainbow,1,0
ProWar,1,1
Dixie,1,1
DrGreenLeaf,1,0
dickshouse,1,0
ezines,1,1
Chisquared,1,1
darkwallpaper,1,0
solita,1,1
TAM,1,1
havengaming,1,1
snoonetcom,1,0
TheLeagueofShadows,1,1
syriza,1,1
bedroomproducers,1,1
UCLApoliticalscience,1,0
Mcat,1,1
Halesowen,1,1
melancholy,1,1
PortiaDeRossi,1,0
nmsu,1,1
scambait,1,1
NikolaTesla,1,1
GamingPics,1,0
evilbirds,1,1
TheQueensMinions,1,0
awsmguild,1,1
sophiedee,1,1
Matthew,1,1
aeroporn,1,1
packing,1,1
PatrickBateman,1,0
TerranRepublic,1,1
redsolocup,1,1
wobblegifs,1,1
temizlik,1,1
NWSLacrosse,1,1
garthnix,1,1
LaJolla,1,1
blanket,1,0
Roganomicon,1,1
ElderlyAssistance,1,1
ApostrophePorn,1,0
RedditDaily,1,0
CasperationNation,1,0
DeAnza,1,1
Surveying,1,1
BindingofIssac,1,1
collectivism,1,1
Qualitainment,1,1
hu,1,1
brownclown,1,0
Brain,1,1
FriendsTV,1,0
trey,1,1
remember,1,0
MichaelLeachman,1,1
JellyLiam,1,1
SierraLeone,1,1
JapaneseCinema,1,1
canyouexplainthat,1,1
CatmansPlayground,1,0
towing,1,1
vapor,1,1
quotesbycraigers,1,1
moonwatersrilanka,1,1
TightPussies,1,0
Spittingvenom,1,1
Hamlet,1,1
virtualtours,1,1
jgallant,1,1
KetoDining,1,1
History_Bookclub,1,1
INeedThousandToday,1,1
DailyPrayer,1,0
mildlysatisfying,1,1
plaguemachine,1,1
LeeCarvallo,1,1
105th,1,1
InMyDay,1,1
AskChicago,1,1
HareKrishna,1,1
childhoodstories,1,0
taxidrivers,1,1
StolenBicycles,1,0
allwheeldrive,1,1
mexicanfood,1,1
NEStalgia,1,0
UpvoteMyButthole,1,1
MormonDoubtingTeen,1,1
skeetrixisdisaapoint,1,0
RecipeRecreation,1,1
CrueltyFreeBeauty,1,1
frontpageofreddit,1,0
Kukri,1,1
mountainview,1,1
2016,1,1
smallloanforbadcredit,1,1
radiocontrolaircraft,1,1
PSYclops,1,1
TeamTinker,1,1
healdsburg,1,1
TheGamingMasterRace,1,1
GuildWars2Playlists,1,1
WeirdBoner,1,1
Joshua,1,0
Liam,1,0
critic,1,0
cure,1,1
RoaldDahl,1,1
PivotAnimator,1,0
mainframe,1,1
CallCenterLab,1,0
worldbaseballclassic,1,1
DSA_RPG,1,1
AnimeOnline,1,1
123abc,1,1
USACOLLAPSE,1,1
Horticulture,1,1
builttospill,1,1
streetboarding,1,1
rescueporn,1,1
businessobjects,1,1
International,1,1
koreanents,1,0
toilet,1,1
SnoopLion,1,0
hackerjerk,1,1
MusEntcians,1,1
Oja,1,1
onepieced20,1,1
palmy,1,1
ShortTerm,1,1
letsplaysomething,1,0
warppipe,1,1
hepth,1,0
UoM,1,1
Election,1,1
Timor,1,1
teendiscuss,1,1
exoticdancers,1,1
skidloadermafia,1,0
Learner4Ever,1,1
micearecool,1,1
birdswithlegs,1,1
DavidsQuotes,1,1
Theism,1,1
Lerum,1,1
ShitPalinSays,1,1
Panera,1,0
veggit,1,1
HowItWas,1,1
warcommander,1,0
Darmstadt,1,1
abbits,1,0
FolkRockBanjo,1,1
builapc,1,1
Rurikar,1,0
karmaplease,1,0
lectritaldsco,1,1
KeyboardWarriors,1,1
shroomery,1,0
PigsGoneWild,1,1
IUcirclejerk,1,0
CaribbeanFoods,1,1
Nisekoi,1,1
dogsinwigs,1,1
sammamishgonewild,1,0
ShortSale,1,1
webdevelopment,1,1
fistofthenorthstar,1,1
tbirds,1,1
Gossip_Girl,1,1
YULE,1,1
secretsantarant,1,0
veins,1,0
LittleDragons,1,0
DougBenson,1,1
SRSSwag,1,1
jomachich,1,1
Insomniac,1,1
youdontsay,1,1
DAEH,1,0
toddrundgren,1,0
uwb,1,1
StLawrenceCollege,1,1
coolsites,1,1
newcareer,1,1
robotevil,1,0
waffles,1,0
DON,1,0
Mari,1,1
hurricane,1,1
NZBeer,1,1
gloryglorymanutd,1,1
zerok,1,1
danmaku,1,0
recreationaldrugs,1,1
Staunton,1,1
butterdicks,1,0
runnning,1,1
ClimateDeniers,1,1
dankydoodle,1,1
AmputeeHotties,1,1
pyrrhicvictory,1,1
classictrucks,1,1
googleAPIs,1,1
2ndRedditBrigade,1,0
trisquel,1,1
IAlwaysWondered,1,0
disabilityrights,1,1
Hidalgo,1,1
Interest,1,1
Deleted,1,0
guro,1,0
Minecrew,1,0
dentaldams,1,1
Pratt,1,0
PunkRockMath,1,1
iyjsf,1,0
deadreddit,1,0
spotters,1,1
DoYouHaveAnyBatteries,1,1
ionegoncalves,1,1
SurviveWarZ,1,1
fluteANDsax,1,1
Ludowici,1,0
ClimbingVideos,1,1
Maxmoefoe,1,1
steezecave,1,0
typescript,1,1
moralorel,1,1
eebooks,1,1
sgs3,1,1
SuddenRealization,1,0
fastpersonalloans,1,1
JLeagueTest,1,1
Cows,1,0
askahistorian,1,1
starwarslounge,1,1
AndersonUniversity,1,1
Way2profit,1,1
pyrocms,1,1
Audiotool,1,1
penelopecruz,1,1
rangi,1,1
thinkpool,1,1
centralcoastnsw,1,1
Quite,1,1
RandomActsOfDildo,1,1
takingapoop,1,1
loljk,1,1
iMessageExchange,1,1
RutgersNewark,1,1
eastboro,1,0
Idareyouto,1,1
24HoursOfLemons,1,1
SSW,1,0
disturbednamveteran,1,0
Allegro,1,0
abrahamlincoln,1,1
AdiposisDolorosa,1,0
Arbonne,1,1
GoneWildBoston,1,0
surrey,1,0
psychadelics,1,0
missionaries,1,0
CSUDH,1,1
bootknives,1,1
Schoolhelp,1,0
CaptchaConspiracy,1,0
missional,1,1
RosettaStone,1,1
lactoseintolerant,1,0
pantyandstocking,1,1
memefactcheck,1,1
Athei,1,0
pkmnDW,1,1
BeWell,1,1
hawkeye_initiative,1,1
pokemanz,1,0
HighschoolTheater,1,0
WTFunny,1,1
graffitti,1,1
MyArbonne,1,1
yupyup1234,1,1
soccergifs,1,1
PonyKisses,1,1
JennyPoussin,1,0
NashvillePoker,1,1
sonicwall,1,1
LoudAndProud,1,1
Basic,1,1
MeetTeens,1,1
lolcast,1,1
DebateAZoroastrian,1,1
techietotoro,1,1
lendanear,1,1
colac,1,1
coincidence,1,0
westchesterpa,1,1
proudmoment,1,0
KikMe,1,1
WouldNotBang,1,0
AltonBrown,1,1
hyphy,1,0
ThatsAllFolks,1,1
FirstTimePost,1,1
who4who,1,0
Z32,1,1
thechin,1,1
ravenscirclejerk,1,1
AntiTrumpet,1,0
weaver,1,1
LeafNation,1,1
hardhouse,1,0
NixonLad,1,1
otherVSmoonflower,1,1
theglasshouse,1,0
FundamentalYoutubism,1,1
Truro,1,1
susanamartinez,1,1
NorwegENTs,1,1
atomictoasters,1,1
Thespians,1,1
ArmchairExplorers,1,1
nightdriving,1,1
Main,1,1
ahe602b,1,0
freetunes,1,1
JesusHatesWBC,1,1
Circletrees,1,1
BambooWallet,1,1
twilightzonedates,1,1
DontTryThisAtHome,1,0
intersex,1,1
Middleclasswoes,1,1
rimming,1,1
ClimbingPartners,1,1
lgbtHealthandFitness,1,1
Musescore,1,1
MyYouTube,1,1
nokialumia,1,1
LostSaga,1,1
holynameshighschool,1,1
theblackcompany,1,1
SpaghettiTales,1,1
Edens,1,1
northdakotacirclejerk,1,1
marvinonline,1,1
KellyClarkson,1,1
irani,1,1
AutoModerator,1,1
rules,1,0
EnglishMajor,1,1
clarle,1,1
ffgw,1,0
motivationalposters,1,1
mcrendered,1,1
sslive,1,1
lover,1,1
Cutawayporn,1,1
brickleberry,1,1
chicas,1,1
glennmogarfolsen,1,1
MMOShield,1,1
hatelovedota2,1,0
BookGiveaways,1,1
ChurchofAllDayAP,1,0
Vruksha,1,1
happening,1,1
UMHB,1,1
nhpolitics,1,0
buildafuckingpcforme,1,0
dior_lei,1,1
vforvendetta,1,1
DearLotteryWinner,1,1
efli,1,1
NewHampents,1,1
Reeftalk,1,1
BookRecommendations,1,1
NoHope,1,1
pokerchips23,1,1
friendzoned,1,0
CofC,1,1
rochesteril,1,0
TheBrotherENTS,1,1
Ineedmoney,1,0
TheAmericanists,1,1
Message,1,0
cakedayers,1,0
geordi,1,1
alienspacebats,1,1
SeasonalWebDeals,1,1
mdphd,1,0
clayfuckingmatthews,1,0
SourceForts,1,1
heatsinkporn,1,1
evnova,1,1
minarchism,1,1
VentureBrothers,1,1
DiecastCollectors,1,1
pgheats,1,1
discovermusic,1,1
edvard,1,0
Mahjong,1,1
WtsstaDDamit,1,0
apbreloaded,1,1
fellowshipismagic,1,1
SaintLouisRams,1,1
Webkinz,1,1
Curiositycomics,1,1
PoliceCars,1,1
techlands,1,1
medievalist,1,1
DoctorWhoWallpapers,1,0
CreepyPastas,1,0
SSF4,1,1
MovieWallpapers,1,0
CumCocks,1,0
ChallengeReddit,1,0
southernschool,1,1
SRSRecovering,1,1
SportsMedia,1,0
waterford,1,1
roehamptonuni,1,1
DaveyHavok,1,1
dota2streams,1,1
lapbars,1,1
trollsanonymous,1,1
awkwardfamilyphotos,1,1
Warehouse_13,1,1
Deception_Detection,1,1
datastructures,1,1
nerdgirls,1,1
interrobang,1,1
goingtohell,1,1
Grandchase,1,1
Jaeger,1,1
theindiepersuasion,1,0
rafting,1,1
AcGAYdemia,1,1
Yolosquad,1,0
marvelvscapcom,1,1
Cambridgeshire,1,0
limbaromana,1,1
elantro,1,1
shavemebald,1,1
dalailama,1,1
ShittyAskReligion,1,1
Katanas,1,1
CabinPressure,1,1
TechDwarf,1,0
DrudgeSwamp,1,1
CoDblops2,1,1
FREEBANDZ,1,0
negativereviews,1,0
RandomAssStories,1,1
Newspaper,1,1
SuzukiSamurai,1,1
bioengineering,1,0
theharbinger,1,1
2014elections,1,1
Treepets,1,1
ShitFamilyChatSays,1,0
Artnerds,1,0
OrganizationPorn,1,1
THQ,1,1
soko232,1,1
JohnWaters,1,1
MyFirstVictim,1,1
ObscureTech,1,0
mah,1,1
Whited00r,1,0
OIT,1,1
dudism,1,1
TheNerds,1,0
OneOfThoseDays,1,0
WECRIEVRTIM,1,1
AlphaForce,1,1
rexgrossman,1,0
ForeignFilms,1,1
DrugFree,1,1
IngressDFW,1,1
akrontrees,1,0
WinnipegMarket,1,1
dreamact,1,1
TylerTexas,1,1
GermanHistory,1,1
linkopinguniversity,1,1
electronicarts,1,0
Modivation,1,1
Boku_No_Pico,1,0
loo,1,1
ThatPostByFakaff,1,0
Dispatchers,1,1
katycake,1,1
Gastonia,1,0
chemistryporn,1,1
gw2_actual_cannibals,1,1
Spandex,1,1
Enviroment,1,0
MCElementCraft,1,1
Gorgeous,1,0
Pilipinas,1,1
fruitfetish,1,1
NamasteGaming,1,1
GayTeens,1,0
TRVP,1,1
sexe,1,1
growth,1,1
kindatriforces,1,1
Governmentemployment,1,1
kickthishabbit,1,1
Zoroastrianism,1,1
StopWBC,1,1
puzzle,1,1
goodmusic,1,1
GayFisting,1,0
glitchmusic,1,1
baldytehbuterflyking,1,1
AceGazette,1,1
obot9k,1,1
Patents,1,1
LearningToLoveCum,1,1
LPTCIRCLEJERK,1,0
TheHour,1,1
server_glitch,1,1
BravuraGames,1,0
JungTao,1,1
wrongnumber,1,1
ComedyVideos,1,1
rando,1,1
achewood,1,0
miltonfriedman,1,1
dayzdiscussion,1,1
pinkie,1,0
NUCULAR,1,1
Bejeweled,1,1
coasterporn,1,1
FLCL,1,1
RacingSantander,1,1
Megan,1,1
cagonewild,1,1
02Crew,1,1
costuming,1,1
crmnews,1,1
MRW,1,0
beltitout,1,1
Tonguefetish,1,1
mehearties,1,1
scooby,1,1
sub,1,0
cry,1,0
XBOX360NEWS,1,1
SRSRedditLeaks,1,0
parasites,1,1
skokie,1,1
YPAAnation,1,0
GaymersPlanetside,1,1
GameFanboys,1,1
franchiseopportunity,1,1
NTBI,1,0
BitchSlap,1,1
camaswashington,1,0
52ndworldproblems,1,1
F1U1,1,1
elegantjourneys,1,1
Feenix,1,1
UnBuried,1,1
whatswrongwithme,1,0
recs,1,0
irishinamerica,1,1
deskart,1,1
giftexchange,1,1
csgoXbox,1,1
everythingsok,1,1
regift,1,1
TeamSkinny,1,1
YAY,1,1
gangsta,1,0
BizzaroJerk,1,1
Arrakis,1,1
SRSArmory,1,0
IdenticalPortalGuns,1,1
Floogleschnaggle,1,1
Schizophrenic,1,1
fw900,1,1
freewarewin,1,0
futuresoul,1,1
coollike,1,1
GetItOut,1,1
sexycomicart,1,0
yesperson,1,1
sixtynine,1,1
BadDVDCovers,1,1
botball,1,0
EllieKemper,1,1
liveinconcert,1,0
RussianFcj,1,1
didnthappen,1,0
LGBTOlder,1,0
Referral,1,1
NationState,1,1
Sex_Relationships,1,1
skyways,1,1
Pewdie,1,0
Make,1,1
phithworldproblems,1,1
Haverford,1,0
LiamNeeson,1,0
LibertarianAtheism,1,1
gayhentai,1,1
getcashnow,1,1
CSCC,1,1
entology,1,1
steamchat,1,0
Ecocriticism,1,1
los,1,1
3DScirclejerk,1,0
rwest,1,1
theworstsongever,1,1
LegalWalls,1,0
Ciara,1,1
HunterCollege,1,1
MEMS,1,1
JadaStevens,1,1
TeenKasia,1,1
Threadless,1,1
JesseVentura,1,1
HalfLife3,1,1
ChildrenInBurkas,1,1
newyorktimes,1,0
codboplayercards,1,1
CafeRacer,1,1
Salemgame,1,1
Brownsville,1,0
thornberry,1,1
mlpembroidery,1,0
gaymerstekkit,1,1
MercyhurstUniversity,1,1
caniformia,1,1
TheMcReddit,1,1
MineZhumor,1,0
Chevrolet,1,1
trueadventuretime,1,1
yoda,1,1
DoILookLikeAMouse,1,1
ResearcherTwilight,1,1
pointingdevices,1,1
LucidDreamingSpec,1,1
neoliberal,1,1
CAE,1,0
MicroHC,1,1
Australerlands,1,1
Davisaurus,1,1
gamesworkshop,1,0
Cannons,1,0
creativecommons,1,1
boatpost,1,1
amazonwishlists,1,1
wacom,1,0
cabrilloanon,1,1
GreekBibleStudy,1,1
BeautifulWomen,1,1
Rejectmywriting,1,0
paz,1,0
CoronaSDK,1,1
Banglembourge,1,1
StoutHall,1,1
PunnyJoke,1,1
overtonesinging,1,0
rulesofengagement,1,1
realworldneckbeards,1,0
Gotye,1,1
Oktoberfestgirls,1,1
miracles,1,1
Torment,1,1
GermanIdealism,1,0
TinierMe,1,1
SaferSex,1,0
SkyrimMemes,1,1
URIntroCategoryTheory,1,1
atalaia,1,1
TeamToiletGaming,1,0
TestMyPosts,1,1
ChrisLilley,1,0
Smalltownsecurity,1,1
slowpoke,1,1
jabbatheslut,1,1
gnomesayin,1,1
ItalianRecipes,1,1
zackgalifianakis,1,0
WastedTime,1,1
karmaconTREEspiracy,1,1
ghetto,1,1
robinsonhighschool,1,1
gem,1,1
ExplainLikeImDoran,1,0
BrockObama,1,0
santacon,1,1
garithos,1,1
recommendafilm,1,0
12ozmouse,1,1
kylepicard,1,0
solidwhetstone,1,1
gamedesigning,1,1
BestMen,1,0
NeverShoutNever,1,1
extraterrestrials,1,0
s10,1,1
Hackysack,1,1
outofcontextbaladas,1,1
UWgrad,1,1
ChristophWaltzFans,1,0
newtrier,1,1
LegalNews,1,1
FreeToPlay,1,1
LOLGEPSETUNEWFAG,1,1
Unitology,1,1
thisisgettingold,1,1
hangover,1,1
reasonablyclever,1,1
ActualDragons,1,1
lamg,1,0
Appa,1,1
circlejerkrpg,1,1
joshdick,1,1
JackyDeeGoneWild,1,1
ifilikefood,1,1
PaxPloom,1,0
SexyPeople,1,1
SFHS,1,1
freaksofnature,1,1
ROFL,1,1
zatchbell,1,1
PokeLogic,1,1
gauchers,1,1
shasne,1,1
HeWhoPunchesFish,1,1
armysluts,1,0
sdfsdfsadfdfdsjkj99,1,0
macross,1,1
lagrange,1,1
NatureConservation,1,1
leanstartups,1,1
Flexible,1,1
cambridgeont,1,1
ICoinedAPhrase,1,1
4chen,1,1
Guantanamo,1,1
ScienceWriting,1,1
hazd,1,1
brownsugar,1,1
greenway,1,1
WouldYouDoMe,1,0
HorizonCraft,1,1
SuperFuckers,1,1
GoddammitObama,1,1
buildsystems,1,1
liberalhivemind,1,0
Speedruns,1,1
EnlightenedOmaha,1,1
ProfessionalGriefers,1,0
KittEnts,1,1
bishounen,1,1
cameronmitchell,1,1
birdswithwings,1,1
MajorLazer,1,1
MUDCLUBISMEAN,1,1
DoubleWorldProblems,1,0
lesbianvids,1,1
RumourMill,1,0
flargoo,1,0
gwplus,1,0
truemlas1,1,1
InfinityStreamers,1,0
csstestlol,1,1
ahm,1,1
MLBMemes,1,1
ChickenMo,1,1
snowboardcirclejerk,1,0
cargoshipping,1,1
captiontostock,1,0
newgearday,1,1
duckhunting,1,1
Melee,1,1
SwagAcceptance,1,1
msp,1,1
BirdieAndCheese,1,1
MeepCraft,1,1
tdi,1,1
bigBooty,1,1
immortaltechnique,1,1
kitesurfing,1,0
lattrommi,1,1
neutraltech,1,1
HuntingtonVA,1,1
sadmusic,1,0
asksorcery,1,1
CanineConspiracy,1,1
hellraiser,1,1
GoneFeral,1,1
holodeck,1,1
theorangecommunity,1,1
queef,1,1
gosulegion,1,1
CheckYourSix,1,0
WheelChairs4Life,1,1
CarsLA,1,1
mellowmusic,1,1
UofMnDuluth,1,0
vim_magic,1,1
GayCigarMen,1,0
EyeWire,1,1
borderlandsxxx,1,0
Recursion,1,1
SAMusesDIGG,1,1
kirkwood,1,1
EveryoneExceptLapper,1,1
tldr_movies,1,0
ooft,1,1
wenyude,1,1
pokemonsnap,1,1
TSHTF,1,1
p4a,1,0
AskCareers,1,0
edpower,1,0
eloraam,1,0
spiritualism,1,1
trumbull,1,0
Paleo_Recipes,1,1
Oaxaca,1,1
Merengue,1,1
MexicoDrugWar,1,1
Hooligans,1,1
AtlantaHomelessPets,1,1
BanThisSubreddit,1,1
LockBreaker,1,1
BurningWheel,1,1
Girlfriends,1,1
DogFortPic,1,1
artswap,1,1
Transformer,1,0
NeverwinterNights2,1,1
wyst,1,1
SEXYSEXYSEXY,1,0
charlieissocoollike,1,1
42_42,1,1
HaloRolePlay,1,1
JebusLuvsPie,1,1
IDrewThis,1,0
LGR,1,0
Tacoshy,1,1
SonataNo8Reddit,1,0
43ee85,1,1
nocontext_discussion,1,1
ChurchOfAtheism,1,0
Stickersoncats,1,1
ThatOtherGamingGroup,1,1
SubDrama,1,1
purpledoom,1,1
tonguetwisters,1,1
SonyPlayStation4,1,1
Icecreamsandwich,1,1
32bites,1,0
AskYourself,1,0
BoxesGoneWild,1,1
sarcasm,1,1
shell,1,1
boobsrights,1,1
lelelelele,1,0
gender_bot,1,1
nyucirclejerk,1,1
pathofexil,1,1
ukstudents,1,1
moseph,1,1
arminvanbuuren,1,1
fortheimperium,1,1
adelaidenews,1,0
NorthIdahoCollege,1,0
BigSausageWarriors,1,1
grubby_fingers,1,0
allwalk,1,1
mexican,1,1
Sochi2014,1,1
team2158,1,0
museumdiscuss,1,1
Vilu,1,0
HeyOcean,1,1
ColbertNation,1,1
learndota2,1,1
InfluentialPeople,1,1
dota3,1,1
squirrely,1,1
vaseline,1,1
TheShield,1,1
fakyourapot,1,0
programming_projects,1,1
newengland,1,1
skulltrumpet,1,1
gaydirection,1,1
Shmup,1,1
Rocklee,1,1
GWSquirt,1,0
testing123testing123,1,1
adminjerk,1,0
wtfgames,1,0
subsubredditdrama,1,0
Njnanny,1,0
darkfunny,1,1
programming_pets,1,1
50cent,1,1
urbancycling,1,1
runescapeps,1,1
Minecraftchief,1,1
policywonks,1,1
compactdisc,1,1
learnios,1,1
Palau,1,1
uwsp,1,1
criticalsoftware,1,1
pokecraft,1,0
goodkarma,1,0
GSD,1,1
backhead,1,0
Garten,1,1
MurderPolice,1,1
TheDailyInformant,1,1
valiant,1,1
Pastacracy,1,1
laserbattle,1,0
Dorset,1,1
QMULandBarts,1,1
AustinPoker,1,1
Izmir,1,1
RickSimpson,1,0
Absurdism,1,1
minoreply,1,0
seinfeldtrivia,1,0
truestcommunism,1,1
Jona,1,1
Lolibertarians,1,0
rascal,1,1
stayathomestepparents,1,0
Booking,1,1
Overreactions,1,1
treesoflegends,1,1
pobs_shit,1,1
bad_israel_no_donut,1,1
bozarking,1,1
dialysis,1,1
CitizensAidSociety,1,1
sabrinateenagewitch,1,1
TorontoTransit,1,1
alienaa,1,0
ClevelandCavaliers,1,0
paraaccounts,1,0
Alton,1,0
Grass,1,1
DavidFincherReddit,1,1
asiananal,1,1
Funnyshit,1,1
Fung,1,0
Carebears,1,1
UMassDartmouth,1,1
graybros,1,0
ContainerPlants,1,1
crazysteve,1,0
reaction_gif,1,1
GW2Pro,1,1
polls,1,1
db2_,1,1
redditdotcom,1,1
TechnoPhysique,1,1
trollit,1,1
dalcs4168,1,1
Rambling,1,1
tonsilstones,1,1
hawkesbay,1,0
dosgames,1,0
UCRresnet,1,1
PeepTheFlow,1,0
animeotakubullshit,1,0
ClashJTM,1,1
NYCGaming,1,1
Splunk,1,1
Boner,1,1
joj,1,1
Godset,1,1
number33,1,1
GoodGameIdeas,1,1
functioningalcoholism,1,0
homestuckcosplay,1,1
hailcoodlesfush,1,1
DogHealth,1,1
Romford,1,0
rdiretiva,1,1
recalls,1,1
StopDementia,1,1
redditspam,1,0
coolguys,1,1
ShittyGameIdeas,1,1
puremichigan,1,1
BRAP,1,0
delocated,1,1
Comments,1,1
ComputerHardware,1,0
fantasypremierleague,1,0
haddiecoveredinwires,1,0
KoreanTerran,1,1
bodyinflation,1,1
Binauralbeats,1,1
oachsta,1,0
harryissquidward,1,1
mideast,1,0
WizardPorn,1,0
vintageampsandtubes,1,0
Dwarf,1,0
HousekeepingHacks,1,1
Baldness,1,0
MinerWars,1,1
loki,1,1
hepc,1,1
Ancestry,1,1
krakow,1,0
Jungma,1,1
wethersfield,1,0
Sexsomniac,1,1
Recipies,1,1
callflood,1,1
mundane,1,1
1070,1,1
annyong,1,1
FastFoodCult,1,1
party417,1,1
hippydippykumbayaporn,1,0
legends,1,1
fishwitharms,1,1
riderville,1,1
gamegear,1,0
ramseyk,1,1
NQAPodcast,1,1
GenderCops,1,0
franklinandbash,1,1
MovementDEMF,1,0
WatervilleValleyNH,1,1
tittyfucking,1,1
amc,1,0
PovertyTips,1,1
kanji,1,0
swanseauni,1,1
cheapgames,1,1
LingerieGW,1,0
Preston,1,1
ULB,1,1
mugen,1,1
cancun,1,1
performancedriving,1,1
GoodBye,1,0
weaponsystems,1,1
TheSapphireReality,1,0
pussylips,1,0
animalsasleaders,1,1
ozarks,1,1
futureFM,1,1
pretentious,1,1
apple2,1,1
SultansOfStats,1,1
Props,1,1
TheAmericas,1,0
NewtownShooting,1,1
WorkoutSex,1,1
Kamadan,1,0
cheatsheetPDFs,1,1
sfiv,1,0
Shikib,1,1
ostomy,1,1
OffWithHerTop,1,1
popydos,1,1
Opinel,1,1
sharedcircles,1,1
Kenshi,1,1
martin,1,1
linu,1,1
Zambia,1,1
aptosid,1,1
bl2test,1,0
nyanners,1,1
obert_paulson,1,1
EastvsWest,1,1
Shqiperi,1,0
Ohayocon,1,1
TGEx,1,1
braceforshock,1,0
tryggklanen,1,1
OuRR_World,1,1
Beverages,1,1
pokememe,1,1
seminoles,1,1
Lee,1,1
PPCAgency,1,1
TopNSFWmodels,1,1
mondays,1,0
firstworldanarchtoast,1,1
animalsfighting,1,0
BES,1,0
cringevids,1,0
ChickFilA,1,1
HeadSquids,1,1
COSTUMEDCHARACTERS,1,1
Manowar,1,1
rustyhearts,1,1
plaettestorage,1,1
woothemes,1,0
crocs,1,1
DearSanta,1,1
facebookposts,1,0
2Chainz,1,1
HealthnBeauty,1,1
badlipreadinggifs,1,1
stufftowatch,1,1
TodayIRealized,1,1
suisse,1,1
uhd,1,1
minimeals,1,0
tests,1,1
boredtodeath,1,1
wiitards,1,1
Internet2012Test,1,1
Pick,1,0
telescope,1,1
softdot,1,1
buggeroff,1,1
Mangoes,1,1
instnatloansuk,1,1
user,1,1
Walkabout,1,0
keyholding,1,1
InternetNews,1,1
swolefashionadvice,1,0
RTP,1,1
xychromosomes,1,0
Quito,1,1
onlyfunnytome,1,0
MaxBermanEMP,1,1
shorttermloansuk1,1,0
treesOttawa,1,0
CirclebrokeDirectory,1,0
OEMsecrets,1,1
PokemonJournals,1,1
Web_Design_Tutorials,1,1
AngelaWhite,1,1
agda,1,1
WarMovies,1,1
badcreditpaydayloans,1,1
favmusic,1,1
LoLGuides,1,0
lolchampions,1,0
cashloanstoday,1,1
wpgbookclub,1,1
cellular_automata,1,1
marsone,1,1
atopiary,1,1
Aalesund,1,1
Notary,1,1
creepyvids,1,1
24MonthLoans,1,1
lpn,1,0
travelagents,1,0
gamegrumpsnsfw,1,0
installmentloansohio,1,1
sextwithme,1,0
gunbound,1,0
futurist,1,1
cyclemcr,1,0
xvideos,1,0
ThaiFood,1,1
cleanweb,1,1
BajaCalifornia,1,1
worstofnetflix,1,1
VictoriasSecret,1,1
MadeForAdsense,1,1
riseofnations,1,1
Steampunkairships,1,1
dollarcoin,1,0
gamegifs,1,1
unintentionalsmiley,1,1
an_capistan,1,1
MineBuilds,1,0
TravelAgent,1,0
CivRate,1,1
ChromeStore,1,1
competitivebeerpong,1,0
finnish,1,1
UMDphilosophy,1,0
DMC,1,1
ConcordiaStPaul,1,1
krowndkids,1,1
hoosieracademies,1,1
itt,1,1
PLC,1,1
pawnstars,1,1
1HourPaydayLoans,1,1
Jailbreakillegal,1,1
Chungsim,1,0
easylistening,1,0
ofMontreal,1,1
combatbots,1,1
RussianMailOrderBride,1,1
diapers,1,1
Steffenshus,1,0
Blankets,1,1
NWMSU,1,1
caseclosed,1,1
paydayloansnochecking,1,1
TigOleBitties,1,1
The_Vineyard,1,1
shitdrewsays,1,1
uark,1,1
floridaproblems,1,1
Vampireweekend,1,1
hooters,1,1
quickpayoutloans,1,1
JenniferLopez,1,1
coollinks,1,1
referencing,1,1
HomeBikeshops,1,0
GraniteBay,1,0
parallella,1,1
circlejack,1,0
smallloansnocredit,1,1
local,1,1
OfficeOlympics,1,1
dave,1,1
LloydTheJew,1,1
riddim,1,1
PersonalUtopia,1,1
rubik,1,1
Insert,1,1
MineZHackers,1,0
ofcourseyoudont,1,1
FuckYouWayne,1,1
vassar,1,1
LetsTalkCats,1,1
ean,1,0
redditpoll,1,1
bootycall,1,0
deadrooster,1,1
romeguide,1,0
PokemonPrime,1,1
TerrariaCTG,1,1
kshbweatherblog,1,1
ubetcha,1,0
wisconsinpolitics,1,0
climategate,1,1
metaphotography,1,1
cigardeals,1,1
CanadianCircleJerk,1,1
grantwriting,1,1
joelmchale,1,1
4xmetacirclejerk,1,1
ComidaMexicana,1,1
WeirdestBoner,1,1
SubTable,1,1
SUNY_Potsdam,1,1
InternetSpeeds,1,0
Civcraft_Gerald,1,1
bittersweet,1,1
ShemaleSwag,1,1
SmaleWatchers,1,1
assaultsquad,1,1
hopeforhumanity,1,1
crooners,1,1
Buxville,1,1
MSMS,1,0
Bunheads,1,1
ElderScrollsTIL,1,1
webdevelopers,1,1
CurrenSy,1,1
NetflixCanada,1,1
Emberverse,1,1
failheap,1,1
yeastinfections,1,0
rmfame,1,1
eveonline,1,0
forgiveness,1,1
conspiracyhub,1,1
AmStaffPitts,1,1
myra,1,1
storybook,1,1
entertainingPMs,1,0
Gamertheory,1,1
AskFashion,1,1
plexshares,1,1
RageOps,1,1
OneDirectionFanfics,1,0
MariaMenounos,1,1
somethingcraft,1,1
jobsearchhacks,1,1
CabarrusCounty,1,0
deadforsaken,1,1
Aalborg,1,1
iamawolf,1,1
slashrslash,1,1
BEYERDYNAMIC,1,1
moyo,1,0
BridgeEngineers,1,1
rubixcube,1,1
NLP,1,1
Gastropods,1,1
CoyoteTalk,1,1
jeggings,1,0
NashvilleRedditors,1,1
dailylife,1,1
TreeLife,1,1
Forbrydelsen,1,1
attica,1,1
SonyVegas,1,0
packagingwastegore,1,1
AR_Blood_Drive,1,1
Josteinbakke,1,0
F12U7,1,1
BBath,1,1
5years,1,0
nzbx,1,1
starfox64,1,1
toonporn,1,0
oldschoolgangster,1,1
tandem,1,1
GraalOnlineClassic,1,1
OneTrueGoddess,1,1
tranniesaregross,1,0
media_effects,1,1
Skyfall,1,1
LeUltimateFilms,1,0
SimonIsGibby,1,1
CatsWithPeopleFeet,1,1
AusHipHop,1,1
NiagaraFalls,1,0
SamandMax,1,1
chooseyouradventure,1,1
bobblehead,1,1
modev,1,1
THS,1,1
Milking,1,1
ElectricVaginaboob,1,1
Tramadol,1,1
SlashFanfiction,1,1
rishab,1,1
lostworldproblems,1,0
Pokechievement,1,0
procastinating,1,0
poopjokes,1,1
VeteransBenefits,1,1
prophecy,1,1
CrossBreed,1,1
AuburnEnts,1,0
tisch,1,1
hitmen,1,1
Smithers,1,0
brendanhasamangina,1,0
aethism,1,1
Uncentury,1,1
wwc,1,1
stonerfood,1,1
Collegetrees,1,1
heartwarming,1,0
AskALiberal,1,1
iaido,1,1
austinclimbing,1,1
fivestarstories,1,1
Elitserien,1,1
dev,1,1
suitupfortherandom,1,1
LookAtMyView,1,1
throwaways,1,0
shy,1,1
CollaborationHub,1,1
centralflorida,1,0
ZenMagnets,1,1
DesiKeto,1,1
smiff,1,1
captionthisphoto,1,0
lawpractice,1,0
Middlesbrough,1,0
RTO,1,0
NYCRedditDnD,1,1
infectiousdiseases,1,1
bwfc,1,1
beforeyoudie,1,1
GeneralMotors,1,1
assassinscreed5,1,1
Nadsat,1,1
WorkersCompensation,1,1
penetrate,1,1
alexanderskarsgard,1,1
LoLScrimSetup,1,1
FClorient,1,1
nocreditcheckcashloan,1,1
BillyCats,1,1
Chillicothe,1,0
MCPEMultiplayer,1,0
catswithfaces,1,0
Reactionary,1,1
IAmARequests,1,1
expressyourself,1,1
asmc,1,1
GlamorBabes,1,1
stuffed,1,1
BadMedia,1,0
FFFFUUUUUUU,1,0
kyuss,1,1
conifers,1,1
mainframes,1,1
Hewlett_Packard,1,0
delicioussubs,1,1
Desteni,1,1
MLPZone,1,0
AndrewWK,1,1
indygamedev,1,1
Neurohop,1,1
Lifeasaconartist,1,1
CommonLaw,1,0
gayanime,1,1
fastunsecuredloan,1,1
cakedecorating,1,1
nofeebadcreditloans,1,1
thisisdumb,1,1
Bendystraws,1,1
Stronghold3,1,1
pr00f,1,0
osr,1,0
IntactivistActivism,1,1
girlstuff,1,1
TipOfMyPickaxe,1,0
shikoku,1,0
girlsgivingthefinger,1,0
adventuretimeRPG,1,1
squatly,1,1
IndyEnts,1,0
Delavan,1,1
Juices,1,1
RachelNichols,1,1
characterart,1,0
PISSSUCKINGEAR,1,1
FuckingEverything,1,1
ruins,1,1
Odd_News,1,1
happyface,1,1
turntable,1,1
WorseThanHitler,1,1
SacramentoMusicians,1,1
Wedding_Dresses,1,1
im6andthisisfunny,1,1
Supergrid,1,0
procurement,1,1
eShop,1,1
CosmoTips,1,1
pacefalm,1,1
Hillary2016,1,1
celeb_crush,1,1
badphotoshop,1,0
CaptureTheCrown,1,1
twostepgarage,1,0
glitches,1,1
atheisttopicoftheday,1,1
Zendesk,1,1
Famicom,1,1
saltstack,1,0
tongue,1,1
mildlyoffensive,1,1
nondual,1,1
Aventurien_Time,1,0
wellseeaboutthat,1,0
ParkourID,1,1
leet,1,1
tamagotchi,1,1
jerkoffinstruction,1,0
pvgentlemen,1,1
Bestof2080,1,1
andersarsamst,1,1
dota2heroconcepts,1,0
Brendun,1,0
depressinganimaltales,1,1
YuGiAu,1,1
maintenance,1,0
starwarsrpg,1,1
cas,1,1
nastiesrun,1,1
nbavideos,1,1
CooperstownNY,1,1
saygoodbye,1,0
traditionalman,1,0
metsruleonearth,1,1
HAXXX0R5K1LL,1,1
phase3,1,1
Anivia,1,1
nouns,1,1
thingskidsjustlearned,1,1
arma2,1,1
automation,1,1
Minnesotar4r,1,0
JapaneseFromZero,1,1
vlogbrothers,1,0
InstantRedditWP7,1,1
FlagshipSongs,1,0
POVPorn,1,1
curtismichaelstanley,1,1
deadpan,1,1
PvEcraft,1,0
boxbreak,1,1
Chromebooks,1,1
NicoleCage,1,1
textbasedspacedicks,1,1
MinecraftArchitecture,1,1
dustin,1,1
usmnt,1,1
estate,1,1
bocce,1,1
LOLMandarin,1,1
BulletForMyValentine,1,1
LoLGoldRated,1,1
DROD,1,0
BNP_UK,1,1
Geeked,1,1
Flowtoys,1,1
nocredithistoryloans,1,1
AnimalBathsWithTechno,1,0
mildlyconcerning,1,1
valkyrie,1,1
MetametaFCJ,1,1
myopensource,1,1
closescholars,1,1
canadient,1,0
JustThreeBoobs,1,0
chucktesta,1,1
Oatmeal,1,0
LindsaysDomain,1,0
neofaustisadick,1,1
CasualAskreddit,1,0
furfinder,1,0
LGBTindia,1,1
Autobahn,1,1
Yoav,1,1
MetaMetaMetaMetaFCJ,1,1
HarnessRacing,1,0
commonwealth,1,1
Talibananas,1,1
TheInbetweeners,1,0
Kotlin,1,1
bestofwow,1,1
HorribleHumor,1,1
mountainfog,1,1
HelenMaiDavies,1,1
progressiveactivism,1,1
amplifiers,1,0
Glendora,1,0
NYTO,1,1
Napoleon,1,1
MeteaValley,1,1
chickenshapes,1,1
FPC,1,1
whittling,1,0
Ordoliberalism,1,1
ZombieMaddenCCM,1,0
unjokes,1,1
buywilfredstickets,1,0
GSP,1,1
magnesium,1,1
fourtytwo,1,1
Sudan,1,0
EstesPark,1,1
LatinMemes,1,1
woeisme,1,1
JanetCoquette,1,0
topshot,1,1
GoodLeagueofGood,1,1
mermaid,1,1
Cricjet,1,1
spee,1,0
entrepeneur,1,1
unicornblood,1,1
penissize,1,1
DCInterns,1,0
SocialAnxietyPortland,1,1
DongCopter,1,0
projectblackstone,1,1
christianbronies,1,1
GiftcardScraps,1,1
KittensandMittens,1,1
blackstone,1,1
MusicalTheater,1,0
googlenow,1,1
Showertoke,1,0
redditdouche,1,0
ballroom,1,0
Tristan,1,1
lauren,1,0
WorldOfBattleships,1,1
OverReactMuch,1,1
yolatengo,1,1
HaloNSFW,1,0
and,1,1
bicycleriding,1,1
meshesandtomsclub,1,1
Religon,1,1
annapolisvalley,1,1
entropia,1,1
Another,1,1
trello,1,1
FORECAST,1,1
freeforall,1,1
throwaway,1,0
Holdingmymumscatspaw,1,0
Megaupload,1,1
wht,1,0
whiteelephant,1,1
UKmusos,1,1
Bakuman,1,1
kaikaikaicult,1,1
xml,1,1
jewishproblems,1,1
pasta,1,1
WorldOfWarships,1,1
TalesFromAdmin,1,1
askaguy,1,1
carly,1,1
Conestoga,1,0
HDSwap,1,1
GraffitiContests,1,1
Entlantis,1,1
Lynching,1,1
WordFeud,1,0
Poemas,1,0
oishii,1,1
Furryhentai,1,0
PartyTheme,1,1
surreal,1,0
outoffocusaudience,1,1
TeenagerStudyGroup,1,1
kilakk,1,1
Drawingsforall,1,1
RAOW,1,0
analyticphilosophy,1,1
kombiservisi,1,1
gotfiredforthis,1,0
shsband,1,0
IndiaEisley,1,1
spaceclits,1,1
bagel411,1,1
Masups,1,1
StupidThingsPeopleSay,1,1
ATT,1,1
ClimbingPhotography,1,1
queercore,1,1
stupidpoloticians,1,0
debussy,1,1
iseries,1,1
Morgantown,1,1
DualSurvival,1,1
industryporn,1,1
RedBarRadio,1,1
TheTH,1,1
biflcirclejerk,1,1
greatness,1,1
PicsOfAliveKids,1,0
r4gwp,1,0
xBloodBrothersx,1,0
Greenporn,1,1
singlespeedcycling,1,1
CaffiniumGaming,1,1
MDC,1,1
shelton,1,1
TrueSidehugs,1,1
TheCounty,1,1
ConsumerPower,1,1
arlingtonva,1,1
id_RAGE,1,1
Master,1,1
Travoltism,1,1
bestofboringsubs,1,1
nolife,1,0
Afterwind,1,0
Eqclassic,1,1
Wargame_terrain,1,0
postitnotes,1,1
Arnhem,1,1
EmeraldDream,1,1
UniversityOfDayton,1,0
DotNetNuke,1,1
BabyVegan,1,1
gw2resources,1,1
FisheyeCar,1,1
FRUITUNION,1,0
tablefighting,1,1
DannyPudi,1,1
kcsr,1,1
Buildings,1,1
Friendscentral,1,0
JadinGould,1,0
goldengals,1,1
seasonal,1,1
Minecraft_Fight_Club,1,1
saxophone,1,1
Entlove,1,1
TheLifeAndTimesOfTim,1,0
ReallyDrunk,1,0
iwbtb,1,1
learnfiguredrawing,1,1
schoollunches,1,1
Bill,1,0
radicallesbiannuns,1,1
dogsareawesomeat,1,0
firstrobotics,1,1
funnymusic,1,1
shortmen,1,1
GirlsOfTheSEC,1,0
dbclass,1,1
SectorStrike,1,0
climate_activism,1,1
domai,1,1
pittconhumor,1,1
frugalgardening,1,1
OffMayerHawthorne,1,1
submition,1,0
charliesheen,1,0
PsychoPy,1,1
aix,1,0
gentlemen,1,1
PromotionalPens,1,1
diablo3hc,1,1
cloud_computing,1,1
DepressionAustin,1,0
UnlimitedMusic,1,1
BodyDominance,1,1
Milhouse,1,0
planebombprobability,1,1
nurseryrhymes,1,0
AnnoyedaCeleb,1,0
CeceFrey,1,1
wubwub,1,0
breastplay,1,1
DiabloCircleJerk,1,1
SarahBrightman,1,1
reverse,1,0
BigNova,1,1
Mission,1,1
reonkadena,1,1
KidWriters,1,1
StraightToHell,1,1
americanuniversity,1,1
upset,1,0
experimental,1,1
findagig,1,1
Daxriggs,1,1
coventry,1,0
Aging,1,1
Steveharvey,1,1
Vanday,1,1
hellohipster,1,1
jav,1,1
wifesleepingnude,1,0
Mattress,1,1
manflu,1,1
FWCP,1,1
awesomepeople,1,1
businesscar,1,1
manufacturers,1,1
rodjeni,1,0
Kudo,1,1
Cumbria,1,1
redditfc,1,0
postprodaudio,1,0
Poke,1,0
PrettyBoys,1,0
DreamWorks,1,1
csfp,1,1
secrethousebase,1,1
Mullets,1,1
rrrrrrruuuuuuuuuuuu,1,0
VinylGore,1,1
Cheesydude,1,1
DigitalTV,1,0
robinsoncano,1,0
trekitap,1,1
rocketpunk,1,1
ChessCirclejerk,1,1
warsaw,1,1
thriftmalefashion,1,0
zenoclash,1,1
Treatment,1,1
needahug,1,1
Swagfags,1,0
haberler,1,1
thesleepingalbino,1,1
CyclingMSN,1,1
Inequality,1,1
gamble,1,1
loansforuk,1,1
nhs,1,0
UKskeptic,1,1
TeamBreezy,1,0
odtag,1,1
dostthouevenhoist,1,1
lolcroatia,1,1
soundrequests,1,1
SASAustin,1,1
lichenophile,1,1
MothersMilk,1,0
MyLittleSandyVagina,1,1
FJCrusier,1,0
Redguard,1,1
Doggit,1,1
Kavi,1,0
BadCreditTenantLoans,1,1
fattitsanonymous,1,0
treephilly,1,0
turtlegonewild,1,1
cmpunk,1,1
OttawaTrees,1,0
ScotchPorn,1,0
securities,1,1
RealChristian,1,1
superhostile,1,0
cigarporn,1,1
MinecraftTutorials,1,1
AirDogs,1,1
loansforpoorpeopleuk,1,1
FUCKJERRYDIPOTO,1,1
Commodities,1,1
poopbutt,1,1
awwwwwww,1,1
Gaby,1,1
TrueTrueCirclejerk,1,0
aquinas,1,0
freakorama,1,1
reposters,1,0
aBetterKansas,1,1
PS3_NAE2circlejerk,1,1
Sourdough,1,0
DYLANNN,1,1
webaudio,1,1
DecoratingCakes,1,1
newNSFWreddits,1,1
Popsicle,1,1
foreskinrestoration,1,1
UTS,1,1
vic20,1,0
badadvice,1,1
instantkarma,1,1
entcomics,1,0
SanPedro,1,1
poetryofscience,1,1
entivities,1,1
cardswap,1,1
urichmond,1,1
phoneswap,1,1
SMHS,1,0
central_perk,1,0
michiganpolitics,1,1
warcrimes,1,1
transcendentalism,1,0
eufrugalmalefashion,1,1
sedughtion,1,0
sceneit,1,0
magnemite,1,0
etc,1,0
illinoispolitics,1,1
wetpussy,1,1
FDNY,1,1
arab,1,0
DarkKnight,1,1
changsarmy,1,0
BellyButtons,1,1
autobiographies,1,0
redditmusicclub,1,1
Diabetic,1,1
PunnyPics,1,1
NHRA,1,1
Wool,1,1
StreetsofRage,1,1
eric,1,1
Pocketdirt,1,0
treedicks,1,1
Fantasica,1,1
PowerMadMods,1,0
webaccess,1,1
EES,1,1
SimcoeSabres,1,1
TwoWeekTon,1,1
MarcMaron,1,1
Francesa,1,1
norwalk,1,1
rugrats,1,1
shitbag,1,1
MineC,1,0
upcomingshows,1,1
welovetheoc,1,1
antitelevision,1,1
myfirstwreck,1,1
SPACEKOREA,1,1
ravin,1,1
RayDonovan,1,1
yeah,1,0
fbla,1,1
RangersApprentice,1,1
polygonemild,1,0
sindork,1,0
Environmental_Policy,1,1
RockMelt,1,1
CSU,1,1
Fauxllywood,1,1
Naples,1,0
textingbuddies,1,0
statistsbehavingbadly,1,1
themiddle,1,1
KnightRider,1,1
cynics,1,0
r4rtx,1,0
ftc08,1,0
ausgaming,1,1
TF2SCRIMS,1,0
BeforeandAfter,1,1
minecraftxbox360,1,0
letsplayminecraft,1,1
lgbtmetal,1,1
gown,1,1
sportsgamecollecting,1,1
SuperTurbo,1,1
scottishindependence,1,1
Mulberry,1,1
tomdelongesucks,1,1
5SecondFIlms,1,0
depaulents,1,0
gfurd,1,0
politicalwtf,1,1
Ratatat,1,1
FishingForNiggas,1,1
Soundwave,1,0
lordsofuberdark,1,1
TrailBC,1,1
londonladies,1,0
KeyboardsGoneWild,1,1
circlejerkapple,1,1
futemotes,1,0
LORENZO,1,0
kurdistan,1,1
southernfood,1,1
Dirigible_Fiascos,1,1
pbf,1,1
mylittleketo,1,1
pensions,1,1
officelife,1,0
moneyworship,1,1
TecmoBowl,1,1
RealTalk,1,1
Stevenreed,1,1
evilempireOQ,1,0
LeavingCertificate,1,1
ChemistryPuns,1,0
4ds,1,1
csound,1,1
tangram,1,1
Emailmarketing,1,1
JakeJohnson,1,1
yarnbombs,1,1
fired,1,1
Kataang,1,1
finwei,1,1
soin,1,0
GoneMeow,1,1
holegan,1,1
WetPanties,1,1
ForexPipsHunter,1,1
NCReddit,1,1
BestOfAmazonPrime,1,0
RedditCross,1,1
CyclingMSP,1,1
MargaidNnev,1,1
swervedriver,1,1
terriblehumanbeings,1,1
shortguysrule,1,1
coilsgonewild,1,1
PatriotGuardRiders,1,0
owsdower,1,1
TradeUK,1,1
bfytw,1,1
askashittymage,1,1
getyourcutiemark,1,1
surfmusic,1,1
AskRiverDell,1,1
fuckyouwalls,1,1
Walnut,1,1
TheodoreRoosevelt,1,1
MCJROTC,1,1
mylittledamon,1,0
Symbology,1,1
progamming,1,1
PatrickStump,1,1
OldSpice,1,1
ipad_art,1,1
HarryTorry,1,1
IndustrialEquipment,1,1
vaporgenie,1,1
elitequorum,1,0
KingdomsCCG,1,1
Pornographics,1,1
liberalarts,1,1
megablocks,1,0
Haninge,1,0
eCigarette,1,0
electionreform,1,1
MadeinChelsea,1,1
weston,1,0
jaiIbait,1,1
NSFW_4_Women,1,1
AllHailMatt,1,1
bronxsci,1,1
slightlyoffputting,1,0
KimPossible,1,0
cubesat,1,1
FSCJ,1,1
NJK,1,1
IJustListened,1,1
whyimhappy,1,0
keatsandchapman,1,1
WolfPAChq,1,1
Wickingbed,1,0
boosterbusting,1,1
APLang,1,1
MontgomeryCountyMO,1,1
MCTheWalls,1,1
Humanity,1,1
riotpit,1,1
imhot,1,0
therebirth,1,0
Vassal40k,1,1
DavidLanceAdventures,1,0
chrisspoststoreddit,1,1
DriftTrikes,1,1
dacryphilia,1,1
Actor,1,1
Tekkify,1,0
Timeflies,1,0
scratch,1,1
BostonStartUps,1,1
BeautyVote,1,0
WeirdThingsLeonDoes,1,0
Simism,1,1
ragetoons,1,1
xperia,1,0
Tools_on_roof,1,1
lostprophets,1,1
MonkeyGameGuides,1,0
tchaikovsky,1,1
minecraftcooking,1,1
CarnegieMellon,1,0
refrigeratorwall,1,1
kubb,1,1
tenthdoctor,1,0
tomaytoes,1,0
Zanzlanz,1,0
antifascism,1,1
nayar,1,0
Brus_Juice,1,1
TibetPorn,1,1
OEU1213,1,1
forced,1,1
marks,1,1
Zurry,1,1
reddit_college,1,1
ChristmasBeauties,1,0
BachelorNation,1,1
cygwin,1,1
IJustRead,1,1
Ata,1,1
powder,1,1
NoFapGroup1,1,1
Himntor,1,0
DayZStream,1,1
SHU,1,1
Kari,1,1
45rpm,1,0
MRAofficial,1,0
occupyvancouver,1,1
BOAT_Booty,1,0
nonwoven,1,0
Spidey,1,1
SnotPorn,1,1
Kagamine,1,1
graveyardporn,1,1
GISDGamers,1,1
fapping,1,1
demfeels,1,0
Bushi,1,1
shittimbaersays,1,1
ZeroPunctuation,1,0
CaseyAnthony,1,1
Greenwich,1,1
PPDepression,1,1
firstworldmiracles,1,1
phillymusicians,1,1
Conserve,1,1
Volks,1,0
whatsapp,1,1
BathroomMirrorsLPT,1,0
NSFW_gay_porn,1,1
campnebagamon,1,1
LongTermEvolution,1,1
TPP,1,1
polarbear,1,1
BabyMakingMusic,1,0
sicp,1,0
NSFW_Hentai_pics,1,1
nfswhardcore,1,0
DnD35Clinic,1,1
PhysicsProblems,1,1
plexusslim,1,0
snackshop,1,1
LibraryofReddit,1,1
DCEats,1,1
DouglasAnderson,1,1
csumb,1,1
sammenskud,1,0
installous,1,1
harrygonewild,1,0
TechNewsTodayTheme,1,1
M_Y_A_C_C_O_U_N_T,1,0
noshavenovember,1,0
stronglifts,1,1
jomkr2,1,1
CharlestonJobs,1,1
latenightsteamchats,1,0
JL8,1,1
300C,1,1
Lamplamps,1,1
abtplace,1,1
2032Elections,1,1
IAmACanadian,1,1
tebow,1,1
poughkeepsie,1,0
JavaScriptHelp,1,1
tw2002,1,1
RocketLauncherStatus,1,1
xcoolsubreddit,1,1
TheVomitMachine,1,1
KelseyGrammarNudes,1,1
nsfw_source,1,1
chromehumor,1,1
Paranoid,1,1
wfmu,1,0
ageofempires,1,1
barbershill,1,1
daikatana,1,1
Ibogaine,1,1
jail,1,0
gamestreams,1,0
hordeguild,1,1
unsubscribe,1,0
freedompop,1,1
MyLittleMetaChartBot,1,0
sharkfacegang,1,1
informationretrieval,1,1
BetsOfBitcoin,1,1
newlunarrepublic,1,1
AlexisTexas,1,0
razr,1,1
MobileGames,1,1
NewYearsResolution,1,0
TeamSolomid,1,1
notebooks,1,1
ttrees,1,0
Al_Stewart,1,1
teenangst,1,1
size,1,0
dinmor,1,0
DSM,1,1
worldoftomorrow,1,1
xpogo,1,1
Selfish,1,1
Kafka,1,1
Chromium,1,1
MateOverMatter,1,1
schwiiz,1,1
Beatin_Da_Block,1,1
cartoongames_mcserver,1,1
ErectionRaces,1,1
Chromehounds,1,1
Miasmata,1,1
animalvideos,1,1
murrica,1,0
hypnotherapy,1,1
VivaLaRevolution,1,1
CMC,1,0
Arrowhead,1,1
ucryevrytime,1,1
orrar,1,1
radicalmentalhealth,1,1
BraveNiggers,1,0
ARA,1,1
IPOffice,1,1
guiletheme,1,1
band_names,1,1
veggieteens,1,1
druncle,1,1
Vilnius,1,0
streamus,1,1
supremecourt,1,1
neeping,1,1
100yss,1,1
ProjectCairo,1,1
LICENSEPLATES,1,0
cybernetics,1,1
croydon,1,1
ytvretro,1,1
fia,1,1
freehugsteam,1,1
artofmanliness,1,1
cyberbullying,1,1
mildlypractical,1,1
StormscaleUS,1,1
Venn,1,1
futuresociety,1,1
skylargrey,1,1
colors,1,1
handsome,1,1
biohack1,1,1
ministry,1,1
poptarts,1,0
Salinas,1,1
drivingspiders,1,1
Bamboo,1,1
thesadreality,1,1
gsow,1,0
PersonalPhilosophy,1,1
VomitBucket,1,1
corn,1,1
PostWhateverYouWant,1,0
cuddling,1,1
afcore,1,1
ruger,1,1
CCU,1,1
CHSSP,1,0
dyspraxia,1,1
ridgeracer,1,1
wasdofozgameclub,1,1
UKBMX,1,1
worldending,1,1
steinbach,1,1
crybaby,1,1
ModernPop,1,0
danapoint,1,1
bebbers,1,1
reflectivebelts,1,1
Sylacauga,1,0
UNO,1,1
tacomatrees,1,0
unicycle,1,0
kappaalphatheta,1,1
justpostithere,1,0
HappyMusic,1,0
helenabonhamcarter,1,1
redditUniversity,1,1
Cuddles,1,1
caifanes,1,1
days,1,0
MineSiege,1,1
master_race,1,0
IRB,1,1
is_it_snerring,1,1
visualkei,1,1
anonymous_selfies,1,0
piracetam,1,0
AWorld,1,1
thehealeroftri,1,1
MoshPitMods,1,0
Justinfordisafaggot,1,0
reptilian,1,1
SPoVcrawlwins,1,1
scissoring,1,1
StarSonata,1,1
woonsocket,1,1
Broadcasting,1,1
aros,1,1
TheProblemHelpers,1,1
Unitarianism,1,1
chicagostartup,1,0
Airsofting,1,1
spooked,1,1
tre,1,0
RG3,1,0
CringeWorthy,1,1
shittyiphoneography,1,0
bestofMLP,1,0
technologist,1,1
Montpellier,1,1
biofeedback,1,1
InstantlyBanned,1,0
mubkfk,1,1
pennstate,1,0
MercenaryGamesDevlog,1,0
iPods,1,1
Nazi___Conspiracy,1,0
Dailymotion,1,0
sheldon,1,1
GraysHarbor,1,1
Squaresville,1,1
CABoozeExchange,1,1
truebestof,1,1
ChicagoPhotos,1,1
BitcoinHelp,1,0
Harker1072,1,1
Note,1,0
SpaceJam,1,1
trianglejobs,1,0
nthworldproblems,1,0
cmpunkdoinganything,1,0
omegletextadventure,1,1
desert,1,1
mylittlebravery,1,0
Spacemarine,1,1
Ana,1,0
uggs,1,1
FilmmakersGuide,1,0
Gaeilge_cg,1,1
octave,1,1
clivecussler,1,1
headlinesoftomorrow,1,1
ArtNews,1,1
molecularbiology,1,1
SoCalBarcraft,1,0
Scouts,1,1
HubHub,1,1
femshep,1,1
hiphopproduction,1,1
antimilitary,1,1
NepalTours,1,1
hab,1,1
ThingsToShowYourMom,1,1
Karaman,1,1
koeln,1,1
firstworldoffices,1,1
ArcaneLegend,1,1
hillsboro,1,1
RedditAlpha,1,1
EastBrunswick,1,1
RawFitnessOnline,1,1
HotCountryGirls,1,1
instantloantoday,1,1
ClassicSwoleDominance,1,1
bestoff,1,1
DamnReddit,1,0
bikepacking,1,1
Tuella,1,1
Vitiligo,1,1
PushPullandGrow,1,1
charlottecirclejerk,1,1
babyrhinoappreciation,1,1
Aquascape,1,1
lean,1,1
redditsurfoff,1,0
Lowville,1,1
instantloanstoday,1,1
WhatWouldYouRather,1,0
Veterents,1,1
loansshortterm,1,1
SpidersGoneWild,1,0
Ulm,1,1
bitchinfooddeals,1,0
elf,1,0
DEMOLAY,1,1
burtonontrent,1,1
Libya,1,1
Temecula,1,1
blackcolorporn,1,1
lolnewzealand,1,0
igrejadecristo,1,1
PowerBoyGaming,1,1
TrueSwoleDominance,1,1
OST_IntroX86,1,1
solresol,1,1
ERP,1,1
beautybloggers,1,0
dates,1,0
RetailDrama,1,0
CoalTraders,1,1
KanyeToThe,1,0
heyguysimhigh,1,0
mozillamemes,1,1
instantloansnofaxing,1,1
treesgames,1,1
PDX,1,1
VocalTrance,1,0
FrenchFries,1,1
nintendocore,1,1
Hawkwind,1,0
backslashfrontslash,1,1
asaakira,1,1
amberheard,1,1
stevenmoon,1,1
win8redditreader,1,1
infinitebanking,1,1
lolchi,1,1
aiclass,1,1
sexymusic,1,1
missionhill,1,1
behance,1,1
Rencontre,1,0
rekkage,1,0
SeattleMusic,1,0
JAMS,1,1
orangeville,1,0
doat2,1,1
stock,1,1
ServersOfMinecraftia,1,1
indignados,1,0
shoe,1,1
hotwings,1,1
Funddit,1,0
OBJECTION,1,0
DontEvenWorryAboutIt,1,0
MapleUnderground,1,1
MSPAF,1,0
VirtualAssistant,1,1
horizoknights,1,0
Reseda,1,1
ca,1,0
hai,1,1
israeljerk,1,0
SpaceDolphins,1,1
SigmaChi,1,0
HardTechno,1,0
nekopan,1,1
APAformat,1,1
Goldbug,1,1
DashRainbow,1,1
hallsofsagan,1,1
Gridiron,1,1
SigmaNu,1,0
Amateur_Art,1,1
Picturesofspencer,1,0
mylittlespaghetti,1,0
musicimitation,1,0
Persona_4_Arena,1,1
NormMacdonald,1,1
DafuqDidIJustHear,1,0
douchebaggers,1,1
AFROTC,1,1
odd,1,1
SeattleITAP,1,1
SDNetworking,1,1
50thWorldJerkV4,1,0
CodeHero,1,1
GayThugDating,1,0
courier,1,1
Marlin795,1,1
1000loan,1,1
lurk,1,1
spor,1,1
Embedly,1,1
devkit,1,1
Lovehasnogender,1,1
Techplore,1,1
medicalopinions,1,1
Todd,1,1
FRANKIEonPCin1080p,1,0
easyinstallmentloans,1,1
TalesFromTheSnoo,1,1
GeometryWars2,1,1
picturesofmaggie,1,0
Buell,1,1
sig,1,1
vegents,1,0
truetruebestof2012,1,1
cozy,1,1
iThought,1,0
planet,1,1
LukeBray,1,1
onexchromosome,1,1
remoteviewing,1,1
HUKD,1,1
gonewildink,1,1
LMU,1,1
kollywood,1,1
QSC,1,1
ThreeMinuteSnacks,1,1
dampjerk,1,1
fanduel,1,0
makeastatement,1,1
pathology,1,1
BungieDestiny,1,0
heathermorris,1,1
casualregret,1,0
fulbright,1,0
Disneycollegeprogram,1,0
digitalnomad,1,1
TopSecretSectors,1,1
Volunteering,1,1
robotlove,1,1
loanstodayuk,1,1
latestnews,1,1
Entroductions,1,1
dayzmissedconnections,1,0
Rajasthan,1,1
nross,1,1
stripclubs,1,0
virginsunited,1,0
ClarkAshtonSmith,1,1
FalloutFantasy,1,1
eartraining,1,1
Sillyfaces,1,1
killswitchengage,1,0
necrophilia,1,1
superprank,1,0
theship,1,0
McBestcraft,1,1
Phei,1,0
xxxx,1,1
LCHS,1,1
settletherpdebate,1,1
FruityLoops,1,0
informational,1,1
SharpieArt,1,1
feccruz,1,1
freethought_bielefeld,1,1
Nijmegen,1,1
Henrybob,1,0
ShirtDesigners,1,1
casagrande,1,1
Minecomics,1,1
GoWScrims,1,0
GlensFalls,1,0
furrygamers,1,1
therebellionites,1,1
Tadas,1,1
newreddits_nsfw,1,1
ThinkGeek,1,1
Loyola,1,0
SeattleGaymers,1,1
shadowera,1,1
abandonware,1,1
MetalBraveryJerk,1,1
pieces_of_flair,1,1
memejerk,1,1
sheridan,1,1
RJStories,1,0
monkeynews,1,1
MHShistoryclub,1,1
UoL,1,1
Craiova,1,0
Davids2DicksFanclub,1,1
pittstate,1,0
Sedditcirclejerk,1,1
lyricmeanings,1,1
AliceGoodwin,1,0
HighlightOfMyDay,1,1
WhyImOld,1,1
malwares,1,1
gmtower,1,1
massagetherapy,1,1
RecruitBigDanV,1,1
activision,1,1
baidu,1,1
YouthandGovernment,1,1
malayali,1,1
ListOfAllSubreddits,1,0
RocIDEIT,1,1
cinematographism,1,1
TransformasiMedia,1,1
AlliedAnuses,1,1
BloomfieldHills,1,1
ENBC,1,1
qbasic,1,1
islands,1,1
BostonUniversity,1,1
NorthernWI,1,1
robbersarmedwithguns,1,1
mylittlerage,1,0
aflac,1,1
NashvilleTableTop,1,1
cheapbooze,1,1
AutoClassic,1,1
ritcirclejerk,1,1
MWLL,1,1
erboh,1,1
karmaparty,1,0
changetheworld,1,1
PortalPairs,1,1
aussieGWprivate,1,0
WouldBang,1,1
kneesocks,1,0
lmao,1,0
WeirdShitIFapTo,1,0
eqmac,1,0
chaminadestl,1,1
LOLTheOddOne,1,1
Pokeart,1,1
AntiNuclearPower,1,1
compact,1,1
ocean,1,1
worklejerk,1,1
Chaox,1,1
Letterboxd,1,1
southamerica,1,1
tallyents,1,1
behindthecamera,1,1
INDEnts,1,1
stronghold,1,1
LinkchaserTribe,1,1
CrazyStraws,1,1
bobandtom,1,1
SchoolofInformatics,1,0
me3,1,1
IJW,1,1
theutahjazz,1,0
GuitarPicks,1,1
awards,1,1
GrizzlyBear,1,1
jootdev333,1,0
Patmaher,1,1
FloggingMolly,1,1
Student,1,1
GamePad,1,1
NaturalFoods,1,1
LifeAdvice,1,1
titstickers,1,0
decals,1,1
Badgamejournalism,1,1
IB_Psychology,1,1
pizzamikes,1,1
picsofwyattsleeping,1,1
OfflineMCServers,1,1
21stOfDecember,1,1
DeRavin,1,1
castleage,1,1
mobilepayments,1,1
BasicIncome,1,1
TwistEnding,1,0
rvs,1,1
adviceadnimals,1,1
healthyeating,1,1
jdang,1,1
linuxrage,1,1
nosub,1,1
Horsefruits,1,0
lgbtpdx,1,1
talkeetna,1,1
boxengine,1,1
ToddlersTyping,1,0
tarleton,1,1
SLOWTURTLESAFEHAVEN,1,0
SRSDeaf,1,0
GBMFA,1,1
Streaking,1,1
Native,1,1
BandofBrothers,1,1
Anti_MLP,1,0
Had_a_Thought,1,0
INeedAWord,1,1
RFiH,1,0
texturecraft,1,1
Anthropophobia,1,0
NotebookRelay,1,1
SimpleSafetySolutions,1,1
realists,1,1
poledup,1,0
Kingofbones,1,1
universalanswers,1,1
ChristmasFood,1,1
SnapshotBot,1,1
becomingbatman,1,1
DaveySucks,1,1
popcorngif,1,1
throatfucks,1,1
BoyntonBeach,1,1
MASTATROLL,1,1
GameErrors,1,1
RAOMLP,1,0
RCC,1,1
freedownvotes,1,1
Postleftanarchism,1,1
vapeitforward,1,0
halo4players,1,0
letsgofish,1,1
RedditSuggestions,1,1
grouperfish,1,1
darksidelinks,1,0
todayinww2,1,1
123Greetings,1,1
NEIU,1,1
Interraciallesbians,1,1
truecirclejerk,1,0
CSUNorthridge,1,1
techsupportmart,1,1
AVPM,1,1
buddies,1,1
sysadminmeetups,1,1
BradyCampaign,1,1
mexicanproblems,1,1
VersaEmerge,1,1
charlottents,1,1
dur,1,1
Amateur_Racing,1,1
MidnightMinds,1,0
EssayCheck,1,1
fuckanimals,1,1
PetPigeons,1,1
Tcl,1,1
Tboys,1,1
GrandNational2013,1,1
Plebian,1,1
watdo,1,1
CityOfLA,1,1
cheltenham2013,1,1
GamingTop10s,1,0
TwitterDrama,1,1
okaybattlestations,1,1
appscale,1,1
piratejokes,1,1
regenthouse,1,0
brandonboyd,1,1
atlantagaymers,1,0
Moabs,1,0
Caprica,1,0
Chicano,1,1
AllTheCelebs,1,0
12pictures,1,1
RCHeli,1,1
weakacceptance,1,1
Berries,1,1
OHGAWDWHY,1,1
rockbox,1,1
shufflesongs,1,1
weirdkids,1,1
forhireuk,1,1
NZFilm,1,1
startforextrading,1,1
BentonHarbor,1,1
dasstar,1,1
rapidcityrush,1,1
desertporn,1,1
LuetinGaming,1,1
MarryQueen,1,1
UORenaissance,1,1
Tamaskan,1,1
carpet,1,1
testsubredditignore,1,1
FunkSoulMusic,1,1
FoodTrend,1,1
Genudine,1,1
deadringer,1,1
queretaro,1,1
ThePoetryofCinema,1,0
BoxEnthusiasts,1,1
NatGeo,1,1
loleuropede,1,0
jura,1,1
Facebooksucks,1,1
clevelandmemes,1,1
aboriginal,1,1
Pork,1,1
RonPaulisaNut,1,1
rogan,1,1
QuickCashLoans,1,1
9WA,1,1
eGreetings,1,1
Trancestep,1,1
ShitYouTubeSays,1,1
hhh,1,1
WATMMContest2013Jan,1,1
LetsJam,1,0
paralympics,1,1
klukluxklan,1,1
redditbooks,1,1
fourminute,1,1
iConic,1,0
empowerment,1,1
gfx,1,1
Iloilo,1,1
nanjing,1,0
quantumconundrum,1,1
TavernHero,1,1
CouchDB,1,1
WoodyGuthrie,1,1
Tycho,1,1
ChicagoPolitics,1,1
pethates,1,1
levelup,1,1
dutchproblems,1,0
HomeBrewingProTips,1,1
layabouts,1,1
emaildeliverability,1,1
PerthSurf,1,1
WakeTech,1,1
TrueCEByrd,1,0
askashittylawyer,1,1
fodderp,1,1
IndependenceDay,1,1
intel_oregon,1,1
Muskegon,1,1
whippits,1,0
DrowningPool,1,0
firstworldterrorists,1,1
netstalgia,1,1
0x10circlejerk,1,1
migsthelizard,1,0
CalamariRaceTeam,1,0
HallOfXComHeroes,1,1
gumshoes,1,1
gog,1,1
picsofrobbiesleeping,1,1
kitchenparty,1,1
TrueTrees,1,1
xboxgamersunite,1,1
Puppys,1,0
endofworldproblems,1,1
HorribleHousemates,1,0
giving,1,1
redditr,1,1
4linkz,1,1
yiffcomics,1,1
DudleyAndBobShow,1,1
witchhunts,1,1
1YearDebitCardLoans,1,1
LearnGuitar,1,1
generals2,1,1
TrashyPornstars,1,1
Indianity,1,1
walsh,1,0
Reality_Bites,1,0
newworldcolony,1,1
everytimeidie,1,1
conferences,1,0
Spineshank,1,0
MLDS,1,1
pokepokes,1,1
minecraftium,1,1
maxhowell,1,0
findananime,1,1
69thworldproblems,1,1
1000people,1,1
battlefieldcirclejerk,1,1
kipping,1,0
sitcoms,1,0
installmentunsecuredl,1,1
BatemanHighSchool,1,1
medschool,1,0
gerontology,1,0
Royston_Vasey,1,1
smogcheckdeals,1,1
developers,1,1
lovelylegs,1,1
seattleents,1,1
frogpants,1,1
AnimatedGifs,1,0
Dialects,1,0
SurvivalCity,1,0
Jackp3,1,1
NSFW_ASS,1,1
nadeshiko,1,1
CouponsAndDeals,1,1
Koreanfilm,1,1
deltasigmaphi,1,1
Bizzlo,1,1
shemusic,1,1
BikeSanDiego,1,1
translatechinese,1,1
3xSystems,1,1
expat,1,0
tiits,1,1
canada_post,1,1
mesmerizingmusic,1,0
nod32,1,1
BeaverCreek,1,1
lancasteruni,1,1
armageddon,1,1
moodle,1,1
fossdroid,1,1
ASIWYFA,1,1
MovieTrailerPorn,1,0
InternetUsers,1,1
BaldwincountyAL,1,1
richmondsf,1,1
Durhamu,1,1
gwt,1,0
mahler,1,1
shittyPSA,1,1
sociopath,1,0
KINK,1,1
briefs,1,1
GW2DungeonFinder,1,0
sourbeer,1,1
Babe_ID_Palooza,1,1
sittingdancerpose,1,1
BeatGeneration,1,1
2frogs,1,1
Anglican,1,1
Carpartexchange,1,1
furrociousfelines,1,1
snorl4x,1,0
willametteuniversity,1,1
MagFedPaintball,1,0
yerbamate,1,1
lelele,1,1
harshnoise,1,1
CoolTvPosters,1,0
AdvicePokemon,1,1
datsmile,1,1
springsteen,1,1
Goff,1,1
BarringtonIL,1,1
BeerPairing,1,1
vhl,1,1
minecrafttla,1,1
PeterThornton,1,0
cruel,1,1
chathamkent,1,0
60s,1,1
jessyux3,1,0
DGTLArchaeo,1,1
WhoDoILookLike,1,1
tweets,1,1
better_lounge,1,1
NNHS,1,0
comedymusic,1,1
LWIRI,1,0
installmentloans1hour,1,1
BarCraftPDX,1,1
balkanbrass,1,1
nyse,1,1
DianeKruger,1,1
amirite,1,0
videosthatsuck,1,1
coupling,1,1
Who,1,1
CivicSi,1,1
braceyourself,1,0
4sentencegamereviews,1,1
theseboysluheloise,1,1
dcpanganiban,1,1
TDog,1,1
Parkinsons,1,1
badcreditshortterm,1,1
murder,1,1
MindInTyping,1,1
GoneWildGifs,1,0
Stubsy,1,1
movieideas,1,1
Beautifully,1,1
ICANN,1,1
ffrf,1,1
dacracot,1,1
Grid,1,1
brizzlemac,1,0
bbs,1,1
NorseMemes,1,1
ARMAND,1,1
15minutecashloans,1,1
Adultpics,1,1
circuitchase,1,1
lgbtqteens,1,1
fallenearth,1,1
AlphaTomato,1,1
Mandolfa,1,0
Ladysmith,1,1
eurovision,1,1
TLAminecraft,1,1
scandinavianbeer,1,1
RapeIsBadDontDoIt,1,0
chilly,1,0
nullnullnull,1,0
socl,1,1
audemarspiguet,1,0
ParklandCollege,1,1
kamaliibro2,1,0
supertimeforce,1,0
badcreditquickloan,1,1
emergencyloan,1,1
AGOHIA,1,1
artandscience,1,1
stage3d,1,1
maxi,1,1
EventMarketing,1,1
hair_extensions,1,0
SameDayBadCreditLoans,1,1
usshorttermloans,1,1
Tippeligaen,1,1
ATFanworks,1,1
ussia,1,1
3yearloansbadcredit,1,1
searchengine,1,1
DarkSun,1,1
DisabilityBenefits,1,1
FireClan,1,0
lookslike,1,1
astrophys,1,0
aepi,1,1
dota2draft,1,1
Croxist,1,0
OneSentence,1,0
smallshortterm,1,0
tibasic,1,1
cringesarcasm,1,1
WTFY,1,0
anonwatch,1,1
thisisastringoftext,1,0
doctorwhothefuckcares,1,1
AxeThrowing,1,1
musicimprovisation,1,0
penticton,1,1
zandy,1,1
YourGrammarSucks,1,0
elkriver,1,0
SIL,1,0
peaceful,1,0
orchid,1,0
soilatelywondered,1,0
jolicloud,1,1
WebKit,1,1
clanrangers,1,1
Trusts,1,1
BreakUp,1,1
OccupyRichmond,1,0
movieweb,1,0
highlyimprobable,1,1
mayonesa,1,1
weymouth,1,0
tit,1,1
KoopasIdeas,1,1
kredit,1,1
adidas,1,1
tittyfetish,1,0
mixartmyrys,1,1
smallfastloansuk,1,1
wowrecruitment,1,1
campeden,1,1
altruism,1,1
MotivationRPG,1,1
SkrillexRemixes,1,1
bluemountains,1,0
scv,1,1
quickcashloan,1,1
LivingWithCats,1,1
TestTubeBabies,1,1
inna,1,1
dui,1,1
GetOffMyChest,1,0
pbrnb,1,1
kjoneslol,1,1
JueseWang,1,1
redditur,1,1
UMKC,1,0
vocalbible,1,1
loanspoorcredit,1,1
gfunk,1,1
motorcyclememes,1,1
antiwarzcirclejerk,1,1
quickshorttermloans,1,1
CreaturesNorns,1,1
CitrusHeights,1,0
philipkDickheads,1,0
Pickleball,1,1
Backpackers,1,1
Island,1,0
monthlyloans,1,1
ggw,1,0
BudShip,1,1
gamesgoneby,1,0
llamatits,1,1
paramotor,1,1
solutions,1,1
facesonrandomobjects,1,1
Photocomics,1,1
brazzersfixes,1,0
wou,1,1
AIESEC,1,1
ohisthatacarrot,1,1
loansforbadcredit,1,1
TreeJerk,1,1
major,1,1
Dota2TradeTest,1,1
letters,1,1
loansinarizona,1,1
datingadviceformen,1,0
ohbitchbitchbitch,1,1
WolvesOfReddit,1,1
parkingspacedicks,1,1
track,1,1
MetroDetroit,1,1
securityonion,1,1
detroitladyfans,1,1
cnbeta,1,1
foodsafety,1,1
majora,1,0
Lethargicwalrus2,1,1
hots,1,0
AlkalineTrio,1,1
MandyMitchell,1,1
bitch,1,1
squid,1,0
horriblygood,1,1
MinecraftFaction,1,0
retroactivejealousy,1,1
DoesAnyoneEver,1,0
hurts_my_eyes,1,1
parodopolis,1,1
odesa,1,1
rightnownetworks,1,1
TheManList,1,0
500r,1,1
Flyswap,1,1
irishdancing,1,1
Culturequestion,1,1
SoulEaterRP,1,1
macgames,1,1
PhoenixJones,1,1
TsiyaWatch,1,1
LOLGod,1,0
REDBELT,1,1
ooo,1,1
armchairthoughts,1,1
YMCMB,1,1
GT5Trials,1,0
DarkSoulsFightClub,1,0
PCS,1,0
Bagles,1,1
waffen337,1,1
HowardTv,1,1
impressive,1,1
loss,1,1
backpacker,1,0
SmallFastLoans,1,1
passiveincome,1,1
Biohunt,1,1
stuffForMe,1,1
redtaboo,1,1
burma,1,1
6foot3inches,1,1
peripherals,1,0
ApocalypseSurvival,1,1
pharma,1,1
hergies,1,0
Dungeonland,1,1
evansnudes,1,1
HighSchoolGaming,1,1
window,1,1
TheFray,1,0
TodayInHistory,1,1
WickedWeasel,1,1
acrophobia,1,1
RedWolf,1,1
Wingsuiting,1,1
talkingaboutglaucoma,1,0
watto,1,1
potatorecipes,1,1
Xcode,1,0
TeenSexHelp,1,1
Solecalibur,1,1
Hawkman,1,1
toshpointO,1,1
ChampionsofBravery,1,0
birdgang,1,1
selfpost,1,0
Siamesecats,1,1
KittensSanctuary,1,1
weserve,1,0
karmafacts,1,0
yep,1,0
TheFrayMusic,1,0
Thrusting,1,1
DoubleChinMouth,1,1
ThereOughtToBeALaw,1,1
gnarbucket,1,1
kaleycuoco,1,0
schnoodle,1,1
ShittyTechAdvice,1,1
pinguino,1,1
pogues,1,1
VanellopeVonSchweetz,1,1
Birdemic,1,1
pinknips,1,1
surrealart,1,1
Hip,1,0
BigMacintosh,1,1
prequel,1,1
infinityblade,1,1
fuckcakeday,1,1
rdtV,1,1
engineeringmemes,1,1
blingeebiznasty,1,1
JackLayton,1,0
pokemans,1,1
seiken,1,1
Wombats,1,1
fifthworldhelpdesk,1,1
RisingThreadsThreads,1,1
IndianaEvans,1,1
Blakelock,1,1
EntSuperCenter,1,0
virginislands,1,1
encounters,1,1
Factories,1,0
botoflegends,1,1
walama,1,1
MagicSimpson1,1,1
davisca,1,1
burningporn,1,1
Ingressalaska,1,1
BadMusicVideos,1,0
thewetbandits,1,0
omgpandas,1,1
Tori_Black,1,1
hygiene,1,1
HelloHellen,1,1
idleshite,1,0
IAMASmartPerson,1,1
LetMeBeKnownFor,1,1
GamingGiveaways,1,0
obamajerk,1,1
EconomicDiscussion,1,1
grantmacewan,1,1
bipolarbears,1,1
mildlycreepy,1,1
Romohouse,1,1
Nuttyguy,1,0
crappygifs,1,0
SoundArt,1,0
electrodance,1,1
bulletrun,1,1
zergisimba,1,1
christmaslightporn,1,1
obcawesomenessbacklog,1,1
Roughsex,1,1
GirlsonStripperPoles,1,1
GirlsOnBikes,1,1
springbreak,1,0
bottlepy,1,1
SpecOpsTheLine,1,1
longsprograming,1,0
imthedoctor,1,0
indiemarket,1,1
Whidbey,1,1
Mismatched,1,0
MGSPeacewalker,1,1
miloansnocreditcheck,1,1
BREAKING,1,0
whitesupremacy,1,1
fyvp,1,1
gems,1,0
bm_def,1,1
yugiohcardmaker,1,0
GabePOOPELL,1,0
dropkickmurphys,1,1
morsecode,1,1
punthreads,1,1
contactinfo,1,0
redditcupteam133,1,1
LATIMES,1,0
bennyhill,1,1
Moebius,1,1
disgusting,1,1
RKelly,1,1
SOJA,1,1
CRD,1,1
TuxedoCats,1,1
4chancirclejerk,1,0
tayssirs_pub,1,1
zoombiniville,1,0
City,1,0
PsychOut,1,1
Attleboro,1,1
ChesterCounty,1,1
yhz,1,0
TripENVY,1,1
superherocosplay,1,1
FortMyers,1,1
Economicdownfall,1,1
mylittleaskpony,1,0
GMA,1,0
secretpics,1,1
cockdock,1,0
preteen_pussy,1,1
GuessMyFirstName,1,1
comacad,1,1
Chiac,1,1
dystopianmusic,1,1
kopimi,1,0
Mozart,1,0
ukmalefashionadvice,1,1
FirstPerson_Shooters,1,1
safpijsadgisjdg,1,0
askengineering,1,1
lucypinder,1,1
Plague,1,1
IRON_MARCH,1,0
circleshit,1,1
FactsonMold,1,1
ballsorgtfo,1,1
mineres0rt,1,1
onlycode,1,1
GoodMorningCrono,1,1
RobinHood,1,0
rootstrikers,1,1
murlocinside,1,1
marist,1,0
girlsareicky,1,1
wwuents,1,1
Elko,1,1
UCO,1,1
randomthing,1,1
gymmusic,1,1
WackyGaming,1,1
sunder,1,0
OutoftheOrdinary,1,0
TheTestSox,1,0
FNF,1,1
FactranDraft,1,1
witcher2,1,0
WhereToBuyYerbaMateIn,1,1
Mens_Rights,1,1
starcarft,1,1
skrlx,1,1
muslims,1,1
NarwhalComplaints,1,1
myfootupyourass,1,1
TheTable,1,1
CyclopsRights,1,1
compscipapers,1,1
mylittlepny,1,1
PSASBR,1,0
scipy,1,1
Maxetom,1,1
FFFFFUUUUU,1,1
Wordpress_Themes,1,1
bm_atl,1,1
WW2Photographs,1,1
SC2SEA,1,1
DFWFILMMAKERS,1,1
JamesAlex,1,0
FYAD,1,0
projectbenice,1,1
fbcoverstreet,1,1
mauritius,1,1
SigmaEtaPi,1,0
ClevelandHeights,1,1
amazingtop10,1,1
sexykoalas,1,1
AdamSue,1,1
rem,1,1
MacMiller,1,1
mustaches,1,1
korsanparti,1,1
MWTactics,1,1
ChillShades,1,1
4fingers,1,1
burrrcub,1,1
TheInfosphere,1,1
apu,1,1
Headcanon,1,0
AHLBruins,1,1
trueswoleacceptance,1,0
AskCompSci,1,1
imstoned,1,0
hamiltoncollege,1,0
goodnewseveryone,1,1
bloomu,1,1
recipeblogger,1,1
frostedpanda,1,1
thatgamecompany,1,1
TRADEMARK,1,0
CTRG,1,1
Legalquestion,1,1
AteSomeOranges,1,0
greatpyrenees,1,1
koprivnica,1,1
CampZeroZero,1,1
junehs,1,0
pedalsteel,1,1
LGBTRelationships,1,1
DayZAustralia,1,1
AskFm,1,1
Atlas_Construction,1,1
plastic_surgery,1,1
NHibernate,1,1
RadPolBookX,1,0
AllInCC,1,1
bigblue,1,0
jewnose,1,0
ElidMinecraft,1,1
C1RCLEFUCKERS,1,0
BendingWallpapers,1,1
selflesstoselfish,1,1
jenniferwhite,1,1
adulttube,1,0
assassins,1,1
rushb,1,1
cosmicknights,1,1
carsharing,1,1
sirms,1,1
officepranks,1,1
ACCorp,1,1
Pyrography,1,1
MLBMessageBoards,1,1
iwanttopunch,1,1
davincisdemons,1,1
shadowrunreturns,1,1
JeepTalk,1,1
assworship,1,1
ukdrugs,1,1
Collingswood,1,1
zine,1,1
raggatek,1,1
londonhackspace,1,1
heritage,1,1
BottleChallenge,1,1
extremesports,1,1
blackcats,1,1
phallicimages,1,1
Streamforcharity,1,0
navyseals,1,1
EatFeats,1,1
aromatherapy,1,1
mountainboarding,1,1
freespace,1,1
rose,1,1
megamullet,1,1
AugustaDating,1,0
swolehate,1,1
redwasp,1,0
AmazonFBA,1,1
StereotypicalJokes,1,0
BillBurr,1,1
MVPvernonwells,1,1
polyphasic,1,1
reactionfigs,1,1
dicklips,1,1
GamersMarathon,1,0
barenakedladies,1,1
fuckerberg,1,0
OrderoftheLost,1,0
BiAndMonogamous,1,1
SoundEngineering,1,1
Phantom2040,1,1
mingle,1,1
NostalgiaCircleJerk,1,1
ItsAlwaysSunny,1,1
GuitarHero,1,0
helena_orgeron,1,1
thewoodlands,1,1
bromeliad,1,1
ChevyVolt,1,1
FashionDIY,1,1
mctinyhouses,1,1
SurfaceSandbox,1,0
OpenCL,1,1
ManchesterUTD,1,1
opulentia,1,1
Saruman,1,0
TosterPorn,1,1
designInspirations,1,1
OntSofa,1,1
delta,1,1
ZDay,1,1
tanktrouble,1,1
Chaplain,1,1
breakingwho,1,1
notdavidlynch,1,1
Tropicalia,1,1
mc1r,1,1
00scartoons,1,1
murders,1,1
dnn,1,1
WeddingBand,1,1
wrecking,1,1
manuals,1,1
sloth,1,1
AbileneTexas,1,1
DeathCabforCutie,1,1
supercross,1,1
Hanukkah,1,1
4321pass,1,1
jeegr,1,1
miltonkeynes,1,0
whatIshouldhavedone,1,1
spica,1,1
fresnostate,1,1
vintagecars,1,1
GrayTrot,1,1
Psycholinguistics,1,1
Gonewile,1,1
mcletsplay,1,1
ild1000pd,1,1
anseladams,1,0
loneliness,1,1
Team_Underscore,1,1
KatieCassidy,1,1
Cd_collectors,1,0
entomophagy,1,1
dirtyg,1,1
autoloansnocredit,1,1
FinalFantasy7,1,0
Destinations,1,1
SaGa,1,0
SRSBooze,1,1
dreads,1,0
voteherclothesoff,1,1
athleteadvice,1,1
BusinessStartLoans,1,1
ShitSandwich,1,1
KeySwap,1,0
asianhotbabes,1,1
subs,1,1
gmucirclejerk,1,1
NixOS,1,1
pokents,1,1
Firecows,1,1
CelticWorldwide,1,1
personalcashloans,1,1
weddingshoes,1,1
instantpayoutloans,1,1
andorid,1,1
brink,1,0
loansforsure,1,1
whatsworse,1,0
Epicness,1,1
Tuned,1,1
zacefron,1,1
UKr4r,1,0
Washburn,1,1
instantshorttermloans,1,1
jobb,1,0
bisexuality,1,0
TheEndTimes,1,1
Slovenija,1,0
TrueIndia,1,1
bern,1,1
experientialmarketing,1,1
pieafterdark,1,1
usm,1,1
Yucapia,1,1
JeffBuckley,1,1
evdenevenakliyat,1,1
wmmt,1,1
Ecard,1,1
jackson5,1,0
freefonts,1,1
gsmphones,1,1
Applethefruit,1,1
YourMythology,1,1
gifslikethis,1,1
footbag,1,0
Fluffypony,1,1
autoloanswithnocredit,1,1
Civilisation,1,1
NoSchlick,1,1
gaybrostoriesgw,1,1
indiancirclejerk,1,1
r4rAustralia,1,1
GirlsinTrenchcoats,1,1
SEDS,1,0
cringey,1,1
hide,1,1
dunkit,1,1
slamdeathmetal,1,1
Solstice,1,1
Vackris,1,1
TheLoneMiners,1,1
Foecraft,1,1
gamingprops,1,1
DarcyGomez,1,1
startaflamewar,1,1
tubing,1,1
truebreakingbad,1,1
DeadFriends,1,0
facial,1,1
RelapseWatch,1,1
demriparrott,1,1
90daycashloans,1,1
xenoling,1,1
beaverton,1,1
molding,1,1
Teenadvice,1,0
musicsuggestions,1,1
yacht_cruise,1,0
SalfordUni,1,1
agt,1,1
AustrianEconomics,1,1
subwarsonline,1,1
mylittlenomic2,1,0
skittlesandcigars,1,1
onestarporn,1,1
MuffinMan,1,1
WhatsMyMovie,1,1
treadmills,1,1
Journaling,1,1
sexjokes,1,0
sandbox3,1,0
Creeps,1,0
RoommateRants,1,1
JustinJeong,1,1
CeliacsGF,1,0
GIFtime,1,1
AnimationPorn,1,1
ruraltalk,1,1
Hulahoop,1,1
notsofunny,1,0
shittyminecraft,1,0
WDIS,1,1
drawmyidea,1,1
Byrdwrestling,1,1
ATSecretSanta,1,1
BeaconsfieldHS,1,1
XIM3,1,0
prayersforshalom,1,1
winternals,1,0
renilbejoy,1,1
Opioids,1,1
kevinlihasasmalld,1,0
Fiverr,1,1
DearAnyone,1,0
monkeezminecraft,1,1
nigelphilips,1,1
4HPodcast,1,1
modtest,1,0
Connor,1,1
xXbenthehoboXx,1,0
Dykes,1,0
skopelosnews,1,1
summercamp,1,1
COC,1,1
Monsters,1,1
tiredbored,1,1
musics,1,1
mumma,1,0
Neceros,1,1
mirabellamassage,1,1
kramaconspiracy,1,1
liamhemsworth,1,0
SinsOfaDarkAge,1,1
northdakotagonewild,1,1
Uotf2t,1,1
scarygifs,1,0
Googlevoice,1,0
adele,1,1
CanyonDelOro,1,1
inferno,1,1
PhillipsExeter,1,1
twobestfriends,1,1
totallylookslike,1,0
peakoil,1,1
njhunting,1,1
perezhilton,1,1
FunnyVid,1,0
titsonglass,1,0
Hairloss,1,1
SapphireBnet,1,1
d2l,1,1
Drumnbass,1,1
GenYPepTalk,1,1
pot,1,0
Shoplifting,1,1
Avtoplin,1,1
CryptoBeings,1,1
ifttt,1,1
distance,1,1
SMWC,1,0
PurdueSeminars,1,1
Furnishings_Decor,1,1
ToTheRescue,1,1
Nitendo,1,1
EXHINDU,1,1
redditpetitions,1,1
minevsmine,1,1
TeratomaZone,1,1
CivcraftMercer,1,1
FilmPosters,1,0
Heaven,1,1
Slugterra,1,1
imagesofscifi,1,1
NoseRings,1,0
FutureGaming,1,0
sytycd,1,0
OnlineAdvertising,1,1
lesbianteen,1,1
railhawks,1,1
posterdesign,1,1
micallef,1,1
srd,1,0
Augustana,1,1
yee,1,1
Pandering,1,0
ArmyOfTwo,1,1
samo,1,1
KiiS,1,1
SL18,1,1
soccercleats,1,1
anilingus,1,1
slashtrees,1,0
them4gnation,1,1
w2reddit,1,1
Saguenay,1,1
ipswich,1,0
loveit,1,1
Nationcrafting,1,1
kittensholdingdildos,1,1
Eco,1,1
qQqQqQqQ,1,0
Manlyman,1,0
gaynegroesfromspace,1,0
archbang,1,1
GrossePointe,1,1
MLK,1,1
gonewildminus,1,0
finalday,1,0
ncents,1,1
NSFM,1,0
Puffies,1,1
Starmade,1,0
report_the_reposters,1,1
discgolfers,1,1
retinawallpapers,1,1
Toothpaste,1,1
thrash,1,1
ConwayAR,1,1
im12,1,0
VisitCrete,1,1
Fraservalley,1,1
appleretail,1,1
StevePool,1,1
ForeversBigThings,1,1
shawngupta,1,1
Behrend,1,1
battlepirates,1,1
AppleSupport,1,0
BrainFarts,1,1
blha303,1,1
AustinCollege,1,1
conventiondiscussion,1,0
qqragequit,1,1
Taft,1,1
tweebo,1,1
geckos,1,1
ahmedabad,1,1
mikrotik,1,1
WelcomeToChat,1,1
cvc,1,1
bemidji,1,0
webmonetization,1,1
FuckGirls,1,0
zinesters,1,1
aabr,1,1
screencaps,1,0
Adam_Lambert,1,0
frankieandfriends,1,1
ShopFortress,1,1
AvatarVids,1,1
sciencespo,1,0
useful,1,1
Walgreens,1,1
Pain,1,1
beltwaybandits,1,1
sandimas,1,0
justthetip,1,1
Motorcross,1,0
TalesFromTF2Outpost,1,1
shortlinks,1,1
understatements,1,1
MultiColoredGaming,1,1
NSCC,1,1
SexyCosplayGirls,1,0
WTFhands,1,0
illiterate,1,0
falsemetal,1,1
reedit,1,1
ShoeRepair,1,1
cryengine,1,0
arnoldchiari,1,0
lel,1,1
Mitchell,1,0
luvkushsmokekush,1,0
AvantGardeMusic,1,1
incrediblyinfuriating,1,1
TheBook,1,1
MCU,1,1
whattoreadwhen,1,0
HackYourLife,1,0
holidayspirit,1,0
SaraJUnderwood,1,1
hccaatpwtw,1,1
helpingout,1,1
guygamers,1,0
inspiresd,1,1
butts,1,1
chachigonzales,1,1
TechnicalDeathcore,1,1
GAents,1,0
funyn,1,1
ReasonedDebate,1,1
miramarco,1,1
PhilDunphy,1,0
FantasyWar,1,1
ukiyoe,1,1
RedditDonate,1,1
Whalepunk,1,1
DeepTechno,1,1
demonhunter,1,1
eroticstories,1,1
thedarkknight,1,0
PerFav_NSFW,1,1
everywomanshouldknow,1,0
AdagioTeas,1,1
Pokepixels,1,0
violenceagainstwomen,1,1
HolidayMusic,1,1
translationparty,1,1
OnlineDropBox,1,0
ShootingtheShit,1,1
Humiliation,1,1
fsjal,1,1
PhatBooty,1,1
TeamTurbin,1,1
dailydraw,1,1
ChoosyHomeschoolers,1,1
animememes,1,1
FreshersMag,1,0
younha,1,0
HowToDraw,1,0
Passion,1,1
lesBDSM,1,1
NSFWDCComics,1,1
mickeymouseclub,1,1
evenshittieradvice,1,1
seobaby,1,1
bookscirclejerk,1,0
shitty,1,1
picsoftinyasstrees,1,1
ISBU,1,1
SweatyGirls,1,1
planimeter,1,0
gavin19,1,1
RichardStockton,1,0
kiteskiing,1,1
Grumpykitty,1,0
streetrod,1,1
thefest,1,1
Shittylifetips,1,0
mylittlenomic,1,1
C418,1,1
WECSTYLETEST,1,1
AlexanderKoshelkov,1,1
southproblems,1,0
gew,1,1
critiquemygraph,1,1
worshipmusic,1,1
creativetogether,1,0
buffalowings,1,1
MilitaryFinance,1,1
Zaragoza,1,1
Sjogrens,1,1
dnbstep,1,1
canadianhumour,1,1
Belmontacademy,1,0
EtrianOdyssey,1,1
wtfmeta,1,1
aaronsorkin,1,1
Thor,1,1
knicks,1,0
pmp,1,1
Neurofeedback,1,0
locoreddit,1,0
EggBot,1,1
HealthFitness,1,1
triplethreats,1,1
tmttp,1,1
Smurfs,1,1
Ojibway,1,1
PantyDrop,1,0
strangelimbs,1,0
driland,1,1
AtWar,1,1
BUSEY,1,1
Guncraft,1,1
TongueRings,1,0
Pashtun,1,1
CODLFP,1,1
amateurauthors,1,1
bep,1,1
amateur_fuck_videos,1,1
fabiano,1,1
euchre,1,1
breakdance,1,0
Catsntits,1,1
Ethology,1,1
virtuafighter,1,0
GhettoAskScience,1,1
j123,1,0
cultofmac,1,1
PeTRouShK,1,1
Deutsch,1,0
Schleswigholstein,1,1
tf2ragecomics,1,0
cassowary,1,1
JessicaChastain,1,1
TuyetVoi,1,1
acworth,1,1
ActionScript3,1,1
tattoosnobs,1,1
Edgarthegame,1,1
xanax,1,1
openshift,1,0
fuckthegiants,1,1
Not_Funny,1,1
unite,1,1
BooMansion,1,1
audiofile,1,1
parapente,1,1
minecraftarchitects,1,1
DickPuppets,1,0
lexlinguae,1,1
MAvengersAlliance,1,1
nerfighters,1,0
Reddit_startup,1,1
ixkey,1,1
preggoteens,1,1
cashback,1,1
TheHidden,1,1
GoldenVentureFolding,1,1
rome,1,1
manwithabadheart,1,0
askldjfhjklhj,1,1
ehhzyoop,1,1
MinecraftWTF,1,0
exfem,1,0
dannyphantom,1,0
kahlers,1,1
catscrotum,1,0
Astraalivankila,1,1
Civraft,1,0
SPINfarming,1,1
ELI5contest,1,1
datacenterporn,1,1
CienciaSemFronteiras,1,1
Big4,1,0
TomSwifty,1,1
Madness,1,1
scoobysworkshop,1,1
RamesesB,1,1
tomhanks,1,1
WTFGonewild,1,0
socialgames,1,1
ASDparenting,1,1
DutchEnts,1,1
GameServer_Hosting,1,1
english_language,1,1
groupwbench,1,0
SAZS,1,1
Uganda,1,1
sexyasiangirls,1,1
NewsForHackers,1,1
DeformedHandTurkeys,1,1
FortBragg,1,0
Unions,1,1
PornTubeXXX,1,1
NSFWFantasy,1,1
BanFilth,1,1
SexTapes,1,1
hotpornstars,1,1
RudeNews,1,1
norniron,1,1
CAIRO,1,1
drizzydrake,1,1
Benchmark,1,1
QRPorn,1,1
BlackFish,1,1
AmandaBynes,1,1
Brisbanetrees,1,0
artistsbooks,1,1
L2P,1,1
Suddenlylooksatcamera,1,0
ashtonkutcher,1,1
celticpunk,1,0
teamcoco,1,1
gapbetweenthighs,1,0
bestofwomen,1,1
grammer,1,1
shittyideas,1,1
laverne,1,0
StraightGirlsPlaying,1,0
dns,1,1
SexCamsXXX,1,1
BritBird,1,1
Dissertations,1,1
Babes1,1,1
eff,1,1
SameGrassButGreener,1,1
PutIntoPerspective,1,0
Lucy,1,1
CAG,1,1
AskCircleJerk,1,0
tra,1,0
Aquaculture,1,0
swansea,1,1
PortlandMaine,1,1
lightdesign,1,1
PrintrBot,1,1
NotADropStation,1,0
Battlefield2,1,1
cgi,1,1
XXLCigarMen,1,1
genuinehumor,1,0
Nurses,1,1
nickdean,1,1
thisredditortaughtme,1,1
bronyboners,1,0
SeasonalPorn,1,0
GamingRant,1,0
Dotsons,1,1
Transmetropolitan,1,1
fffff,1,0
argentineproblems,1,1
armenia,1,1
MaleFemme,1,1
Slowpokes,1,0
decorate,1,1
RachelKorine,1,0
chipdesign,1,1
911Conspiracies,1,1
bestfeeling,1,1
beesoncock,1,1
fishnets,1,1
Hallmarks,1,1
LizardMan,1,1
KarmaBox,1,1
aussiecars,1,0
willsdumbjokes,1,1
twistedtunes,1,0
Statements,1,1
buttercup,1,0
fxearn,1,1
spacesteading,1,1
syncretic,1,0
periodicvideos,1,0
Stalinism,1,1
personalmanifesto,1,0
badpoetry,1,1
structural,1,1
SameDayAutoLoans,1,1
ilstucirclejerk,1,1
Feeder,1,1
fourcones,1,1
RefereeStories,1,1
cigs,1,1
dadalife,1,0
Paur,1,1
kyubey,1,0
JaguarCars,1,1
nowplaying,1,1
BattleHubsTV,1,1
washingmachines,1,1
BrandyTaloreVids,1,0
jeremiahharm,1,1
Mexicana,1,1
slowmo,1,0
whocares,1,0
doujin,1,1
VinylPorn,1,1
SmallConsumerLoans,1,1
riddit,1,1
Desks,1,1
theultimatefighter,1,1
BoringTIL,1,1
prediction,1,1
jobsecrets,1,1
myconfinedspace,1,1
kyumustdie,1,1
PoesLaw,1,1
ogfurious,1,0
StaticMovement,1,1
Commercial,1,1
BYB,1,1
mikumikudance,1,1
hardtextadventure,1,1
PwningCowMan,1,1
stitics,1,1
Wasted,1,1
dancingpokemon,1,1
menuitemjerkoff,1,1
abiogenesis,1,1
spoonerism,1,0
homestuckplayset,1,1
JohnHammit,1,1
BikingMad,1,1
PartyUpMW3,1,1
testsubblahblah,1,0
creepymusic,1,1
TaylerMcCombe,1,1
SpreadtheWord,1,0
bestshow,1,1
eBayMotors,1,0
criticalthinking,1,1
dontaskreddit,1,1
advise,1,0
titanic,1,1
weirdsites,1,1
sportpics,1,1
AvondaleAZ,1,1
redditbandithunters,1,0
flossdaily,1,1
test571,1,1
appleseed,1,1
not1hour,1,1
ChardeeMacDennis,1,1
arxiv,1,0
RFID,1,1
stedbot,1,1
Sub4Sub,1,1
PsychonautsGame,1,1
TheZone,1,1
Regrets,1,1
ArowinTest,1,1
randomthings,1,1
askredddit,1,0
younglife,1,1
bootleggers,1,0
socorro,1,1
fortytwo,1,1
Lifepunch,1,0
Puppyhammer,1,1
LightingPros,1,1
PawleysIsland,1,1
sodom,1,1
LoveAndTolerance,1,0
So_I_Had_This_Idea,1,1
sexualencounters,1,1
awwvideos,1,1
BadTrip,1,1
lewiswatson,1,0
lebron,1,1
www,1,1
doublethink,1,1
Dre,1,1
Fiddle,1,1
RubyRain,1,1
yiffers,1,1
PortOrchard,1,1
MyLittleSlamJam,1,1
catporn,1,1
picklols,1,1
howcloseami,1,0
Fredonia,1,1
obsequious,1,1
GTR3,1,0
alol,1,1
Coolness,1,1
dayofthedead,1,1
QualityReads,1,0
Ktowngrow,1,1
Barnez_N_Nobles,1,1
jiujitsu,1,1
ArtofReddit,1,1
kernel,1,1
Burien,1,1
flashmob,1,1
johnwayne,1,1
theravada,1,0
ListenedToSlayerToday,1,1
privateRaffling,1,0
BirchwoodStudios,1,1
callofdutyclans,1,0
Patentwars,1,1
weirdmusic,1,0
oelvn,1,1
LeagueOfSubreddits,1,1
DownvoteGifs,1,1
ArtRock,1,1
GrumpyGamerLP,1,1
Anthrax,1,1
specialrequests,1,1
ShitIndiansSay,1,1
catcentral,1,1
CenterLine,1,1
OSDeployments,1,1
Fittness,1,0
swfs,1,0
Holland,1,0
AntiFap,1,1
ill,1,0
elderlyporn,1,1
funnyface,1,1
ComputationTheory,1,1
philly,1,1
BMS,1,1
AntiAging,1,1
wtamu,1,1
TheFineBros,1,0
BattlefieldHeroes,1,1
MetroVideoGame,1,1
PodcastsPlus,1,0
Caricatures,1,0
FlorenceAndTheMachine,1,1
Anarchy666,1,1
shittyspawns,1,1
beloitcollege,1,1
PlaydateDev,1,1
Dylweed,1,0
TiffanyStarr,1,1
MaksimMrvica,1,1
bestofLGBT,1,1
motherfuckery,1,1
gymnasts,1,1
north_ib,1,0
Montages,1,1
IBHOTA16,1,1
dli,1,1
Swoleofheart,1,1
how,1,1
capecoral,1,0
burlingtonontario,1,1
Ageos,1,1
Parkit,1,0
TodayIs,1,1
highrim,1,0
Newlyweds,1,1
RockhoundsExchange,1,1
vincentli,1,1
sigil,1,1
trailmix,1,1
eaganmn,1,1
TechnicalTheater,1,1
TobacconistReviews,1,1
ears,1,1
oblivious,1,0
Raja_Yoga,1,1
FamilyAssistance,1,1
Conspiranistas,1,0
worm,1,1
ainbowSucks,1,1
MyGameBuilder,1,0
caltrain,1,1
jrhythm,1,1
lookwhatidrew,1,0
McMoo,1,1
lomography,1,1
everythingzen,1,0
RFOnline,1,1
Dry,1,1
succulents,1,1
Prohibition,1,1
OnLive,1,1
swimmer,1,1
synchtube,1,1
BDSMComics,1,0
VacuumCleaners,1,1
CatsInSpace,1,0
amateurdubstep,1,0
averagemanphilosphy,1,0
VAP,1,1
cheesypickuplines,1,1
exbahai,1,0
TiffanyThompson,1,1
buylocal,1,1
ShittyAskWomen,1,1
patriotscirclejerk,1,1
Riseofkings,1,1
BostonSingles,1,0
AspiringJournalists,1,1
derbybouts,1,1
Airbag,1,1
GoNOLA,1,1
SouthParkMexican,1,1
instantreplay,1,1
learntyping,1,1
amputee,1,1
Latino,1,0
MindTrap,1,1
perimeterjerk,1,1
ChristopherWalken,1,0
todayIpooped,1,1
ubco,1,0
LetsGetSomeThingDone,1,1
GTAIV,1,1
milkytracker,1,1
RedditTan,1,1
androidplus,1,0
donniedarko,1,1
Invisalign,1,1
DressExchange,1,1
lethargy,1,1
bm_gold,1,1
alexbarband,1,1
fakemon,1,1
TestPosting,1,0
stthomasmore,1,0
MinecraftModIdeas,1,1
medicaltrees,1,1
Steambandits,1,1
benders,1,1
ContinuousStories,1,0
TheisticEvolutionists,1,0
whichreddit,1,0
pennystocks,1,1
TauBetaPi,1,1
AprilFools2022,1,0
EndPointGaming,1,1
LinkedPorn,1,1
nothipster,1,1
tour,1,1
whiteboy7thst,1,1
RealRussia,1,1
TF2R,1,1
steamgroups,1,1
360eucirclejerk,1,1
valla,1,1
girlswearinggoggles,1,1
openexam,1,1
hands,1,1
woolypls,1,1
BlessedAreTheWeird,1,1
awesomemusic,1,1
Bergen,1,1
WTFMODSREALLY,1,0
charliebrown,1,0
bucknell,1,1
womenofreddit,1,0
livingofftheland,1,0
pottis,1,1
TradePics,1,0
medieval,1,0
McGillCTF,1,0
FPSRussia,1,1
Spongebobedits,1,1
Wolfenstein,1,1
SWAQQQ,1,0
Imotski,1,0
whofarted,1,1
cfengine,1,1
mylittlemousepad,1,1
ghettofunk,1,1
justathought,1,0
lint,1,1
whatsongisthis,1,1
druidry,1,1
ArmanSobhi,1,0
sensibleoregon,1,1
JuicyPanties,1,1
bestoffunny,1,1
Richwoods,1,1
bestpornvids,1,1
beatmakers,1,1
StainedGlass,1,1
selfies,1,1
Gepotenuz,1,1
GearPorn,1,0
tromso,1,1
mylittlemspaint,1,1
Tischardt,1,1
freehiphop,1,1
NoSugaryFoods,1,1
GAYMIL,1,1
Jumpstyle,1,1
breakingpoint,1,1
warcraftporn,1,1
Cavalier,1,0
CastFancy,1,1
Overheard_NDSU,1,1
oskarelmersson,1,1
ElementsTheGame,1,1
RedditArena,1,0
BlackboardAdmin,1,1
theretheulk,1,1
Homo,1,1
TrueFoxNewsStories,1,0
AIwar,1,1
morlyius,1,0
PROOF,1,1
askfood,1,1
bestofbroke,1,1
RedditCribs,1,0
nsfw_celebs,1,1
IWANATESTSHITOUTGTFO,1,0
PastryKnights,1,1
RomanceBooks,1,1
WTD,1,1
convincemenow,1,0
tele,1,1
hottestnsfwpics,1,1
Timmaty,1,1
Geneology,1,1
RichPeople,1,0
Rihana,1,1
adelaidetrees,1,0
JaegerLecoultre,1,1
FERMIPROBLEMS,1,1
allthegold,1,0
kikkoman,1,1
motorbikes,1,0
BeneathTheBedrock,1,1
fivealive,1,0
arbogastmusic,1,1
cerebral,1,1
Trams,1,1
threads,1,1
CODBlackOpsEmblems,1,1
philflash,1,1
markkozelek,1,0
credithelp,1,1
CelticFootballClub,1,1
neogeo,1,1
DillingerEscapePlan,1,1
KarlPilkingtonFanClub,1,1
Heploonerislonely,1,1
subspace,1,1
Dem0n5,1,0
falloutnewvegas,1,1
Upland,1,1
AirportMeetUps,1,1
ctcirclejerk,1,1
ShaneDawson,1,1
circusfreaks,1,1
FirstTimeBuyer,1,1
Ooer,1,1
nw0rt,1,1
ScarletBlade,1,0
duckfeeding,1,1
WhyDownvoted,1,1
RsPrivateServers,1,1
rgu,1,1
nofapcirclejerk,1,1
BaconPorn,1,1
DKOnline,1,0
Tulalip,1,0
LBP2,1,1
maxhoots,1,0
TechLoL,1,1
anarchopicbotTest,1,1
Glass,1,1
PostApocalypse,1,1
modmusic,1,1
proofread,1,0
WasteFraudAbuse,1,1
gayfags,1,1
maybefap,1,1
conservativeparty,1,1
Nanomedicine,1,1
DiabeticNation,1,1
tiling,1,1
bendyourkneesgonewild,1,1
color,1,1
lotf,1,0
canadialand,1,1
NickIsAFaggot,1,1
chihuahuas,1,0
RedGage,1,1
badbitches,1,0
Freektales,1,0
earthquake,1,1
openra,1,1
NutsBabes,1,1
CivcraftSchoolhouse,1,1
TeamCS,1,1
correlations,1,1
osugame,1,1
slavecybele,1,0
YourOwnAlbum,1,1
BigLabia,1,1
SherrilynKenyon,1,1
LaymanJournals,1,1
Hatcats,1,0
forscience,1,0
zachbraffthread,1,1
SandMining,1,1
flight,1,1
slowjamz,1,1
gonewanton,1,1
QuickBooks,1,1
fuckmarrykill,1,0
selfinjury,1,0
tiago,1,1
Winterisalreadyhere,1,0
Morality,1,1
occupyalbany,1,1
Snoopdogg,1,1
569,1,1
BrightonHoveAlbion,1,1
liquidfunk,1,0
TheColbertReport,1,1
Sayings,1,1
hiltonhead,1,0
AdviceVideoGames,1,1
shitsodypopsays,1,1
Pickerington,1,0
dragonballzabridged,1,1
liftingclub,1,1
Swarlocraft,1,1
toxictower,1,1
giveafuck,1,1
lotj,1,1
Shitstarters,1,1
aphromoo,1,1
Americafuckya,1,1
miltech,1,0
HHQP,1,0
programmation,1,1
SpaceMiners,1,1
khr,1,1
hotwheelstest,1,1
triciahelfer,1,0
Doctormega,1,0
Zoning,1,1
SneakyNuts,1,0
republiccommando,1,1
DreamTheories,1,1
CA_eBay,1,1
Cakeband,1,1
WhiningaboutSRD,1,1
TIG,1,1
Integra,1,0
GeneralConsensus,1,1
t:bigbang,1,0
dickpicsplease,1,1
Syndicate2012,1,0
startrektos,1,0
hokum,1,1
BL2xboxtrading,1,1
thelounge,1,1
basketballporn,1,1
DancingRaptorJesus,1,1
bars,1,1
angelinajolie,1,0
anodyne,1,1
ocm,1,1
TheGreatAlliance,1,1
Pants,1,1
OhmKrishna,1,1
CraftedMovie,1,1
Eggman,1,1
Sotodayiwas,1,1
MTLSeddit,1,0
alohapos,1,1
HotDogPorn,1,1
graveyard,1,1
HobosGoneWild,1,1
SheepPorn,1,1
Hypocrisy,1,1
Sweddit,1,0
ElMonte,1,1
Furcast,1,1
Bar,1,1
ca4ca,1,0
Permapaul,1,1
outkast,1,0
tatoo,1,1
donutloss,1,0
TF2Unboxes,1,0
Winona,1,1
millikin,1,0
H4Customs,1,1
Heartbreaking,1,1
pokemonmatchup,1,0
depressingfap,1,0
Epicurus,1,1
thelumineers,1,1
Victorian,1,1
sleeplessinseattle,1,1
HitlerWasRight,1,1
as3,1,1
15thworldproblems,1,1
jailbreakingapple,1,1
Sadness,1,1
Creepygifs,1,0
kansascENTy,1,1
SillyFace,1,0
Alexandertechnique,1,1
Kevinland,1,1
charlie,1,0
LifeStonerTips,1,1
secrets,1,0
whyineedtoberich,1,1
darkhorsecomics,1,1
liveactionroleplay,1,1
Danzig,1,0
WWTT,1,1
grease,1,1
loounge,1,1
TripLists,1,0
slidewithme,1,0
didanyonelseplay,1,1
Office365,1,1
SRSIdeologySucks,1,1
Hustlecraft,1,1
pvhigh,1,1
hatefest,1,1
codysnyder,1,1
carebearstare,1,1
SourceMods,1,1
JudgeJudy,1,1
jerky,1,1
PornEdits,1,1
Nutcrackers,1,1
CounterCraft,1,1
justonetime,1,1
transitions,1,1
casterboarding,1,0
askreddir,1,1
thrivegame,1,1
Longwood,1,1
lifting,1,0
whatshouldIlistento,1,1
eallife,1,1
UndergroundComix,1,1
Outdoor,1,1
notv,1,1
marscuriosity,1,1
mcterraforming,1,1
ASUS,1,1
CaliforniaCannabis,1,1
RCHelicopter,1,1
SOF,1,1
Allison_Scagliotti,1,0
Sims3,1,1
OrdinaryGentleman,1,1
lodz,1,1
Submerged,1,1
beergeek,1,1
F1Technical,1,1
9034725985,1,1
themaxx,1,1
wall,1,1
GoodOneMyke,1,1
charlotter4r,1,1
FFA,1,1
Infernox,1,0
redditnoise,1,1
GraphicBlog,1,1
CallofDutyBlackOps2,1,1
KSUAdviceAnimals,1,0
motown,1,0
skateboardingireland,1,0
KSUCircleJerk,1,0
ariannagrande,1,1
NYC_Politics,1,1
AIDSisaTROLL,1,0
JamaicaPlain,1,1
bananas,1,1
oilspill,1,1
trickipedia,1,1
circlegod,1,1
shitmyboyfriendsays,1,1
fuggetaboudit,1,1
prog2,1,0
unb,1,0
thalien,1,1
FeelSorryForMe,1,1
gamingeastereggs,1,0
Gad,1,0
Shihpoo,1,1
IMadeA,1,0
NudeUtah,1,1
birdhousepictures,1,1
icefyre,1,0
flaglercollege,1,1
FPU,1,1
resourcebasedeconomy,1,1
midgetsmut,1,1
addon,1,0
travelguides,1,0
Noses,1,1
hahgay,1,1
scaredkids,1,1
mcgargamel,1,0
rylaiscrystalscepter,1,1
GameHelp,1,1
ponds,1,0
GreatPodcasts,1,1
TrackPadHeroes,1,0
beaverinventeam,1,1
PUNCHCAT,1,1
neweracaps,1,1
Eastbourne,1,1
bathtubs,1,0
experiment1,1,1
Osprey,1,1
YuliyaSnigir,1,1
UMFCarolDavila,1,1
MelissaHaro,1,1
stupidbiz,1,1
YasminBrunet,1,1
Instrument_trade,1,1
DarkRed,1,0
sabby,1,1
arcade,1,1
vfed,1,1
RoxyVandiver,1,1
typeaparent,1,1
fffffffffuuuuuuu,1,0
LondonUnderground,1,1
AnythingGoesWorld,1,1
CodeBreaker,1,0
WoDMMO,1,0
BHSEC,1,0
UselessFacts,1,1
RealLifeAdventures,1,0
jdate,1,0
werewolf,1,0
KingCrimson,1,1
srbija,1,1
mobiles,1,1
timewasters,1,1
flounder19,1,1
bibleblackclub,1,1
glendoncollege,1,0
deinteresocial,1,1
FraminghamMA,1,0
CelebAMA,1,1
djchip,1,1
Demotivators,1,1
Carlislehighschool,1,1
Neil,1,1
menswearhouse,1,1
Nilbog,1,1
BitcoinBums,1,1
DAEMinecraft,1,0
hairmetal,1,1
Failure_,1,1
JaycraftReddit,1,1
Emotions,1,1
EnduranceTraining,1,0
AlyRaisman,1,0
DivineRPG,1,1
EarlGrey,1,1
Dunfermline,1,1
gen,1,0
horoscopes,1,1
Gift_card_tradeout,1,0
TCD,1,1
masseffectcirclejerk,1,1
TrueConservatives,1,0
KARIM,1,0
CoOpGaming,1,1
pokemontd,1,1
Rideit,1,0
EastPennsboro,1,1
shootings,1,0
alex_murphy,1,1
steamavatars,1,0
wikis,1,1
marylouiseparker,1,1
FURRYFEMBOYS,1,0
Nematology,1,1
patientwatchers,1,1
eztv,1,1
sadtitles,1,1
HardInstrumental,1,0
Jonas,1,1
gamemechanics,1,1
Serpico,1,1
thegreatsunflower,1,1
vanguardtips,1,1
warlizard,1,0
drukn,1,1
drumsamples,1,0
Harlem,1,1
NsfwPanel,1,1
Direwolf20LPS5,1,0
whatdidimiss,1,0
studentaffairs,1,0
Michigents,1,1
animeartists,1,1
KJV1611,1,1
OGBumpyKnucks,1,0
woodyallen,1,1
nswf,1,0
badamazon,1,1
sciencecirclejerk,1,1
Bert,1,1
emit,1,1
nocomment,1,1
SRSlyUGuys,1,1
adultclassifieds,1,1
sml,1,1
Justoffal,1,1
Jonkoping,1,1
Figs,1,0
Dumbsford,1,0
beertits,1,1
baketivism,1,1
FortMill,1,0
SSU,1,1
retailhell,1,1
Halostories,1,1
Braindance,1,1
hurd,1,1
Stratfor,1,1
doyouevenlift,1,1
CAprotips,1,1
PerthAutomotive,1,0
macbook,1,0
50PLUS,1,1
CSUB,1,1
Milford,1,1
per,1,1
FamilyFun,1,1
cooloff,1,1
Muscle,1,1
luakit,1,1
SoftwareDeals,1,1
directory,1,1
crackhorse,1,1
warhammerFAQ,1,0
LoLevents,1,1
noreddit,1,1
warsow,1,1
mildlyfunny,1,1
bashing,1,1
dnbradio,1,1
ETBU,1,0
Oxy,1,0
michiganriders,1,1
Tytan,1,1
GoogleYourUsername,1,0
SmartBuildings,1,1
willferrell,1,1
sticknpokes,1,1
cabins,1,1
TrueRUGC_EUROPE,1,1
MinecraftConspiracies,1,1
animalcruelty,1,1
weekendpaydayloans1,1,1
teleco,1,1
photoit,1,0
EJEF,1,1
PFA,1,1
scottlovesmlp,1,1
TeamMongoose,1,1
DeskCableManagement,1,1
Education_Resources,1,1
PortlandMeshnet,1,1
shrimptank,1,0
Isthisnamegoingtowork,1,1
JulienneSalad,1,1
christiancommunism,1,1
wallet,1,1
carp,1,1
funnykids,1,1
VintageFashion,1,1
originalcringe,1,1
IronAge,1,1
antigriefnation,1,1
oldfamilyphotos,1,0
AnythingGoesDiscuss,1,0
KrisFanClub,1,0
paydayloansnoaccount,1,1
Pickering,1,1
vadodara,1,1
DrTran,1,1
ArxFatalis,1,1
nsfwnsfwnsfw,1,1
needcash,1,1
PixelMoney,1,1
cenk,1,1
nomod,1,1
virgin,1,1
FreidaPinto,1,0
cashloans1hour,1,1
mattcorby,1,1
poetsandpirates,1,1
OCW,1,1
melanierios,1,0
quickfastloan,1,1
lzocxlz,1,1
SoftwareLivre,1,0
strange,1,0
1hoursloansbaltimore,1,1
GMRTranscription,1,1
archcompetitions,1,1
pastnews,1,1
battlepets,1,1
bravemobile,1,1
trueStarcraft,1,0
LanguageNerds,1,1
odinism,1,1
diamondbar,1,1
RedditWriteAnHour,1,1
Woodworkingplans,1,1
pokemom,1,0
gayreads,1,1
AntVenom,1,0
NoFeeSameDayLoans,1,1
loansforwomen,1,1
paulsoaresjr,1,0
lameasstweets,1,1
evecirclejerk,1,0
shinty,1,0
ConspiracyCraft,1,1
CreepyComics,1,1
newworldproblems,1,1
Deutsche_Queers,1,1
Libertarianism,1,0
EDMit,1,1
gnomes,1,1
Superstitions,1,1
bestof2060,1,1
MinecraftAdventures,1,0
SCUBA_CATS,1,1
DediPix,1,1
AndSoItBegan,1,0
minecraftcreepers,1,1
CarmelIN,1,0
USciences,1,1
Marshalltown,1,0
gamerproblems,1,1
Emptiness,1,0
Pocatello,1,1
HangoutMusicFest,1,1
hotforteacher,1,0
tf2serverdrama,1,0
empireearth,1,1
Gas,1,1
VFS,1,1
PsychopompsUnion,1,1
PurdueCommunity,1,0
oficeandfire,1,1
nobodysubscribetothis,1,1
JacobTalmon,1,1
howtoquitreddit,1,1
highpeople,1,0
YNOK2012,1,1
loansforsmallbusiness,1,1
WoWRolePlay,1,1
mylittlevegetarian,1,0
Bengie,1,1
M8ker,1,1
ukloansforunemployed,1,1
sipesgonewild,1,1
bronymeetup,1,1
noone,1,1
williamcolemorris,1,1
totalletdown,1,1
veganhouston,1,1
blockcraftserver,1,1
whereshouldipostthis,1,0
Marysville,1,1
fuckit,1,0
U2Bono,1,1
PaydayLoansColumbia,1,1
light,1,1
trippystick,1,1
MDVC,1,1
gapers,1,1
ringworm,1,1
neptath,1,0
collide,1,1
RoPolitics,1,0
creativetechnologists,1,1
qingdao,1,1
Beatboxing,1,1
Nizam,1,1
dpselfhelp,1,0
okotoks,1,0
KathrynNewton,1,1
ianianianianian,1,1
FishTanks,1,1
HALO3ODST,1,1
30SecondsToMars,1,0
Duckstruction,1,0
Imaginaventor,1,1
ChrisErickson,1,1
Lands_End,1,1
ZombieLit,1,1
trash,1,0
stopsantorum,1,1
hindu,1,0
MonotoneTim,1,0
ifyoudothisfuckyou,1,1
redditcirca2008,1,1
hannahmontana,1,0
gotchabitch,1,0
Exile,1,0
Treesheal,1,0
FantasyBoardGames,1,1
Nsfw_Lesbian,1,1
Summoner_Wars,1,1
lemywincks,1,1
skatethegame,1,0
IHATEBOOOP,1,1
womenofdcu,1,1
skyrimcirclejerk,1,1
Cookies,1,1
BritishRail,1,0
ailments,1,0
GoneDental,1,0
Solidarity,1,1
ConservativeChristian,1,1
Personal_Growth,1,1
scraping,1,1
apostolateband,1,1
Hangdrum,1,1
TheMaddenLeague,1,1
Mansform,1,1
JenovaWarriors,1,1
morejpeg,1,1
steptout,1,0
buikes,1,1
killthebastard,1,0
mylittlevideos,1,0
Graming,1,0
vote,1,1
OldStuff,1,1
revs,1,1
cringethreads,1,1
speakeasy,1,1
Donkeys,1,0
conors,1,0
militarycare,1,1
skypesex,1,1
omgele,1,1
Y2qkl,1,1
CavePorn,1,1
Slenderman_ARGS,1,0
douche,1,0
olimpics,1,1
athiest_gamer,1,1
rutland,1,1
XCOMEnemyUnkown,1,1
NY_Tax_Professionals,1,1
PlayStation2,1,1
TotallyNotTurtlePorn,1,0
MrRaumCimejes,1,1
fans,1,1
arizer,1,1
ChristianBale,1,1
grish,1,0
True_Blood,1,1
bolopop,1,1
princegeorge,1,1
fairviewhs,1,1
vibetothis,1,1
picturesofcabbages,1,1
PartyAnimals,1,0
myfavoritewebcomics,1,1
eli5pics,1,1
trutrutrutrutrutf2,1,1
UKtechnology,1,1
HorseSlaughter,1,1
monkeyinacoat,1,1
SQUIRT,1,1
PussyFitness,1,1
Colby2013,1,1
bologna,1,0
AndresMartinez,1,1
bookdesign,1,1
WesternFilms,1,1
Crazyfairies,1,1
gametrades,1,1
desktopponies,1,1
TeachforAmerica,1,1
hanszimmer,1,1
AnythingGoesHealth,1,1
Keynesian_Economics,1,0
MurderMiners,1,1
ProjectUnbreakable,1,0
ActualKarmaConspiracy,1,1
Wonderbread,1,1
albanian,1,1
OCLions,1,1
DownersGrove,1,1
CrowbarStarcraft,1,1
Chairman,1,0
grails,1,1
houseshows,1,0
Owensboro,1,1
Swampscott,1,1
warzsucks,1,1
dgphotos,1,0
hippo,1,1
coloradomusic,1,0
netjerk,1,1
DeadLikeMe,1,1
AdamSinclair,1,1
Translations,1,0
TheDiamondDominon,1,1
KONY2012,1,1
farfing,1,1
coeurdalene,1,0
NSFWAskReddit,1,0
criminals,1,1
modernist,1,1
swva,1,1
gentlemanraptors,1,1
wellfuck,1,1
blackgifs,1,1
universalstudios,1,1
MinimalisticMusic,1,1
SingleChristians,1,0
WhiteTigerEast,1,1
Metin2,1,1
mylittlefirearms,1,1
Fulham,1,0
NoSoda,1,1
UoAhalls,1,1
readditapp,1,1
midwaygimli,1,1
LANlympics,1,1
txt,1,0
NPH,1,1
Fred,1,1
wallstreet,1,1
snob,1,1
fender,1,1
PlayCAH,1,0
punctuationhelp,1,1
milkshake,1,1
MyLittleScandinavian,1,1
CamilleCrimson,1,1
nevadacity,1,0
DamascusCity,1,1
zakirnaik,1,0
PLTW,1,1
sscirclejerk,1,1
keevtara,1,1
cardgallery,1,0
Worthing,1,1
FriendProject,1,1
any,1,0
miamicirclejerk,1,0
bulls,1,0
palladium,1,1
ShreeyamNET,1,1
readyplayerone,1,0
eszee,1,1
traditionalbluegrass,1,1
Etab,1,1
Granata,1,1
360playdate,1,1
finnandjake,1,1
alphadeltaphi,1,1
clanchem,1,1
blogposts,1,1
Scootering,1,1
RapeFantasy,1,1
whatsfordinner,1,1
kanker,1,1
meepo,1,1
KeyboardRoleplay,1,1
Blackops2tips,1,1
gamingismagic,1,1
peoplewholosethings,1,1
iceboating,1,1
dailyroutines,1,1
TurretTrading,1,1
umineko,1,1
PriestJokes,1,0
MBMBAM,1,0
bushflying,1,1
Purpose,1,1
guideandproSO,1,1
drmremoval,1,1
AriShaffir,1,1
gamerchicks,1,0
RedWolves,1,1
peaches,1,1
3920,1,0
moneymakeover,1,1
Troop2,1,1
MustacheRides,1,1
Meteor,1,1
Heidelberg,1,1
andSec,1,1
acemod,1,1
inyourdreams,1,1
Peabody,1,1
ClubNintendo,1,0
elastomania,1,1
Gyaru,1,0
lupinthe3rd,1,1
atoast,1,1
clivecussleraddicts,1,1
SanLuisObispo,1,0
Spaceducks,1,1
Owlswitharms,1,1
awwtf,1,1
Build,1,1
notveryinteresting,1,0
AskQuestions,1,0
TerroristTown,1,1
757TechLit,1,1
oldschooledm,1,1
likeablock,1,1
cosbysweaters,1,1
Gravity,1,1
melodica,1,1
wscc,1,1
AmateurArt,1,1
Truck,1,0
orderandchaos,1,1
TheXXXdb,1,1
ThisSucks,1,1
icelandicmusic,1,0
swg,1,1
Longwooddr,1,1
MalwareRemovals,1,0
BritishNews,1,1
sweater,1,1
alexandria,1,1
uhv,1,0
ConspiracyHumour,1,1
Assurance,1,1
dilbert,1,1
reunionisland,1,1
low_leg,1,1
SineMora,1,1
ladispute,1,1
panhandling,1,0
Transventure,1,1
paydayloansuk,1,1
TornadoPorn,1,0
nerdsauce,1,0
NothingBetterThan,1,0
universityofsussex,1,1
liveanimalcams,1,1
chocolatelabs,1,1
MyLittleTattoo,1,1
biga,1,1
strawberry,1,1
JAX,1,1
fcleomessi,1,1
Axialtilt,1,1
iamanianaskmeanything,1,0
cases,1,1
minimaltechno,1,0
myreddittattoo,1,1
1000PaydayLoans,1,1
BangorPsych,1,1
apocolypse,1,1
matrimonial,1,1
Klonoa,1,0
kkpsi,1,1
motivateme,1,0
owenisafaggot,1,1
NREcivcraft,1,1
90daypaydayloans,1,1
NobodyCaresDanArcher,1,1
currentlyeating,1,1
GapingAssholes,1,0
TripleTown,1,1
qurans,1,1
cynicism,1,1
reggiewatts,1,1
nosleepworkshops,1,0
cyprus,1,1
streamingporn,1,1
realtrapshit,1,0
BBMPINS,1,0
nil,1,0
RealTrap,1,0
IndiaOnline,1,1
Pocs,1,1
SmiteLFG,1,1
weavesilk,1,1
Valeonom,1,0
BananaCatcher,1,1
1yearloan,1,1
colorreddit,1,1
exosquad,1,1
picsofdeadpuppies,1,0
ColorPhotography,1,1
ManhattanCollege,1,1
WiiUHacks,1,1
mylittleconlang,1,1
wowcirclejerk,1,1
asian,1,1
bmoreclubmusic,1,1
NinthWorldProblems,1,1
Jaffacakes,1,1
IRCDrama,1,0
loansnoteletrack,1,1
BigRoomHouse,1,1
lycraspandex,1,0
PicsOfHammers,1,1
Arachnophobia,1,1
fastcashloan,1,1
littleprinter,1,1
maldives,1,1
Beretta,1,1
GuitarAmps,1,1
owaisrazaqadri,1,1
minis,1,1
nofeeloan,1,1
CharlieBrooker,1,1
randomconversations,1,1
theworldbelongstous,1,1
freshbreath,1,1
blackassdaddies,1,1
rethinkprohibition,1,0
NoFapExperiment,1,1
martinez,1,0
CarlyRoseSonenclar,1,1
gulfislands,1,1
FacebookFacepalm,1,1
F1CircleJerk,1,1
2048elections,1,1
BronyEqualsScum,1,0
Divas,1,0
Monsterpocalypse,1,1
nmedik,1,1
t:zero,1,0
manbearpig,1,0
IntroToGraphTheory,1,0
grandparents,1,1
lacrossestringing,1,1
mcafee,1,1
fictionalstatuses,1,0
actual_WTF,1,0
analtrainingkit,1,1
historicalstatuses,1,0
upvoteporn,1,1
anythingbutWTF,1,1
trainspotting,1,1
vallejo,1,0
feeds,1,1
braininjuries,1,0
popculture,1,0
fetishes,1,0
Hereford,1,1
Aircoaster,1,0
Asktheoreticalscience,1,0
NewGame,1,1
HAM,1,0
PSFLockout,1,1
Technologys,1,1
Doctective,1,1
shittyrelationships,1,1
CoolDesigns,1,1
noobs,1,1
nsit,1,0
whyamiawake,1,1
LamarUniversity,1,0
TorontoPunk,1,1
Erotic,1,0
GrowSomeBalls,1,1
harrypottercirclejerk,1,0
abs,1,0
ukfun,1,1
YouCanHave,1,1
heft,1,0
2plus2,1,0
verdana,1,1
videosynthesis,1,1
dirtyjobs,1,1
YURP,1,1
hgf,1,1
askadog,1,1
NewMMORPGs2013,1,1
IWBTG,1,1
terrehaute,1,1
simonpegg,1,0
danicapatrick,1,1
WhatIDontGet,1,1
StreetMusician,1,1
MangaArchive,1,0
noawake,1,1
Flex,1,1
shittylifehacks,1,1
samijackson,1,0
fucktheteemo,1,1
danbo,1,0
AskCooking,1,0
SilverLegion,1,0
rWarriors,1,1
ultravenience,1,1
hearses,1,1
jirclecerk,1,1
VintageBabies,1,1
dubaimarina,1,1
secret_crush,1,1
apt1222,1,0
DrunkenJedi,1,0
spinningtriangles,1,1
nohelp,1,1
javure,1,1
OmfgCata,1,1
indiaisashithole,1,1
snake,1,1
Kanon,1,1
IndianAutos,1,1
humbug,1,1
AntiBronies,1,1
MinecraftXboxHelp,1,1
poopadoop,1,1
Schizoid,1,1
nzmemes,1,1
Sunny_McJoyride,1,1
DIYbio,1,1
rctfan,1,1
likeaboss,1,0
Santee,1,1
winjs,1,1
starcat,1,1
amazonprime,1,1
IsItWorthIt,1,1
backproblems,1,1
soundsgood,1,1
skiboards,1,1
5thHrPhysicCommiuity,1,1
StonyBrookCirclejerk,1,1
CLASS,1,0
ltah,1,1
PornReview,1,1
bad_novelty_accounts,1,1
IchallengeYou,1,0
exancaps,1,1
westhartford,1,1
LeopardGecko,1,1
musichistory,1,1
ladyseddit,1,0
Yeoldebasement,1,1
PopPop,1,1
thissubdoesnotexist,1,0
cellphones,1,1
BananaPorn,1,1
stationeryporn,1,1
edstone,1,1
AskScienceCircleJerk,1,1
pcars,1,1
widget,1,1
ojai,1,0
BlackHandSide,1,1
Fairy,1,0
infopath,1,1
MetsuHadoken,1,1
fallofconfessionbear,1,1
PizzaDrivers,1,1
paladinia,1,1
BuffaloWildWings,1,1
reckful,1,1
AnimePunx,1,1
Bloodhoundgang,1,0
vancouvercivics,1,1
LambdaChiAlpha,1,1
RazorQT,1,1
LEGAL_TEENS_2,1,1
train,1,1
organogold,1,1
NeuralNetwork,1,1
uppcsoc,1,1
ShitReditSays,1,1
HighlandGames,1,1
BLOOMdot,1,0
NYAN,1,1
VanMorrison,1,1
windturbines,1,1
mobies,1,0
njhiking,1,1
Traxxas,1,1
mediaart,1,1
Serge,1,1
Bea,1,0
theDarkness,1,1
ohno,1,0
wwi,1,1
manvswoman,1,1
Mortgages,1,1
kitchenly,1,0
Peer_Edit,1,1
Homebuilding,1,1
everythinggoes,1,0
Netherworld,1,0
fearworld,1,1
sagacomicbook,1,1
AlfaRomeo,1,1
AHP,1,1
fatprincess,1,0
bosna,1,1
voe,1,1
Netherspawn,1,1
funnycats,1,1
ChrisHemsworth,1,1
lva,1,1
lonesome,1,1
thanks,1,0
deathclub,1,1
cell,1,1
haxel,1,1
DjHero,1,1
NOSIMPSONS,1,0
malestyle,1,1
eglinafb,1,1
ITP,1,0
ArsenicCatnip,1,0
sybian,1,1
LauraMarling,1,1
mylittleatheists,1,1
Warfare,1,1
ultrarunning,1,1
LakeErieMonsters,1,1
genmay,1,1
badidea,1,1
team_latin,1,1
Thetaxi,1,1
HGTV,1,1
Papers,1,1
elevatorpitch,1,1
brikwars,1,1
armchairphilosophy,1,0
ironiridis,1,0
wetandwild,1,1
nycmeshnet,1,1
WomenInScience,1,1
TedCruz,1,1
BGCharactersofArthur,1,0
IAmNumberFourFans,1,1
shittybestofreddit,1,1
thingstolivefor,1,1
WorldWarII,1,0
HappyTrees,1,1
BathtubsGW,1,0
scifiroleplayforeddit,1,0
ClassicToys,1,0
GermanFood,1,1
ilovesweaters,1,0
Ragememes,1,0
masculinities,1,0
onpaul,1,1
555,1,1
Dramione,1,1
british,1,0
crallium,1,0
Pyrotechnics,1,1
DreamGirls,1,0
GcKS,1,1
Cosmetics,1,1
GEB,1,1
ECW,1,0
OneonOne,1,0
FoodRunner,1,1
gonewildgrannypajamas,1,1
PRAEZ_Clan,1,1
mylittlegeology,1,0
flatland,1,1
Phonegap,1,1
zetabee,1,1
Entretenimiento,1,1
creditunions,1,1
experimentstodo,1,1
2ndamendment,1,0
PVCBowyer,1,1
uotampa,1,0
graduateprograms,1,1
AoABlack,1,1
MordorHQ,1,1
roc_hengelo,1,1
Magusta,1,0
sip,1,1
aggrotech,1,1
StopPoopingYourPants,1,1
Darksoulsrule34,1,1
NINE_SLASH_ELEVEN,1,1
nopictures,1,0
informative,1,1
pentametacanada,1,1
reedcon,1,0
Liberals,1,0
Clonezilla,1,1
TheThirdAge,1,1
granny,1,1
Coolstuf,1,1
prostitutionstories,1,1
mitchsbrotherisacunt,1,0
MLBShowdown,1,1
mtgalters,1,1
Nerdfighteria,1,1
Microwaves,1,0
BOA,1,1
meatporn,1,1
iwillcumonyou,1,0
ScienceQuestions,1,1
thingstomakeyoudrool,1,1
GetSmarter,1,0
russianmetal,1,1
Randallhigh,1,0
Menieres,1,1
BuriedAlive,1,1
edify,1,0
GlosCraft,1,1
discporn,1,0
redstrype,1,1
newGifNSFW,1,1
truebirdswitharms,1,1
nudechicks,1,0
ItalianFood,1,1
programmer,1,1
KansasUniversity,1,1
ftbServers,1,1
wash,1,1
ytknows,1,0
Animatronics,1,1
origins,1,0
castlebar,1,1
Quincy,1,0
macanudo,1,1
Shareyourface,1,0
Fucktard,1,1
marketin,1,1
WesternMA,1,1
AttentionWhores,1,1
PortAugusta,1,1
AjnabiiBlogging,1,1
CoachellaValley,1,1
nealstephenson,1,1
sikhism,1,1
bobross,1,1
group_help_dating,1,0
truefrance,1,1
poquitomas,1,1
Kwanzaa,1,1
nerdpokerpodcast,1,1
CircleOfFuckers,1,1
quitdrinking,1,1
BeverageIndustry,1,1
heathenry,1,1
fuckingretarded,1,0
NEEDTOBREATHE,1,1
tradecraft,1,1
DacvakHatesFreedom,1,1
KritzKast,1,1
indev,1,1
OccupyDouglasCounty,1,1
gasmasks,1,0
lawrenceu,1,1
maids,1,1
demondeacons,1,1
dotsos,1,1
JORGE,1,1
weightlossforwomen,1,1
JackJohnson,1,1
lcfc,1,1
torbidreality,1,1
SpookyStories,1,1
4WDNZ,1,1
pern,1,1
EngineeringBloggers,1,1
FreedomWeaponry,1,1
Allergy,1,1
turfing,1,1
productreview,1,0
Hayfever,1,1
sellethore,1,1
HereToHelp,1,0
EMF,1,1
AfroTraditionalist,1,1
Heartbroken,1,1
ShareYourDreams,1,1
KoolKatKlan,1,1
mildlyfail,1,1
voxels,1,1
Betterverse,1,0
uredditchemistry,1,1
Philosoraptor,1,0
titanrock,1,1
LearnSomethingNew,1,0
shouldicallthecops,1,1
algaculture,1,1
cybersecurity,1,1
1hourpaydayuk,1,1
Designing,1,0
ReneeOlstead,1,0
FridgeCat,1,1
CivCraftColumbia,1,1
Railroad,1,1
swtor_roleplaying,1,1
zackassay,1,1
Reno911,1,1
WarriorsofHanuman,1,1
doorknob,1,1
Age,1,1
Fanhideout,1,1
Gloomporn,1,1
motiongraphics,1,1
ApeXClan,1,0
DamnitKennedy,1,1
Invite,1,1
DFTBA,1,1
betafish,1,1
CivcraftSecurity,1,1
Bobsaget,1,1
grandtheftauto5,1,1
shibumi,1,1
bitcoinaustralia,1,1
TaissaFarmiga,1,0
VOSINH,1,1
harlansucks,1,1
hairyarms,1,0
giner,1,1
theeconomist,1,1
ROMCentral,1,0
Taxdepreciation,1,1
Brockport,1,1
HotYoga,1,0
ArtAndCraftIdeas,1,1
Unity3d_help,1,1
nommit,1,1
customs,1,1
Merced,1,1
Motioncitysoundtrack,1,1
Falconry,1,1
TMBR,1,1
DefianceGuilds,1,1
blacksreviewmovies,1,0
uofsouthdakota,1,1
banana_buddy,1,1
AvatarRP,1,0
JumperCut,1,1
thepublicblogger,1,1
OldSchoolHipHop,1,1
BrutalMoosketeers,1,1
catfishing,1,0
Toyota86,1,1
wearewaiting,1,1
Bushwick,1,1
modevaluation,1,1
Circleshlick,1,1
fuckthisshit,1,0
ASMS,1,1
RIBuildingDesign,1,1
BigClits,1,1
seXXXit,1,1
Camus,1,1
wineporn,1,1
Rappahannock,1,1
macrophoto,1,1
CharlieThePotato,1,1
empowernetwork,1,1
Kimgonewild,1,1
LeonardoDiCaprio,1,1
fandom,1,1
danigonewild,1,0
whereshouldibe,1,1
Stoves,1,1
vaginalcrevicecrust,1,1
AgainstMe,1,0
HudsonValleyAirsoft,1,1
Lockhart,1,0
oldschool,1,0
thesoup,1,1
kayopolice,1,1
runetnews,1,1
mindcrackmeetup,1,1
elizabethbanks,1,0
Sociolatte,1,1
futurebass,1,1
Monaghan,1,0
EeePC,1,1
HollyJollyChrsitmas,1,0
pranking,1,1
SRSshill,1,1
Vackra,1,1
Thunderstone,1,1
RedditOSXGuide,1,1
ihateben,1,1
neosoul,1,1
bestofstandup,1,1
ClevelandOhio,1,0
renaissanceman,1,1
facialhair,1,1
entsgonewild,1,1
DFWseddit,1,1
emulatorhelp,1,0
catpawtouches,1,1
MinecraftTalk,1,1
meltyblood,1,1
nailbiting,1,1
portofoog,1,0
consoleequality,1,0
devry,1,1
oakville,1,1
pornsource,1,1
HTF,1,1
iliekronpaul,1,1
truuu,1,1
5slicesdeep,1,1
KarmaKarmaChameleon,1,1
RegretfulSexStories,1,1
Gays,1,0
treess,1,0
SRSGirls,1,0
socialbiz,1,1
PokemonHistoryRaps,1,0
Streettogs,1,0
LDR,1,0
TeaganPresley,1,1
boring,1,0
tfw,1,1
denko,1,1
MinecraftAPI,1,1
crayons,1,1
pulledchickensandwich,1,1
astroph,1,1
HaloWars,1,1
TUTI,1,1
zappbrannigan,1,1
jamiroquai,1,1
guitartuts,1,0
ExCinereSurgimus,1,0
Lurkers,1,0
reu3,1,1
JJBA,1,0
approvedsubmitterjerk,1,1
Roosterteethgames,1,0
Kiva,1,1
TCgaymers,1,0
pasting,1,0
graemehigh,1,0
Homes,1,1
karkat,1,1
nimsv,1,1
web_dev,1,0
SimpCSS,1,1
Mechanictalk,1,1
kinectdev,1,1
MR_WITTY_RESPONSE,1,1
musicintro,1,0
GameShare,1,0
Stars,1,1
upskirtpics,1,1
randomactsofchipotle,1,1
complainandrage,1,1
angrycats,1,1
simpleopenni,1,1
convswervative,1,1
mylittlebuttsecks,1,0
Squamish,1,0
flower,1,1
Masterbate,1,1
thescholarship,1,0
FDP,1,1
PiePorn,1,1
ironkingdoms,1,1
chopped,1,1
indiefilmmaking,1,1
OMGSooMuchPorn,1,1
heisman,1,0
director,1,1
page,1,1
ccnp,1,1
archbishopmitty,1,1
Ganondorf,1,1
fightinggames,1,0
Notebook,1,1
skapunk,1,1
KaydenKross,1,1
treesnews,1,1
homebirth,1,1
fooddeformities,1,1
timeteam,1,1
PhillyRoommates,1,0
Paws,1,0
DirtyClean,1,0
sots,1,0
kangaroo,1,0
bathroomgraffiti,1,1
Money_Making_Programs,1,0
HunkyLadyBoners,1,0
BatmanCircleJerk,1,1
CUNT,1,1
DaytonFlyers,1,1
soup,1,1
blockcommunity,1,1
oklahomaswapmeet,1,1
UberStrike,1,1
ArthurDarvill,1,1
area_51,1,1
gooddeed,1,1
MetalBallads,1,1
FTPWGM,1,1
ed_edd_n_eddy,1,0
diaryofawimpykid,1,0
M4F,1,1
areafiftyone,1,1
RawInnocence,1,0
league,1,1
vandygw,1,0
ceremonies,1,1
mxpx,1,1
TIFT,1,1
nffc,1,1
tbrp,1,1
christensenacademy,1,1
STE,1,1
Libraryporn,1,1
ObligatoryCraft,1,1
wheresgeorge,1,1
UPS,1,1
lilrick,1,1
youhadtobethere,1,1
XavierRenegadeAngel,1,1
pedophilia,1,1
OceanShores,1,0
ProvidEnts,1,0
ahmed,1,1
stillactive,1,1
SleevedPSU,1,0
Cosby,1,0
HL2EP3,1,0
babybooks,1,0
ancientmysteries,1,1
FenderForum,1,1
RestInPeace,1,1
ephemera,1,1
OttawaBallers,1,1
Bestof2083,1,1
nosheep,1,1
Jennifer,1,1
thanksmustachio,1,1
revolutionnews,1,0
schizophrenics,1,1
bestof2090,1,1
HitmanRedemptionBook,1,1
winetrade,1,1
NativeAmericans,1,1
TheIdeasCooperative,1,1
stew,1,0
GuysJustineHasntDone,1,1
SpaceSlothGaming,1,0
fifthworldwinning,1,1
dota2suggestions,1,1
KoreaDPR,1,1
ipadfap,1,1
pornforgirls,1,0
drdoom,1,1
republicofcupcakes,1,1
SQLAlchemy,1,1
bestof2019,1,1
TerrariaProTips,1,1
Stalingrad,1,1
HDGoPro,1,1
portorange,1,0
Brookie,1,1
huntersthompson,1,1
MosinNagant,1,1
SpaceWallpapers,1,1
diypedals,1,1
IdeaWave,1,1
ftw,1,1
Vincinea,1,1
funditt,1,1
Humping,1,0
ohioplayers,1,1
CaliforniaGoneWild,1,0
ploom,1,0
shybladder,1,1
BrokenPillars,1,1
chukmag,1,1
rebus,1,1
douchecanoe,1,1
thoughtbubbles,1,0
1995,1,1
fec1958livecom,1,1
Merp,1,1
Obnoxiousjerks,1,1
fragilex,1,1
bestof2018,1,1
SonataArctica,1,1
GhostReddit,1,1
STDH,1,1
stupidshit,1,1
OpenSourcePhilosophy,1,1
thewetterthebetter,1,1
SaintCloudMinnesota,1,1
deathgifs,1,0
BBNG,1,1
ratethatplayer,1,0
Scapeplan,1,1
MDK,1,1
joshspornopics,1,1
Rhymesayers,1,1
WEBSEARCH,1,1
pipeclub,1,0
endocrinology,1,0
content,1,1
MostlyModest,1,1
BGK,1,0
soapbox,1,1
BUTCHER,1,1
wheredidthecierago,1,0
israelimusic,1,1
Georgegifs,1,1
bbcmicro,1,0
Copyediting,1,1
StarDoLL,1,1
ADH,1,1
gothproblems,1,1
Wastelandmod,1,1
fatshots,1,0
Whiskeyplates,1,1
NFLPlayers,1,1
ParallelKingdom,1,0
DieForDethklok,1,0
LivingAlone,1,0
udinese,1,1
cheatday,1,1
left4dead2,1,1
orcsmustdie2,1,1
gingercats,1,1
puredata,1,1
Martial_Industrial,1,0
graffiticreator,1,1
Nathan,1,0
epicsystems,1,1
darules,1,0
starcraft1,1,1
hous,1,1
badGames,1,1
helden,1,1
FeedForward,1,1
TC4400,1,1
gametrailers,1,1
portugueseliga,1,1
All_Right_Gentlemen,1,0
Draws_Username,1,0
gaywalrusporn,1,1
StrangerThanFiction,1,1
truecirclebs,1,0
DeniseRichards,1,1
thebackdoor,1,1
AutoDIY,1,0
HarryPotterGoneWild,1,1
NCMS,1,1
drink,1,0
DFWart,1,1
Happytosay,1,1
FacesofNotch,1,1
stunting,1,0
r4rNC,1,0
Trampolinenstuff,1,0
volstate,1,0
derbyjs,1,1
experimentalsandwich,1,1
CatsWithHats,1,1
ghostintheshell,1,1
CosaNostra,1,0
Govtjobs,1,1
Scanner,1,1
vinegar,1,0
microsoftsucks,1,1
Pretoria,1,1
HomeBasedBusiness,1,0
RedEclipse,1,1
Trickfist,1,1
EredonTerrace,1,1
Robert,1,1
Salesman,1,1
MylittleAnthro,1,1
homesecurity,1,1
CelebrityNamePuns,1,1
BingCrosby,1,1
redditcoversongs,1,0
roommates,1,0
mlresearch,1,1
originalmusic,1,1
ShitSerenaSays,1,1
Moncler,1,1
drumcorpsmemes,1,0
pubs,1,1
mbta,1,1
BookReview,1,1
oversaturatedshelves,1,1
indigenousrights,1,1
fuckingmachines,1,0
Bryce,1,1
wehateprogress,1,1
111,1,1
CrimethInc,1,1
toobrave,1,1
onetruesweater,1,1
Finalfantasy6,1,1
Regulators,1,1
teasedenial,1,1
skateshoeswap,1,0
narutofanart,1,1
manhattan,1,1
SKankakee,1,1
melodicrock,1,1
sextoyreviews,1,1
KeepAustinWeird,1,1
ibiza,1,1
DefenseGrid,1,0
lytro,1,1
ActualEagles,1,1
erfworld,1,1
AmericaLovers,1,0
jfircmusic,1,1
Mageia,1,1
litecoinforum,1,1
Blogaffair,1,1
rpac,1,1
SeattleWA,1,1
Con,1,0
MultiTheftAuto,1,1
SteveMartin,1,1
brianappreciationday,1,1
granturismo5,1,0
smalltalk,1,1
skycraft,1,1
RCHobby,1,1
udayton,1,1
GayBearStories,1,0
gag,1,1
Defqon,1,0
NotSafeForWallet,1,1
leakr,1,1
audible,1,1
Rosacea,1,1
Rainbowsixpatriots,1,1
FrogMan,1,0
ncgaymers,1,1
nordschleife,1,1
guessmycrypto,1,1
DeepPurple,1,1
hentaifemdom,1,1
littles,1,0
veteran,1,1
ApocalypsePlan,1,0
fantasysports,1,0
sloganmaker,1,0
trial,1,1
umsfs,1,1
ggtv,1,1
Eskimos,1,1
Jildecirclejerk,1,0
comp_chem,1,1
FCJRepost,1,1
redditdrawnwild,1,0
ridgecrest,1,1
snarkypants,1,0
Thyregard,1,1
factcheck,1,0
HomemadePorn,1,1
Doughnuts,1,1
Abandon,1,1
Toscanini,1,1
PurePwnage,1,1
Fozzie,1,1
EpicDuel,1,1
ducktollers,1,1
medications,1,0
Draining,1,1
editorials,1,1
batmanbegins,1,1
freedesignresources,1,1
ses,1,1
sancarlos,1,1
netaudio,1,1
sophiehoward,1,0
Desis,1,1
nostradamus,1,1
WeissSchwarz,1,1
Karmachameleons,1,1
HitmanContracts,1,1
Fartcry,1,1
bestofhubski,1,0
Montecarlo,1,1
kierkegaard,1,1
uthgard,1,1
synology,1,1
Teddybears,1,0
bandra,1,1
Blowjobvideos,1,1
LoLNorth,1,1
SadLoveStories,1,0
classic,1,0
TheDirty,1,1
Middle_reddit,1,1
deepdickings,1,0
sphynx,1,1
AndrewLuck,1,0
Banned_Episodes,1,1
miui,1,1
belarus,1,1
srsdiabetes,1,1
GreensworthSucks,1,1
Hemochromatosis,1,1
SDbusinessdirectory,1,1
creed,1,0
Bushwalking,1,1
WarPorn,1,0
antisocial,1,0
Geelong,1,1
girlscouts,1,1
KateWinslet,1,1
karmachameleon,1,1
consequences,1,0
JDorama,1,1
GayChristians,1,0
jackblack,1,1
Entartung,1,1
maxssubreddit,1,1
middlereddit,1,0
twomonthpaydayloan,1,1
sharktank,1,1
Sadisticsanity,1,1
BraveryJerkJerk,1,1
patriceoneal,1,0
Sporks,1,1
mil,1,1
Fappy_Stories,1,1
nobledead,1,1
lostpet,1,0
Bone,1,1
instrumentaldjent,1,1
suites,1,1
hobart,1,1
Kyrgyzstan,1,1
channels,1,1
419,1,1
Colin,1,1
manlyfashionadvice,1,1
wreckitralph,1,1
joetallarico,1,1
tiamsd,1,0
Lefty,1,1
salam,1,1
Composers,1,1
HolidayExtravaganza,1,1
bankrobbers,1,0
olean,1,0
figma,1,1
aoeuidhtns,1,1
Ftiness,1,1
epic_comebacks,1,1
clopchat,1,1
FreeTenders,1,1
EntsInTents,1,1
ketodeals,1,1
Pingpongang,1,1
watchs,1,0
typo,1,1
Southstage,1,1
AwesomeDesign,1,1
Terriblyamazing,1,0
smart,1,0
Wutheringheights,1,1
kampfer,1,1
pygmies,1,1
lefties,1,1
specialeducation,1,0
billgates,1,1
RobloxOT,1,0
SSBM,1,0
aitoo,1,1
whathastheworldcometo,1,1
Denison,1,0
Kserver,1,1
Lightbulb,1,0
GoneWhaled,1,1
PhotoArtPenPals,1,1
installmentchicago,1,1
PlacesToGo,1,1
Doleh,1,1
financialaid,1,0
NumberExchange,1,1
ScriptureandTradition,1,1
tantricsex,1,1
MontgomeryAL,1,1
Ingsoc,1,1
Homesteading,1,0
VirtualPiano,1,1
SkyrimConspiracies,1,0
pizzas,1,1
livetour,1,0
stupidclarityclare,1,0
bedrocklinux,1,1
mfgg,1,1
lgbtdc,1,0
ASPL,1,1
lockerz,1,1
shittyprotips,1,1
LPminecraft,1,1
ukiah,1,1
procrstn8,1,1
BauerUK,1,0
sant_mat,1,0
PakistaniAtheists,1,1
ElectricGuitarists,1,0
PureUpVotes,1,1
VOGONPORNOGRAPHY,1,1
XISLE,1,1
touhous,1,1
Kent,1,1
Bongs,1,0
Chambray,1,1
AlysonStoner,1,0
truegonewild,1,1
EnclosedEcosystem,1,1
obinsoncenter,1,1
oceanicsideas,1,1
AppRequest,1,1
enchilado,1,0
Paleobiology,1,0
hattrick,1,1
kristoffer,1,1
Aardwolf,1,1
AskMeAboutMyPenis,1,0
davequinn,1,1
StudioGhibli,1,1
rockinoppositon,1,1
jenamalone,1,0
WikiDiving,1,1
WhoGifts,1,1
YordleLovers,1,0
HBCU,1,1
sydneyriders,1,1
Carlos,1,1
legend,1,0
Advices,1,1
Ethan,1,1
HistoricalBoardgames,1,1
X12,1,1
Dead,1,0
360mcpvp,1,0
Krokodil,1,1
Redballoonesque,1,1
OdysseyCraft,1,1
nycbeer,1,1
bttf,1,1
scienceresearch,1,1
battlecomics,1,0
GirlsonCam,1,1
redditreddit,1,1
HairyTruck,1,1
overlanding,1,1
treed,1,0
poole,1,1
Frakheads,1,1
I_Fight_Dragons,1,1
Advice_Animals,1,1
metalanguage,1,1
parecon,1,1
art_science,1,0
BrittanySpaniel,1,1
WastelandTales,1,1
Controllers,1,1
Dopeness,1,1
nuke,1,1
Farkchat,1,1
preaching,1,1
talesfromtheRA,1,1
HeadHeartHandsHealth,1,1
BreakingBenjamin,1,0
JDM,1,1
ThisIsSeth,1,1
thinktank,1,1
jurrasicpark,1,0
positivevibes,1,1
computerarchitecture,1,1
AdviceMutants,1,0
JasonLow,1,1
BadDrawings,1,1
Workspace,1,1
HellzoneClan,1,1
planetsgonewild,1,1
Brock,1,0
mensplayground,1,0
OfficialK4G,1,1
churchofpootis,1,1
Muhammad,1,0
AmoghGoneWild,1,1
gaysexxxvideos,1,1
livonia,1,1
YummyAss,1,1
Cashsotf,1,1
explainitlikeimhigh,1,1
Coverville,1,1
FairViewServer,1,1
beautifulonions,1,1
15hlgw,1,1
scottsville,1,1
bureaucracyporn,1,0
stuntbike,1,1
Butler,1,1
nedercraft,1,1
Gemstones,1,1
homebrewingdiscussion,1,1
namapo,1,0
Riddle,1,0
schlumberger,1,1
Videos4btc,1,1
DunderInDevelopment,1,1
mexicotoosoon,1,0
cyborgs,1,0
Fin,1,1
onenightstands,1,1
ImBrenan,1,1
swtorBastion,1,1
braddoingbradthings,1,0
bestof2088,1,1
corridos,1,1
Rickrolldarchives,1,1
NSFWModels,1,0
soberatheists,1,1
FridgeWorldProblems,1,1
illegalteens,1,1
CraftsPhysics,1,1
ccsvi,1,1
celebs_eating_dogs,1,1
suckmydickmattcleary,1,1
TGirl_Tube,1,0
mylittlehaters,1,1
CanadianMaritimes,1,1
occupyOakland,1,1
HallofBens,1,0
golfcirclejerk,1,1
TorontoSeduction,1,1
victorinox,1,0
RBP,1,1
gayMRA,1,1
Usedgamereviews,1,1
Cucumber,1,1
startupideas,1,1
TeenagerMusic,1,1
5one9,1,1
mix,1,1
ChronosHacks,1,1
mlpoc,1,0
HotGuys,1,1
samplespiders,1,0
queerottawa,1,1
Casarotto,1,1
holyshit,1,0
isfj,1,1
HitchhikersRobotics,1,0
MontrealGangbangClub,1,0
shittypuns,1,1
RugbyCircleJerk,1,0
beastwars,1,1
SeniorCats,1,1
AntiBronyBrotherhood,1,1
peepee,1,1
ffffffffuuuuuuuuuu,1,0
bestof2087,1,1
Ideas2Reality,1,1
assimg,1,1
PlatformTennis,1,0
LIAG,1,1
telco,1,1
keurig,1,1
MyChemicalRomanceFanz,1,1
SickAnimation,1,1
t:1942,1,1
Snoopeh,1,0
pomodoro,1,1
wave,1,1
GoldenDawn,1,1
fridges,1,0
ShitIDontCareAbout,1,1
contracts,1,1
erialalal,1,1
failmemes,1,1
gregboggs,1,1
TrypoTriggers,1,0
dubstepmixes,1,1
FemaleVocals,1,1
UKUltimate,1,0
faproulette,1,0
Campbell,1,1
budtrade,1,1
GtownHighStudy,1,1
GirlCrush,1,0
kaamelott,1,0
bandofhorses,1,1
catboys,1,1
iolanguage,1,1
westernisles,1,1
burritos,1,1
Sanctum,1,0
confrontation,1,1
Brewster,1,1
literarytheory,1,1
lebowskiisms,1,1
Quesnel,1,0
TIAFU,1,0
VintageErotica,1,1
LewisvilleTX,1,1
smarttravelinfo,1,1
MCTaliwood,1,1
unamusedallyn,1,1
timbrecoup,1,1
Mulock,1,0
Jeffler,1,1
2oh4,1,1
mysore,1,1
MyLittleDayZ,1,1
femdomcaptions,1,1
Factoids,1,1
Hemingway,1,1
FWFP,1,0
IrishGameDev,1,1
Mysteries,1,1
freeboarding,1,1
MetaTrueReddit,1,1
DieAerzte,1,1
chicagosailing,1,1
wrightstate,1,1
letterpress,1,1
postrockers,1,1
tinyobjects,1,1
toystory,1,1
ElizabethWarren,1,1
picsofcaseysleeping,1,0
AlbumCovers,1,1
TheWalkingDeadComics,1,1
crimewriters,1,1
LowHangingBalls,1,0
memesandfriends,1,1
foryou,1,1
Gollums_Cave,1,1
rebetiko,1,1
chanclas,1,1
iwanttogothere,1,1
Pipe,1,1
Rennes,1,0
drawmysubreddit,1,1
FeedTheBeastModPack,1,1
askstupid,1,1
TheAfterDisaster,1,1
ncbronies,1,0
NAACP,1,1
Austinsucksdick,1,1
bitchclique,1,1
mylittlephotoshopduel,1,0
HillClimbRacing,1,0
goneseries,1,1
variety,1,1
Poilitics,1,1
cynical,1,0
daydream,1,1
Consumerism,1,1
AaronRoller,1,1
sierravista,1,0
musicstoreworkers,1,1
GMO,1,1
testtesttest,1,0
voter_apathy_party,1,1
djay,1,1
AshtonGripes,1,1
ZeeklerRewards,1,1
aperson,1,1
HandmadeBooks,1,1
robottodayilearned,1,1
BarelyNoteworthy,1,1
hmmm,1,1
tallinn,1,0
AerospaceEngineering,1,1
nosecum,1,1
Pepsi,1,1
businessnews,1,1
Minecrafthowtos,1,1
disco_biscuits,1,1
wonders,1,1
sqfl,1,0
failedacidartwork,1,1
Gregory,1,1
Seiko,1,0
BalloonAnimals,1,1
relevantsubreddit,1,1
FawnGrove,1,0
LI5,1,0
Anathema,1,0
legendarywhitebunny,1,1
TWiTGameOn,1,1
bostad,1,1
counseling,1,1
billboard,1,1
hwachong,1,1
BlenderQc,1,1
Palms,1,0
KindLend,1,1
Igetitnow,1,1
necromunda,1,0
DapperAnimals,1,1
AtheismHumor,1,1
essentialoils,1,1
peanutallergy,1,1
CREST,1,1
mattpahuski,1,1
COOP,1,1
nanonote,1,1
deaths,1,1
irishdroids,1,0
FreeHugsBorderlands,1,1
MariettaOH,1,1
Metacringe,1,0
metalwork,1,0
tilted_skies,1,1
OptimusG,1,1
rosehulman,1,0
Sade,1,1
RejectedGiftsExchange,1,1
aphorisms,1,0
OlympiakosFC,1,1
perfectgifts,1,1
darcs,1,1
grossepointesouth,1,1
theknife,1,1
Just4Christians,1,1
NudeVideoClips,1,1
Where_I_Live,1,1
japanav,1,1
Disapprovalmon,1,1
TravelTips,1,1
Funny_Videos,1,1
danskeproblemer,1,1
Hate_Crimes,1,1
TrueRedditNoPolitics,1,1
Constants,1,1
schrobby,1,0
Luminaire,1,1
TopEverything,1,1
Qt5,1,1
coasttocoastam,1,0
gybe,1,1
AskParrot,1,1
NickBouwhuis,1,1
Russianhistory,1,1
bribieisland,1,1
HellBoy,1,1
GTASA,1,1
skywind,1,1
TheNoerdyServer,1,1
sexy_links,1,1
MCHungergames,1,0
WomenInUniform,1,0
destiel,1,1
kandigirls,1,1
newsforgays,1,1
popcorn,1,1
MusicFinder,1,1
limbogame,1,0
building,1,1
CHOOSE,1,1
Wooster,1,0
AmandaMichalka,1,1
nohomo,1,0
ColumbusGaymers,1,1
Simulations,1,1
hotkeys,1,1
shittracekillsays,1,0
PokemonVGC,1,1
DesignHub,1,1
ppi,1,1
Presentation,1,1
codeigniter,1,0
KingsRoad,1,1
thomas01booth,1,1
solarpower,1,1
FindMeJames,1,0
TrustMeImAnEngineer,1,1
LondonBookClub,1,1
TesticlePain,1,0
PSMF,1,1
uksamedayloans,1,1
caca,1,1
wtf2012,1,1
tfxsoft,1,1
smallbadcreditloans,1,1
BusinessWoman,1,0
badcreditjointloans,1,1
8bitMMO,1,1
dammit,1,1
RomeSweetRome,1,0
monthlypaydayloans,1,1
NewAlbany,1,1
lolfuckyoumarsha,1,1
zombiesurvival,1,1
BigFinish,1,0
Howtosurivezombies,1,1
agameofdwarves,1,1
fastsmallloans,1,0
FranchiseTips,1,1
HunterSyndrome,1,1
Streator,1,0
TheDresdenFiles,1,0
franchise,1,1
Binghamton,1,1
whoami,1,0
Recruitment,1,1
fc3,1,1
rlquests,1,1
RideTampaBay,1,1
archage,1,1
Recon,1,0
outstruments,1,1
mono,1,1
RacistReddit,1,1
PeaceCountry,1,1
homeswap,1,1
eKupi,1,1
smallwebsite,1,0
hjalmarmedia,1,1
LauraMarano,1,0
nailbitersanonymous,1,1
Tuner,1,1
saratogawoods,1,1
BitF,1,1
SexyShemales,1,1
atheistgems,1,1
contra,1,1
jjjjj,1,0
batik,1,1
CelebrityImages,1,1
MotherMother,1,1
Accountabilibuddies,1,1
kosovo,1,0
SubForEverything,1,0
picsofmegansleeping,1,1
UnderWaterPorn,1,0
slamdunk,1,1
onetruetim,1,1
Muzykal,1,1
foreverlessoneday,1,1
rootedandunlocked,1,1
OnePieceGirls,1,1
ACK,1,1
Freudianslip,1,1
Livros,1,1
ignostic,1,0
InstantSameDayLoans,1,1
amalur,1,1
ccsf,1,1
iptables,1,0
InvertedNipples,1,1
MechanicalEngineer,1,1
CapeMay,1,0
Bestof2069,1,0
everclear,1,1
SaySomething,1,0
TreesofNC,1,0
Minecraft_Mods,1,1
ShitKoreanTerranSays,1,1
kryptocraft,1,1
Weekend,1,1
Cans,1,0
IsabelMarantSneakers,1,1
Burberry,1,1
FMCHouston,1,0
justrealized,1,0
Garmin,1,1
longlegs,1,1
wellesley,1,1
giftcards,1,0
elmo,1,1
opisnotafag,1,0
DreaditCollaboration,1,1
shitottersdo,1,1
santanms,1,1
Hatperson,1,1
heidiklumsbangs,1,1
DCUO,1,1
amandahhh,1,0
Jimi_Hendrix,1,1
cairnterrier,1,1
rugc_mwc_gonewild,1,0
OTI,1,0
alone,1,0
bestof2015,1,1
Halo_Customs,1,1
whitegirlproblems,1,0
Tohnochan,1,1
Musix,1,0
Riverside,1,1
Planes,1,1
AshleyLeggat,1,1
foodindustry,1,1
whattowear,1,0
sadbuttrue,1,1
CSR,1,1
Atavista,1,1
AfricanMusic,1,1
gentlemanbonersgw,1,1
RachelBilson,1,1
Vampire,1,1
ShittyAppleEarthPorn,1,0
thecult,1,1
GoneHoot,1,0
skateboards,1,1
historicallyhandsome,1,1
gifmakers,1,1
rebeccablack,1,0
NoLOL,1,0
pussyteams,1,1
DVMTO,1,1
rent,1,1
thedailypos,1,1
GeorgeForeman,1,1
Marc,1,0
Evil,1,1
truthofthetruth,1,0
Scarymovies,1,0
Havre,1,1
elbdudler,1,0
thetachi,1,1
icanrelatetothis,1,1
GreenDealUK,1,1
xbox720,1,0
SaintPetersMO,1,0
Bowdoin,1,0
Ninjas,1,1
weedporn,1,1
area_fifty_one,1,1
lolfuckyoualan,1,0
floodforum,1,1
timewarnercable,1,1
Prayer,1,0
alchestbreach,1,0
AfterLifeProTips,1,1
ausware,1,0
NoubarGoneWild,1,0
paydayloantallahassee,1,1
StatusKuo,1,1
amrc,1,1
cheesyjokes,1,1
DebatePolitics,1,0
Migrow,1,1
Animism,1,1
ctcj,1,1
mr4mr,1,1
Spinone,1,1
runwayfashion,1,1
ios6,1,1
QuotesPornJerk,1,0
picunrelated,1,1
Delaneys_Rant,1,1
sevendollararmani,1,1
JVInformatica,1,1
Rebelution,1,0
vikingmetal,1,1
9FA,1,1
japanesehardcore,1,1
DragonMario,1,1
Payphone,1,1
Team_Turkic,1,0
harveybirdman,1,1
LolCakeLazors,1,0
occupyaustin,1,1
marketingploys,1,1
dragonleaguenorth,1,1
celebrate,1,0
POOP_IN_MY_POOP,1,1
thebookofpureevil,1,0
catswithboobs,1,1
ELIAustralian,1,0
1500badcreditloans,1,1
Bestof2100,1,1
girlswearingsneakers,1,1
steelpan,1,1
tbs,1,1
bot_testing_subreddit,1,1
bogalusa,1,1
FNVRolePlay,1,0
ipadwallpapers,1,1
RoomTours,1,1
ClashofHeroes,1,1
Ass_and_Titties,1,1
BabyBump,1,1
RealLifeHeroes,1,1
treez,1,1
PokemonTowerDefence,1,0
forumgames,1,1
BestOf2035,1,0
eyesinspace,1,1
VIJAY,1,1
ThisIsBullshit,1,0
antiracism,1,1
Instrumentals,1,1
skyworld,1,0
SonyVegasMovieStudio,1,0
treepapers,1,1
unicorn,1,1
LoansInstallment,1,1
Costanzajpg,1,1
Banners,1,1
utwente,1,1
SGS2,1,1
ScrewAttack,1,0
cray,1,1
mathslovers,1,1
PoorlyTimedPhotos,1,1
foamy_the_squirrel,1,1
stepdads,1,1
guillermo,1,0
trippynation,1,1
givemeupvotes,1,1
weaving,1,1
Hawnk,1,1
12345,1,1
Mpower,1,1
KayakTouring,1,0
uselessgifts,1,1
rpgZenMaster,1,0
Kory,1,1
neowindotnet,1,0
SimStories,1,1
Sir,1,0
PumpUpMusic,1,1
kim_jong_scape,1,1
ExmoBot,1,0
fader,1,0
askclinical,1,1
RapidCity,1,0
base36,1,1
bestofindia,1,1
chai,1,1
SpanishImmersion,1,1
Asgard,1,1
bodybuildingdotcom,1,0
Magazines,1,1
PolitikosVideos,1,1
tempfreeze3371,1,0
CampFireStories,1,1
MilitaryNews,1,1
OregonDucks,1,1
OldBooks,1,1
PoohBear,1,1
growweedeasy,1,1
Edd,1,0
rcmania,1,1
MichaelJacksonFans,1,0
LiDAR,1,1
terror,1,1
iamastupidbitch,1,1
RedditInTheFuture,1,1
Funch,1,1
Virology,1,1
RealUFOs,1,0
hackernews,1,1
NotarySojac,1,1
viceguide,1,1
shit_my_coworker_says,1,1
chorbin,1,0
TrueFallout,1,1
paralleljerk,1,1
Valves,1,1
gage_golightly,1,1
thanatology,1,1
primeinstantvideos,1,1
FranciaRaisa,1,1
TrailerMusic,1,1
ExplainLikeImHigh,1,1
ShittyTheoryOfReddit,1,1
parks,1,1
PokerForBeer,1,1
hughjackman,1,0
imsa,1,1
dumbbitch,1,0
keyboardcirclejerk,1,1
danl,1,0
Model,1,1
MMATTB,1,0
belleville,1,1
openoffice,1,1
byuidaho,1,1
urkeldance,1,0
over9000,1,0
horseswithbirdlegs,1,0
EarlGreyTea,1,1
jozeffailsatlife,1,0
ESFJ,1,1
IceGriefers,1,0
Vinesauce,1,0
playa,1,1
DryerLint,1,1
p90x2,1,0
lancia,1,1
r4rchat,1,0
boltedonlips,1,1
PSBYL,1,1
Fluminense,1,1
metaIdleNoMore,1,1
stonerboner,1,0
interactiveskyrim,1,1
yeastinfection,1,1
expatragedump,1,1
ponycreator,1,1
products,1,1
asian_masculinities,1,0
TheBoondocksBootleg,1,1
lactics,1,1
Feudalism,1,1
Im14andThisIsNigger,1,1
Forth,1,1
JeremyJohnWade,1,0
toast,1,0
quora,1,0
Borb,1,1
egl,1,1
NRV,1,0
beads,1,0
ESTJ,1,1
TCSBookclub,1,0
bedchambers,1,1
Homecoming2009,1,1
HitchHike,1,0
TheGoodOnes,1,1
countingcrows,1,0
willsmith,1,1
Atreyu,1,1
Kazoo,1,1
Mankind,1,1
feelstories,1,1
DesignCollection,1,1
FilthyFrank,1,0
AccountOrphanage,1,1
Esotericism,1,1
pedals,1,1
stunts,1,0
theculturedfratboy,1,1
InanimateAMA,1,1
teamfortressclassic,1,1
sanbernardino,1,1
gamingwallpaper,1,1
NanoReefAquariums,1,1
MissHannahMinx,1,1
DrFernandoAlmeida,1,1
failuresincapitalism,1,1
ExitStories,1,0
Prizes,1,1
niggersgonnanig,1,1
AUC,1,1
BPDtruth,1,1
LanguagePals,1,1
bathroomstall,1,1
wadsworth,1,1
piratepartyofcanada,1,0
rivethead,1,1
corona,1,0
Bestof2089,1,1
onewiththegiraffe,1,1
Clownporn,1,1
Pineapples,1,0
mission_hill,1,1
TheGame,1,0
SpaceKisses,1,1
askTheology,1,1
TimeToRelax,1,1
buttz,1,0
ArcaneLegends,1,1
musicinstructor,1,1
sexandthecity,1,1
GERD,1,1
microsoftfanboys,1,1
AirsoftPhotos,1,0
prorock,1,1
Yugoslavia,1,1
MusicTechnology,1,1
tesoljobs,1,1
layovers,1,1
conjurosmagicos,1,1
Logboook,1,1
qwvv680,1,0
Brohirrim,1,1
Zeldasecrets,1,1
peopleofnote,1,1
RuinPeoplesHeroes,1,1
SaginawBay,1,1
Economist,1,1
ReactionVideos,1,1
sportscars,1,0
gonewld,1,0
santarosatrees,1,1
brooklyndecker,1,0
webappsec,1,1
Cinephiles,1,0
reaktor,1,1
AskTheologians,1,1
BostonLooksNice,1,1
Bilderberg,1,1
circlewoosh,1,1
NPD,1,1
nsfwvideo,1,0
kom,1,0
thejusticeleague,1,1
Existentialist,1,0
ZixxAbroad,1,0
auctions,1,0
Amesbury,1,0
scrabblehelp,1,1
SiriAmA,1,1
CGI_Racing,1,1
junktest41,1,0
farmingporn,1,1
SEEED,1,1
PrettyInteresting,1,1
dinheironainternet,1,1
TheeHive,1,1
LesbiansGoneWild,1,1
GriefersUnited,1,1
moviereviews,1,1
MockingbirdLane,1,1
Deepfeels,1,1
restaurantreview,1,1
Candida,1,1
Photographyhelp,1,1
nut_twitch,1,0
happenseveryday,1,1
breadporn,1,1
Sager,1,1
FlyingPasta,1,1
Nepenthes,1,1
drumset,1,1
Whovianminecrafters,1,1
pornnations,1,1
SkyrimSuggestions,1,1
cherokee,1,1
CODSniping,1,1
roomba,1,0
Sparklehorse,1,1
FIFACOYS,1,0
justlikethekennedys,1,1
XCracing,1,1
Taranaki,1,1
minecraftporn,1,1
G2B,1,0
AnimalIntelligence,1,1
demoreels,1,1
ecigwholesale,1,1
CisRightsActivists,1,0
cockandshaft,1,0
forthefun,1,0
StaticX,1,0
Fartpoems,1,0
PoemsAboutFarting,1,0
indoorgardening,1,1
Blockland,1,1
GolfGTG,1,1
worldinconflict,1,0
filk,1,1
resumereview,1,1
Wodehouse,1,1
Afroman,1,1
mutty,1,1
bills,1,0
LUCU,1,1
TheEmptySubreddit,1,1
melker,1,1
Wickedshrapnel,1,1
PhoenixUni,1,0
SiteDown,1,0
Wawa,1,1
askbrony,1,0
YachtsOnlyLikeOceans,1,1
lowddit,1,1
notes,1,1
NSBM,1,0
vegetableswitheyes,1,0
INM,1,0
Hanggliding,1,1
paydayloaninus,1,1
12MontLoansOnline,1,1
SouthbySouthwest,1,0
6music,1,1
extremelyinteresting,1,1
lance,1,1
Adults,1,1
gentlemansrights,1,0
lifelessons,1,1
ArmsControl,1,1
ClubBabySeals,1,1
OrigamiPorn,1,1
consultancy,1,1
matthewgood,1,1
middlename,1,1
WheatonCollege,1,0
funnydrummer,1,1
Good_Cop_Yes_Donut,1,1
MyLittleCaptionErrors,1,1
Rumah,1,1
thenoobleague,1,1
smallamountloans,1,1
Frek,1,1
Adsense,1,1
hanoi,1,0
PleaseGoFuckYourself,1,1
alexkingston,1,1
BrittneyPalmer,1,1
SaveIt,1,1
ColdReading,1,1
qualitycringe,1,0
AnonAdvice,1,1
Funnel,1,0
WomenWearingShorts,1,1
MichaelFranti,1,1
Kurtonium,1,0
paydayloansnocheck,1,1
cuteguysyawning,1,0
paydayloansus,1,1
cutiepics,1,0
keefsmokers,1,1
wisp,1,1
pyro,1,0
RetroCityRampage,1,1
vex,1,0
haxe,1,1
ACSMemes,1,1
prophotographer,1,0
noccloansbaltimore,1,1
JAXSharks,1,1
neumontPlusPlus,1,1
Redd,1,0
applicatiesnl,1,1
NicoleScherzinger,1,1
muricafuckyeah,1,1
badhairday,1,1
modlesssub,1,1
benadryl,1,1
Uniforms,1,1
Tripod,1,1
eatsandwitches,1,0
Gullible,1,1
WildWorkbench,1,1
MLPLoungeSector0,1,0
myanmar,1,1
girlsinsweatpants,1,1
Technologies,1,1
DrumCovers,1,1
BestGamesEver,1,1
fountainvalley,1,1
gtfb96,1,1
makeupeffects,1,0
Theneedfornerd,1,1
chansync,1,1
Skrblr,1,1
PCenthusiasts,1,1
militarysex,1,0
InternetHistory,1,1
ginewild,1,0
iphotoshopped,1,1
dodgedart,1,1
novscraftcirclejerk,1,1
iamafastfoodemployee,1,1
TobiasFunke,1,1
seedsaving,1,1
microphones,1,1
GingerBeards,1,1
Parappa,1,1
spankingvids,1,1
muskogee,1,1
conformism,1,1
dryders,1,1
fifthworldpolitics,1,0
Aether,1,1
qantas,1,0
RedditRelated,1,1
DaytonaBeach,1,1
rileyclubhouse,1,1
Falkreath,1,1
IHateDesertBases,1,0
Ynohtn3,1,1
BASEjumper,1,1
PMS,1,1
circlehurt,1,0
furby,1,1
iJevin,1,1
spacekittens,1,1
stephenlynch,1,1
luelinks,1,0
theholders,1,1
jessyschram,1,1
pokemononline,1,1
tigerswithbeaks,1,1
ClaireHolt,1,1
PTD,1,1
bestof3013,1,0
beatnik,1,1
nfsmw,1,0
chubbyguys,1,1
HarrisburgPA,1,1
Tapestry,1,1
customholsters,1,1
se7ensins,1,0
NetLogo,1,1
P7I12,1,1
Volibear,1,1
allnyc,1,0
sun,1,1
MLPpics,1,1
indescriptum,1,1
DecaturGA,1,1
Closet,1,1
Oshkosh,1,1
aprilfoolsday2011,1,1
DearReddit,1,1
GreenManGaming,1,1
WauwatosaWI,1,0
glassart,1,1
JJWatt,1,1
forzajerk,1,1
pENTstate,1,0
imgayandproud,1,1
mordheim,1,0
Murika,1,1
dev1tv,1,1
nuclearstorm,1,0
WorldOfDarkness,1,1
MaidCafes,1,1
setonhalllaw,1,0
Overwolf,1,1
councilbluffs,1,1
micronation,1,1
CrueltyFreeCosmetics,1,1
webtools,1,1
frequentfliermiles,1,1
NewToReddit,1,1
TheOtherSpin,1,1
explainlikeimfour,1,1
collegehumor,1,1
omfgwtf,1,0
nowheretopost,1,0
stoned,1,0
Abandoned_houses,1,0
GreatExpectations,1,0
MinecraftPVP,1,1
leannecrow,1,0
TOMS,1,1
victorianjauntyangles,1,1
Procrastinations,1,1
SpinalTap,1,1
Ponydom,1,0
dapper,1,1
halfwaythroughasos,1,0
MusicalMinecraft,1,1
Bitcoincirclejerk,1,1
RapidHiker,1,1
nothenonion,1,1
Playstation1,1,1
SeattleGraffiti,1,1
nail,1,1
Unproductive,1,1
Howitshouldend,1,1
priceAgoody,1,1
Crashtastic,1,1
angryworkchat,1,0
Ultrafire,1,0
CanadaFilmmakers,1,1
tvshow,1,0
SacajaweaMS,1,1
Kendamas,1,1
octodad,1,1
jeroencomics,1,1
palettestorage,1,1
Thighs,1,1
freakouts,1,1
RandomActsOfGold,1,0
nickdrake,1,0
wischi,1,1
SXSW,1,1
DebunkingAtheists,1,1
scenes,1,1
corgis,1,1
Hopewelljunction,1,1
blakpat,1,0
Tech_Support,1,0
ices,1,0
nzbrefuge,1,1
tylormansur,1,1
Skatebording,1,0
Hamza,1,0
KarmaCongress,1,1
SierraMcCormick,1,0
HathawayApartmentsLBC,1,1
CelebrityDeadPool,1,1
niceguy,1,0
sixtwentyninepm,1,1
skeptical,1,0
G4G,1,1
rookieblue,1,1
OlympicPorn,1,1
slumping,1,0
KelseyChow,1,1
Lewis_Digges,1,0
ReneeLand,1,1
JUST_LOGGED_IN,1,1
spankbank,1,1
FuckMyEx,1,1
trumanstate,1,1
sarajevox,1,0
superheros,1,1
YoutubeCommentGold,1,0
ChicagoAnythingGoes,1,1
DanceStudies,1,1
VirginMedia,1,1
southbankredditors,1,0
GeekySexyCool,1,0
Finally,1,1
BBCLuther,1,1
ProperPictures,1,1
thebiggestloser,1,1
rate,1,0
survarium,1,1
LPHipsters,1,0
ashow,1,1
YAYA,1,1
VancouverSeddit,1,0
Nexuiz,1,1
runforyourlives,1,1
about,1,1
WI_Boonies,1,1
solarsystem,1,1
Christanity,1,1
DABOMBDIGGITY,1,1
mildconfrontations,1,1
PCGamingWiki,1,1
WIT,1,1
redbarrels,1,1
RustyRobotsCat,1,1
SashaPieterse,1,0
enter,1,0
teamsleep,1,1
Gassavers,1,0
atheistguns,1,0
capitolhill,1,1
FlashFlashRevolution,1,1
Churro,1,1
designerly,1,1
HorseHead,1,0
EmpireGoneWild,1,1
FirstOrderOfLosers,1,1
entertaining,1,1
personality_tests,1,0
thecomedybutton,1,1
historicalcatlovers,1,1
fuckyeahsport,1,1
Two_Steps_From_Hell,1,1
shitpeoplesay,1,1
blood,1,1
irishsetter,1,0
unfoundtalent,1,0
sportsbet,1,1
birdswithpeoplebodies,1,1
diytailor,1,1
BirdTeamsBrotherhood,1,1
RedditAsylum,1,1
companyreviews,1,1
cachatfanfic,1,0
dystopia,1,0
BaltimoreForHire,1,0
meninblack,1,0
filmlists,1,1
theshaft,1,1
OMGYUMYUM,1,0
doyoulikewaffles,1,0
Giesecke,1,1
Guy,1,1
healthcarereform,1,1
Homesteaddit,1,1
urmenz,1,1
DoorCounty,1,1
CR7,1,0
wtfmusic,1,1
andersoncounty,1,1
R4R_teens,1,0
dndnext,1,1
ChristEnts,1,1
theherst,1,0
SierraCollege,1,1
pharmacyreviewers,1,1
Medway,1,1
Feedback,1,0
elitegames,1,1
gifstories,1,1
cookmesomething,1,1
marvelcomics,1,1
redditconspiracy,1,0
URW,1,1
compositionstudies,1,1
meridian59,1,1
SaraJeanUnderwood,1,1
TheBible,1,0
ea_ufc,1,1
blackvixens,1,0
DickJokes,1,1
singlefins,1,1
vessels,1,1
DoctorWhoBooks,1,0
SGFoodBlog,1,1
firstworlddogproblems,1,1
umaine,1,1
BibleBelievers,1,1
7tsp,1,1
r4rQuebec,1,0
suatmm,1,1
Pedantry,1,1
Epic40k,1,0
NPnose,1,1
YouAreDrunk,1,1
ksphoto,1,1
kingarthursgold,1,1
redundant,1,0
foodscat,1,1
duncanslippers,1,0
InstaFrontPage,1,1
LeagueGK,1,1
FemaleRights,1,1
denzelwashington,1,1
LumberJack,1,1
dinosaursandpancakes,1,0
Putin2012,1,1
NaomiScott,1,1
acists,1,1
celebrityfakes,1,0
Monster,1,1
Necklace,1,1
freestylerap,1,1
Wonderfalls,1,0
TheEricAndreShow,1,1
HudsonOH,1,0
RoadRallys,1,1
ChattTech,1,1
nfty,1,1
ruthless,1,1
Scalemodel,1,1
niggaplease,1,1
learnkorean,1,0
AskYoda,1,0
MinecraftModPacks,1,1
Diets,1,1
Cutters,1,1
RomanianHouse,1,1
texasfilmmakers,1,0
thoughtbox,1,0
SportsExchange,1,0
bloomberg,1,1
Teamherosquad,1,1
LesTwins,1,1
stocktwits,1,1
reddithighlighters,1,1
Lyricist,1,1
VapingInPhoenix,1,1
carAVclassifieds,1,1
GPC,1,1
hotbebs,1,1
pystroke,1,1
Autobiography,1,1
yourfav,1,1
HotMILFs,1,1
ACfanfic,1,1
find,1,1
blooddonation,1,0
CubiclePorn,1,0
notangry,1,1
HorseHat,1,1
sexylookbacks,1,0
publictransit,1,1
yumbud,1,1
economie,1,1
CatswithLightsabers,1,1
starcrfat,1,1
painmed,1,0
resellprofits,1,1
Treebangers,1,1
snowmobile,1,1
InteriorCrocAlligator,1,1
Valentine,1,1
Quickscoping,1,1
NukeZone,1,1
aphrolift,1,1
neildegrassetyson,1,1
Italia,1,1
largeformat,1,1
lakeforest,1,1
Skylerisafaggot,1,1
longhairs,1,1
cikani,1,1
imfabulous,1,0
SuperMario64,1,1
alien,1,1
AmericanOutlaws,1,1
nmfg,1,1
soule,1,1
roads,1,1
40Plus,1,0
womenwithguns,1,1
OccupyLondon,1,1
truetrueatheism,1,1
newgroundsjams,1,1
Thegatorbeak,1,1
Toolboxporn,1,1
streetviews,1,1
HollyMichaels,1,1
mechwarrioronline,1,1
cockneyrhymingslang,1,1
LeeHi,1,1
Ijusthadsex,1,0
CasaGrandeArizona,1,0
thisissilly,1,1
SapphireStone,1,1
Ghosthangout,1,1
jules,1,1
lolhentai,1,1
davidson,1,0
walnutcreek,1,1
ImCold,1,0
metahhcj,1,1
TroyU,1,0
Surprise,1,1
cloudchaser,1,1
cojoco,1,0
SpaceDick,1,0
IndiaEdu,1,1
priorities,1,1
TodayIMeta,1,1
JamesKite,1,1
Infiniminerreddit,1,1
Tern,1,1
Dylan_the_Villain,1,0
MagicEye,1,0
Dakewlguy,1,1
PlaceToBitch,1,0
hiddenllama,1,1
loldudester,1,0
GoProMarket,1,1
fightthelight,1,1
sellmystuff,1,1
hokies,1,1
naturalpenis,1,1
Fisgando,1,1
alltuckeredout,1,0
malepatternbaldness,1,1
Autarchy,1,1
teenagersstoryproject,1,0
PedicabATX,1,1
smiles,1,1
askadyke,1,0
NNJG,1,1
Aztecs,1,1
p2pfoundation,1,1
metadolantest,1,1
uppit,1,1
BGKumbi,1,1
Jakeman,1,1
makerfaire,1,1
yorktown,1,1
King,1,1
laurentian,1,0
AGOA,1,1
Robocop,1,1
MrBeary,1,1
mchardcore,1,1
NearDeathExperiences,1,1
Ultraista,1,1
SamanthaBoscarino,1,1
PostHarcoreNews,1,0
jedi_council,1,1
LikeMyFacebookPIC,1,0
cromge,1,1
Doesshecare,1,1
kelly,1,1
RealityKings,1,1
dolansightings,1,1
tennispartners,1,0
SaanichPD,1,1
VeganDating,1,1
WomenInFilm,1,0
brandythestripper,1,1
YouTubeChannel,1,1
dispatch,1,1
mk9,1,0
IconForHire,1,1
ELAC,1,0
DemocracyWatch,1,1
static,1,1
TheDropBox,1,1
drawreddit,1,0
SurplusEngineering,1,1
Valparaiso,1,1
mineways,1,1
Recettear,1,0
towerwars,1,1
CrashesBentShlong,1,1
Modestep,1,1
amumu,1,0
mocktheweek,1,1
MyLittleNoArt,1,0
raptorjesus,1,1
taylorlautner,1,1
Jakster,1,1
angst,1,1
WebsterNY,1,1
EagleScoutsOnReddit,1,1
laughinglizards,1,0
iamfuckingweird,1,0
CAHrefs,1,1
DLGOKN,1,1
vitahacks,1,0
TalesFromFastFood,1,1
Greens,1,1
thisismyjob,1,1
TABooty,1,0
ebaysucks,1,0
theshadowlands,1,1
truestarwars,1,1
immature,1,0
Seasonedsmokers,1,1
Moosters,1,1
iamduckypractice,1,0
TeenBodybuilding,1,0
1111,1,1
repostfortress,1,1
Hayward,1,1
ASSMED,1,1
futurebeatstest,1,1
gonewildnoass,1,0
nightmaremoon,1,1
drawmesomething,1,1
WeddingPhotography,1,1
Destrozz,1,1
ihatemylife,1,1
WishIWasTenAgain,1,1
Shaskel,1,1
nakedmen,1,0
drawception,1,1
needforspeedworld,1,0
Trick,1,1
bigwallpapers,1,1
smet,1,1
Agreeable,1,1
fado,1,1
occupyportland,1,1
wmnf,1,1
letsgotodanceclass,1,0
ColonialMarines,1,1
NakedYoga,1,1
SanDiegoClassifieds,1,0
adops,1,1
blackgirlbeforefight,1,0
DylanMoran,1,1
highvoltage,1,1
AscensionOmaha,1,1
compmathneuro,1,0
davmandave,1,1
RapGenius,1,1
ChickenOnARaft,1,1
Antique,1,1
vault713,1,1
tylerstopignoring,1,1
Namecoin,1,1
HoverBeArds,1,0
asianhoneys,1,1
DarkCloud,1,1
StarWarProblems,1,1
moosejaw,1,1
wheniwasakid,1,1
LegionsGames,1,1
ReasonProduction,1,0
spiritscience,1,1
theismlol,1,1
freddiegibbs,1,1
insideCFS,1,1
Smoofer,1,1
hexagons,1,1
Empireminecraft,1,1
Lewd,1,1
QueerGaymers,1,1
magictcgcirclejerk,1,1
lucillebyrd,1,1
cheechee,1,1
uncannyvalley,1,1
BarefootHiking,1,1
Outernauts,1,1
shittypolitics,1,0
mymetalittlepony,1,0
merton,1,1
nyg,1,1
worstwebsites,1,0
drawme,1,0
RapeHumor,1,1
hastingsne,1,0
emergency,1,1
chexmix,1,1
MitraStudy,1,1
Listnerd,1,1
AnnaFaris,1,1
lebohigh,1,0
JerkOffToCDB,1,1
Millarworld,1,0
NewRedditRepublic,1,1
kitty,1,1
rotmggonewild,1,1
molestache,1,1
uncomfortabletruths,1,1
CTWhale,1,1
noshowtesties,1,0
firstworldcatproblems,1,1
abstractgames,1,1
teamlast,1,1
DebateaCapitalist,1,1
elenliedanime,1,1
Mittlerjerk,1,0
SalvadorDali,1,1
Gremlins,1,1
iontophoresis,1,1
TaylorLautnerNews,1,1
theblockheads,1,1
Bachelorparty,1,1
DeepFried,1,0
thingstodowhilehigh,1,1
AwesomelyBad,1,0
MichelleRodriguez,1,0
churchofchrist,1,1
Tweak,1,0
Seerio,1,1
clone,1,1
fuckurshitmetallica,1,1
The_Turk2,1,0
kinect2,1,1
TAMUK,1,1
redditcode,1,1
WaterPokemon,1,1
Happytimes,1,1
JulieBowen,1,0
circlejerklist,1,1
hitchikersguide,1,1
canineadventure,1,1
treecoders,1,1
forexforex,1,1
retromusic,1,0
SSGalaxyEvents,1,1
PICKELHAUBE,1,1
spacesfec1958,1,0
emtcj,1,1
12312012,1,1
phreaking,1,1
doorfoxxyandwhaleshit,1,1
KimPossiblePorn,1,1
Wrestinggifs,1,0
vagrant,1,1
tmns,1,1
madstacks,1,1
NaturalBuilding,1,1
dewcepticons,1,1
JeremyClarkson,1,0
captainplanet,1,1
ManOfSteel,1,1
rozenmaiden,1,1
downvote,1,0
youngjusticeinvasion,1,1
Belief,1,1
SoCalAirsoft,1,1
ostrichesbeta,1,1
MMAlight,1,1
Therealleaguefx,1,1
Vishal,1,1
crockett,1,1
freeupvote14,1,1
Orbiter,1,1
Progeria,1,1
ReelToReel,1,1
FpsHawk00,1,1
Delshad,1,1
dosbox,1,1
ITIL,1,1
roadcycling,1,1
Kermit,1,0
Ateism,1,1
OptimistJar2013,1,1
mindmapping,1,1
shoutout,1,1
notquiteska,1,0
23andme,1,1
bandmusic,1,1
lemurs,1,1
Poetas,1,1
DallasMeetups,1,1
scishow,1,1
ReadyClickAndGo,1,1
templeofswole,1,1
worstof2013,1,1
Dabs,1,0
chilli,1,1
foreverbronze,1,1
BeersGoneWild,1,1
michaelsucks,1,1
WarOfTheImmortals,1,1
Mycoporn,1,1
apphysics,1,1
Codemon,1,0
TransGoneWild,1,1
awkwardpenguin,1,1
slsk,1,1
IFuckingLoveGiraffes,1,1
TheKilling,1,1
PornConventions,1,1
Coveiro,1,1
ContactImprovisation,1,1
raulmenendeztips,1,1
Ponyfags,1,0
ElPasoBeer,1,1
AlexSucks,1,1
uglybabies,1,1
GuiltyCrown,1,1
CanadaImmigration,1,0
Ricky_Jean,1,1
CanadianNews,1,1
getscared,1,1
rotr2013,1,1
t:tomorrow,1,1
shirtcolors,1,0
homemovies,1,0
SFFU,1,1
abeo,1,1
Trigun,1,0
metaKarmaConspiracy,1,1
SXM,1,1
stata,1,1
shpoons,1,1
canoneos,1,0
AskMarketing,1,1
Haircare,1,0
porterrobinson,1,0
Wish,1,1
Englewood,1,1
Cheers,1,1
ThoriumRemix,1,0
MaelstromTekkit,1,0
systemwars,1,1
ATeam,1,0
Sang,1,0
askspacedicks,1,1
Solowheel,1,0
selfpolitics,1,0
mattdodd,1,1
guardsofmiddleearth,1,0
Tipper,1,0
canyoufind,1,1
SingleDads,1,1
partymansion,1,1
diamondjerk,1,1
stopredditing,1,1
cups,1,1
slingbox,1,1
masonbuckyall,1,1
jamkordz,1,1
hosmok,1,1
CARVERitUP,1,1
Menspot,1,1
KennyLoggins,1,1
affectionados,1,1
TheEricBooth,1,1
justwondering,1,1
TheSilmarillion,1,0
MenFuckingHelicopters,1,1
PinkTacos,1,1
crazycommunism,1,1
areyouawizard,1,1
Pawngame,1,1
additive,1,1
tampagay,1,1
CircleSuicideWatch,1,0
consentism,1,1
Branden,1,0
fashionstargalaxy,1,1
save_it_for_later,1,1
mazdaspeed6,1,1
LetsInventStuff,1,1
watchthisUK,1,1
wowscreenshots,1,1
save_it_fot_later,1,1
TapLineVetReport,1,1
BadArt,1,1
CapeRATS,1,1
Chinagirl,1,1
OccupyBoston,1,1
snobs,1,0
TackyRapAlbumCovers,1,1
jamesfranco,1,1
MCDrugs,1,1
NewPORN,1,1
Dressage,1,1
Piss,1,1
porn1,1,1
NintendoVirtualBoy,1,1
GrandPrix,1,1
SRSNews,1,1
pancakecity,1,0
Stolen,1,1
kidsbooks,1,1
killzone,1,1
RomanHistory,1,1
infomercialacting,1,1
pict,1,1
plasmaspeaker,1,1
meded,1,1
BrassMonkey,1,1
TransmediaStories,1,1
3800,1,1
EASHL,1,1
hardtimesofrjberger,1,1
pharm,1,1
babyfur,1,1
RoseByrne,1,0
WestAllis,1,0
AnimeReviews,1,1
Hak5,1,0
epixvids,1,1
GCSF,1,0
cardboard,1,1
Phillyriders,1,1
Advisery,1,0
historyofmedicine,1,1
OrchestralPercussion,1,1
writingcontests,1,0
TeenageTales,1,0
chaves,1,1
Superjacked,1,1
OurOnlineCommunity,1,0
FilmIndustryLondon,1,1
HIM,1,1
gonewildfeet,1,0
ForeverAvailable,1,1
Pipes,1,1
kentcountyRI,1,0
OpEd,1,0
NcaaStrategies,1,0
dataviz,1,1
Elevators,1,1
Compliments,1,1
klaine,1,1
MSArtschool,1,1
Nox,1,0
ison,1,1
Forest,1,1
vehicle,1,1
owncloud,1,1
RapingRetards,1,1
newyearsresolutions,1,1
PatchTuesday,1,1
SnooPorn,1,1
orienteering,1,1
HighspeedGifs,1,1
MarketingAdvice,1,1
coffeejerk,1,1
Cata,1,0
DirectAction,1,0
chapolin,1,1
rapefantasies,1,1
wvents,1,0
fallout3,1,1
rapingmen,1,1
photobooths,1,1
skoda,1,0
iGoogle,1,1
beakers,1,1
slowinternet,1,0
rainbowgathering,1,1
GayPics,1,0
Etherpad,1,1
psychopath,1,1
Accountancy,1,1
AskRedditJerk,1,1
Christiania,1,1
newcollege,1,1
Boro,1,1
loadouts,1,1
cybermonday,1,1
paraplegicsexpuns,1,1
eloallday,1,1
szioutsourcing,1,1
tism,1,1
andrewHilmer,1,0
ThisGuy,1,1
codelyokoevolution,1,1
ThatFeeling,1,0
LinkBait,1,1
andrewsadventuretime,1,1
techsupportcirclejerk,1,0
AlexisKnapp,1,0
Towels,1,1
RagnarokOnline2SEA,1,1
refreshing,1,1
worlddomination,1,0
WWJW,1,1
bronco,1,0
BiggButtBoyzz,1,0
biden,1,1
dancemusicproduction,1,1
jonhamm,1,1
FOTOSOTP,1,0
pie,1,0
Skagway,1,1
AnarchoArtistry,1,0
Ratt,1,1
Kitsap,1,1
debitcardloansuk,1,1
SystemsTheory,1,1
frameworks,1,1
businessloansforwomen,1,1
Wigan,1,1
bootstrapping,1,1
mu4ch,1,1
2XFantasyFootball,1,1
Streams,1,1
nba2,1,0
Budgeting,1,1
Jennamarbles,1,0
crappymusicvideos,1,1
Loaft,1,1
Amersfoort,1,1
EqualRightsBitch,1,0
sociallyawkwardtales,1,0
gedhelp,1,1
hawaiitrees,1,1
miketrout,1,1
georgetakei,1,1
kimkardashian,1,1
zoos,1,1
ProgMusic,1,1
reuseit,1,1
spoiler,1,1
Morphine,1,1
STOKE,1,0
thief4,1,0
COS,1,0
RealHeroes,1,1
vectors,1,1
JapanJobs,1,1
Celebritybikini,1,0
Legogames,1,1
Musings,1,1
incredibowl,1,0
Owens,1,1
Loony,1,1
highschoolsports,1,1
TournamentOfMemes2,1,1
anaalius,1,1
RoMetaCirclejerk,1,1
FestiveBuffBanner,1,1
abdlstories,1,1
VirziBrothers,1,0
N3RD,1,0
newyear,1,1
antiatheism,1,0
Kankabourbley,1,1
Cheato,1,1
BostonCircleJerk,1,1
BlargHonk,1,1
InsanityWolf,1,1
Michael,1,1
Kenyans,1,1
JohnCena,1,1
BayRiders,1,1
consolehomebrew,1,1
denveru,1,1
surrealhdr,1,1
afraidofthedark,1,1
DearPrincessCelestia,1,1
mainents,1,0
koding,1,1
ZoneoftheEnders,1,1
License,1,1
aspies,1,1
abbotsford,1,0
derrenbrown,1,1
findmylookalike,1,0
loanswithinstallments,1,1
coronationstreet,1,1
MisadventuresFlapjack,1,1
AfterTheEnd,1,1
bucerias,1,1
4ldj,1,1
OracleUnix,1,0
mikeisafuckingretard,1,1
AustinRP,1,0
SugarBombs,1,1
Edinburg,1,0
tamriel,1,0
aceofangels,1,1
fappersdelight,1,0
animecentral,1,0
vorgom,1,1
Navigation,1,1
Craftrim,1,1
coverphotos,1,0
SHITTYkarmaconspiracy,1,1
Paranocxium,1,1
Chinavisa,1,1
trres,1,1
miniaturesculpting,1,0
HwangMiHee,1,1
therandoms,1,1
ATV,1,1
Kumar,1,1
clandavid,1,0
Institutional,1,1
hotdudeswithtattoos,1,1
domo,1,1
MWOHUH,1,1
KansasCityRoyals,1,1
MDEnts,1,1
palmistry,1,0
DinosaursFucking,1,0
CookieMonster,1,1
proclamations,1,1
reasonforliving,1,0
intro3d,1,1
jerk,1,1
Squidbillies,1,0
Great,1,1
PS3BF3Fantasy,1,1
scottinacatshirt,1,1
bunchesofoats,1,0
firstnations,1,0
gameslist,1,1
moneycats,1,1
thehungergames,1,1
BreakThisCode,1,1
PoopRedditSez,1,0
armsofmitchell,1,1
HotYouTubers,1,1
snapback,1,1
ASX,1,1
Crapoflife,1,0
paullantow,1,1
IRH,1,1
CinemaProjection,1,1
gonewilf,1,0
Aloloum,1,1
MCDetails,1,1
cgnudez,1,1
LANL_Latin,1,1
Moraga,1,1
locs,1,1
Esoterica,1,1
UWPlatteville,1,1
ManmadeEyeCandy,1,0
futuretrap,1,0
minecraftraids,1,0
ChronicMasturbaters,1,1
toaster,1,1
KindleNotes,1,1
Dovnanpls,1,1
getwellsoon,1,1
roomdetective,1,1
TNAImpact,1,1
outpost2,1,1
dotp,1,1
Dunshaughlincc,1,1
SimcityMusic,1,1
computerbuilding,1,1
worldoneoneanarchists,1,0
cuckquean,1,0
CharlotteLongboarders,1,1
IWASHIGH,1,0
MetaExposurePorn,1,0
Shakopee,1,1
VanessaMarano,1,1
dredd,1,0
nigerianpls,1,1
GuessWho,1,1
keyboardshortcuts,1,1
MikuRadio,1,1
gaybrofootball,1,1
ReleaseTheKraken,1,1
carsoncity,1,0
mildlydisturbing,1,1
subaruoutback,1,1
georgiajones,1,1
aoeIII,1,1
shotgun,1,0
PkHonor,1,1
lookwhaticando,1,0
GreatHouseTelvanni,1,1
Youtubeboobs,1,1
robloxbronies,1,0
hiramcollege,1,1
predatorhunting,1,1
tech4you,1,1
aoe3,1,1
AskVegans,1,0
literaturevideo,1,0
beardjerk,1,0
showtunes,1,1
JDMBA,1,1
mylittlesmashing,1,1
flibbertigibbet,1,0
chancesarchive,1,1
WeddingPhotographer,1,1
duelofchampions,1,1
longhairdontcare,1,1
DoubleRainbow,1,1
DealcraftSMP,1,1
teachphilosophy,1,1
Negroes,1,0
menards,1,1
lipogram,1,1
sociize,1,0
partying,1,1
TheRedditScholarship,1,1
edmcollab,1,0
crabs,1,1
NF365,1,1
